League,Game_ID,Game_Date,Fixture_Time_Sydney,Home_Team,Away_Team,Team,Player,Player_Key,Market,Projected_Minutes,Projected_Stat,Projection_P10,Projection_P90,Dispersion,History_Games,Role_Persistence,Role_Games,Role_Minutes_Median,Role_Minutes_MAD,Role_Continuity,Recent_Participation_Status,Games_Played_Last_4,Played_Last_Game,Days_Since_Appearance,Minutes_Trend_Ratio,Returning_Teammate_Risk,Role_Confidence_Status,Player_Training_Through,Status,Lineup_Source,Injury_Scenario,Model_Version,Generated_At_UTC
NBL,/matches/adelaide-36ers-v-melbourne-united-men-07-10-2026,2026-10-07,2026-10-07 07:30 PM AEDT,adelaide 36ers,melbourne united,adelaide 36ers,Bryce Cotton,bryce cotton,points,31.119199272065522,21.930445513305457,12,33,3.4297521615607893,207,0.951539254729372,10,39.241666666666646,1.4750000000000014,1,stable_active,4,TRUE,3,0.9558452481076549,FALSE,stable_active,2026-10-04,scenario_sensitive,official_roster_tracker,in_out_review,player_rate_shrunk_v1,2026-10-06 20:06:20 UTC
NBL,/matches/adelaide-36ers-v-melbourne-united-men-07-10-2026,2026-10-07,2026-10-07 07:30 PM AEDT,adelaide 36ers,melbourne united,adelaide 36ers,Bryce Cotton,bryce cotton,rebounds,31.119199272065522,3.197762986576006,1,6,1.2,207,0.951539254729372,10,39.241666666666646,1.4750000000000014,1,stable_active,4,TRUE,3,0.9558452481076549,FALSE,stable_active,2026-10-04,scenario_sensitive,official_roster_tracker,in_out_review,player_rate_shrunk_v1,2026-10-06 20:06:20 UTC
NBL,/matches/adelaide-36ers-v-melbourne-united-men-07-10-2026,2026-10-07,2026-10-07 07:30 PM AEDT,adelaide 36ers,melbourne united,adelaide 36ers,Bryce Cotton,bryce cotton,assists,31.119199272065522,5.309937607152205,2,9,1.2119611650485436,207,0.951539254729372,10,39.241666666666646,1.4750000000000014,1,stable_active,4,TRUE,3,0.9558452481076549,FALSE,stable_active,2026-10-04,scenario_sensitive,official_roster_tracker,in_out_review,player_rate_shrunk_v1,2026-10-06 20:06:20 UTC
NBL,/matches/adelaide-36ers-v-melbourne-united-men-07-10-2026,2026-10-07,2026-10-07 07:30 PM AEDT,adelaide 36ers,melbourne united,adelaide 36ers,Bryce Cotton,bryce cotton,threes,31.119199272065522,2.748879122129459,1,5,1.3452940448951827,207,0.951539254729372,10,39.241666666666646,1.4750000000000014,1,stable_active,4,TRUE,3,0.9558452481076549,FALSE,stable_active,2026-10-04,scenario_sensitive,official_roster_tracker,in_out_review,player_rate_shrunk_v1,2026-10-06 20:06:20 UTC
NBL,/matches/adelaide-36ers-v-melbourne-united-men-07-10-2026,2026-10-07,2026-10-07 07:30 PM AEDT,adelaide 36ers,melbourne united,adelaide 36ers,Zylan Cheatham,zylan cheatham,points,27.1715545600896,10.857737735878594,4,18,2.8075849731663682,66,0.9477618143188391,10,32.44166666666665,2.5,1,stable_active,4,TRUE,3,0.8893023255813958,FALSE,stable_active,2026-10-04,scenario_sensitive,official_roster_tracker,in_out_review,player_rate_shrunk_v1,2026-10-06 20:06:20 UTC
NBL,/matches/adelaide-36ers-v-melbourne-united-men-07-10-2026,2026-10-07,2026-10-07 07:30 PM AEDT,adelaide 36ers,melbourne united,adelaide 36ers,Zylan Cheatham,zylan cheatham,rebounds,27.1715545600896,7.6266688298537195,4,12,1.4461538461538463,66,0.9477618143188391,10,32.44166666666665,2.5,1,stable_active,4,TRUE,3,0.8893023255813958,FALSE,stable_active,2026-10-04,scenario_sensitive,official_roster_tracker,in_out_review,player_rate_shrunk_v1,2026-10-06 20:06:20 UTC
NBL,/matches/adelaide-36ers-v-melbourne-united-men-07-10-2026,2026-10-07,2026-10-07 07:30 PM AEDT,adelaide 36ers,melbourne united,adelaide 36ers,Zylan Cheatham,zylan cheatham,assists,27.1715545600896,3.393973354621817,1,7,1.8070125223613596,66,0.9477618143188391,10,32.44166666666665,2.5,1,stable_active,4,TRUE,3,0.8893023255813958,FALSE,stable_active,2026-10-04,scenario_sensitive,official_roster_tracker,in_out_review,player_rate_shrunk_v1,2026-10-06 20:06:20 UTC
NBL,/matches/adelaide-36ers-v-melbourne-united-men-07-10-2026,2026-10-07,2026-10-07 07:30 PM AEDT,adelaide 36ers,melbourne united,adelaide 36ers,Zylan Cheatham,zylan cheatham,threes,27.1715545600896,0.5339768885901662,-0,2,1.2,66,0.9477618143188391,10,32.44166666666665,2.5,1,stable_active,4,TRUE,3,0.8893023255813958,FALSE,stable_active,2026-10-04,scenario_sensitive,official_roster_tracker,in_out_review,player_rate_shrunk_v1,2026-10-06 20:06:20 UTC
NBL,/matches/adelaide-36ers-v-melbourne-united-men-07-10-2026,2026-10-07,2026-10-07 07:30 PM AEDT,adelaide 36ers,melbourne united,adelaide 36ers,Ben Griscti,ben griscti,points,3.289703926646606,1.4276578356555956,-0,3,1.222222222222222,7,0.6477655932820212,7,4.33333333333333,1.3500000000000005,0.3,limited_recent_participation,2,FALSE,5,1.6192307692307701,FALSE,rotation_sensitive,2026-10-04,scenario_sensitive,official_roster_tracker,in_out_review,player_rate_shrunk_v1,2026-10-06 20:06:20 UTC
NBL,/matches/adelaide-36ers-v-melbourne-united-men-07-10-2026,2026-10-07,2026-10-07 07:30 PM AEDT,adelaide 36ers,melbourne united,adelaide 36ers,Ben Griscti,ben griscti,rebounds,3.289703926646606,0.595264923439096,-0,2,1.2,7,0.6477655932820212,7,4.33333333333333,1.3500000000000005,0.3,limited_recent_participation,2,FALSE,5,1.6192307692307701,FALSE,rotation_sensitive,2026-10-04,scenario_sensitive,official_roster_tracker,in_out_review,player_rate_shrunk_v1,2026-10-06 20:06:20 UTC
NBL,/matches/adelaide-36ers-v-melbourne-united-men-07-10-2026,2026-10-07,2026-10-07 07:30 PM AEDT,adelaide 36ers,melbourne united,adelaide 36ers,Ben Griscti,ben griscti,assists,3.289703926646606,0.3040204488575445,-0,1,1.4444444444444446,7,0.6477655932820212,7,4.33333333333333,1.3500000000000005,0.3,limited_recent_participation,2,FALSE,5,1.6192307692307701,FALSE,rotation_sensitive,2026-10-04,scenario_sensitive,official_roster_tracker,in_out_review,player_rate_shrunk_v1,2026-10-06 20:06:20 UTC
NBL,/matches/adelaide-36ers-v-melbourne-united-men-07-10-2026,2026-10-07,2026-10-07 07:30 PM AEDT,adelaide 36ers,melbourne united,adelaide 36ers,Ben Griscti,ben griscti,threes,3.289703926646606,0.15367306854013235,-0,1,1.2,7,0.6477655932820212,7,4.33333333333333,1.3500000000000005,0.3,limited_recent_participation,2,FALSE,5,1.6192307692307701,FALSE,rotation_sensitive,2026-10-04,scenario_sensitive,official_roster_tracker,in_out_review,player_rate_shrunk_v1,2026-10-06 20:06:20 UTC
NBL,/matches/adelaide-36ers-v-melbourne-united-men-07-10-2026,2026-10-07,2026-10-07 07:30 PM AEDT,adelaide 36ers,melbourne united,adelaide 36ers,Isaac Humphries,isaac humphries,points,16.95247427731502,9.119661649656981,3,17,3.427213859846836,148,0.6826757709366298,10,19.908333333333303,2.9999999999999964,0.5,limited_recent_participation,0,FALSE,185,,FALSE,rotation_sensitive,2026-10-04,questionable,official_roster_tracker,in_out_review,player_rate_shrunk_v1,2026-10-06 20:06:20 UTC
NBL,/matches/adelaide-36ers-v-melbourne-united-men-07-10-2026,2026-10-07,2026-10-07 07:30 PM AEDT,adelaide 36ers,melbourne united,adelaide 36ers,Isaac Humphries,isaac humphries,rebounds,16.95247427731502,3.861769413808754,1,7,1.582341601746085,148,0.6826757709366298,10,19.908333333333303,2.9999999999999964,0.5,limited_recent_participation,0,FALSE,185,,FALSE,rotation_sensitive,2026-10-04,questionable,official_roster_tracker,in_out_review,player_rate_shrunk_v1,2026-10-06 20:06:20 UTC
NBL,/matches/adelaide-36ers-v-melbourne-united-men-07-10-2026,2026-10-07,2026-10-07 07:30 PM AEDT,adelaide 36ers,melbourne united,adelaide 36ers,Isaac Humphries,isaac humphries,assists,16.95247427731502,0.946502401425497,-0,2,1.2,148,0.6826757709366298,10,19.908333333333303,2.9999999999999964,0.5,limited_recent_participation,0,FALSE,185,,FALSE,rotation_sensitive,2026-10-04,questionable,official_roster_tracker,in_out_review,player_rate_shrunk_v1,2026-10-06 20:06:20 UTC
NBL,/matches/adelaide-36ers-v-melbourne-united-men-07-10-2026,2026-10-07,2026-10-07 07:30 PM AEDT,adelaide 36ers,melbourne united,adelaide 36ers,Isaac Humphries,isaac humphries,threes,16.95247427731502,0.13844541742626926,-0,1,1.2,148,0.6826757709366298,10,19.908333333333303,2.9999999999999964,0.5,limited_recent_participation,0,FALSE,185,,FALSE,rotation_sensitive,2026-10-04,questionable,official_roster_tracker,in_out_review,player_rate_shrunk_v1,2026-10-06 20:06:20 UTC
NBL,/matches/adelaide-36ers-v-melbourne-united-men-07-10-2026,2026-10-07,2026-10-07 07:30 PM AEDT,adelaide 36ers,melbourne united,adelaide 36ers,John Jenkins III,john jenkins iii,points,6.719395254427104,3.089361832977994,1,6,1.5,0,0,0,,,0,limited_recent_participation,0,FALSE,Inf,,FALSE,rotation_sensitive,2026-10-04,cold_start,official_roster_tracker,in_out_review,player_rate_shrunk_v1,2026-10-06 20:06:20 UTC
NBL,/matches/adelaide-36ers-v-melbourne-united-men-07-10-2026,2026-10-07,2026-10-07 07:30 PM AEDT,adelaide 36ers,melbourne united,adelaide 36ers,John Jenkins III,john jenkins iii,rebounds,6.719395254427104,1.215379972261017,-0,3,1.5,0,0,0,,,0,limited_recent_participation,0,FALSE,Inf,,FALSE,rotation_sensitive,2026-10-04,cold_start,official_roster_tracker,in_out_review,player_rate_shrunk_v1,2026-10-06 20:06:20 UTC
NBL,/matches/adelaide-36ers-v-melbourne-united-men-07-10-2026,2026-10-07,2026-10-07 07:30 PM AEDT,adelaide 36ers,melbourne united,adelaide 36ers,John Jenkins III,john jenkins iii,assists,6.719395254427104,0.6336141493668952,-0,2,1.5,0,0,0,,,0,limited_recent_participation,0,FALSE,Inf,,FALSE,rotation_sensitive,2026-10-04,cold_start,official_roster_tracker,in_out_review,player_rate_shrunk_v1,2026-10-06 20:06:20 UTC
NBL,/matches/adelaide-36ers-v-melbourne-united-men-07-10-2026,2026-10-07,2026-10-07 07:30 PM AEDT,adelaide 36ers,melbourne united,adelaide 36ers,John Jenkins III,john jenkins iii,threes,6.719395254427104,0.33183914652203683,-0,1,1.5,0,0,0,,,0,limited_recent_participation,0,FALSE,Inf,,FALSE,rotation_sensitive,2026-10-04,cold_start,official_roster_tracker,in_out_review,player_rate_shrunk_v1,2026-10-06 20:06:20 UTC
NBL,/matches/adelaide-36ers-v-melbourne-united-men-07-10-2026,2026-10-07,2026-10-07 07:30 PM AEDT,adelaide 36ers,melbourne united,adelaide 36ers,Matt Kenyon,matt kenyon,points,12.906838384545422,3.50196116797958,-0,8,3.732001934904291,146,0.8615696145587182,10,14.5583333333333,3.0666666666666496,0.8,stable_active,4,TRUE,3,2.399477806788518,FALSE,stable_active,2026-10-04,scenario_sensitive,official_roster_tracker,in_out_review,player_rate_shrunk_v1,2026-10-06 20:06:20 UTC
NBL,/matches/adelaide-36ers-v-melbourne-united-men-07-10-2026,2026-10-07,2026-10-07 07:30 PM AEDT,adelaide 36ers,melbourne united,adelaide 36ers,Matt Kenyon,matt kenyon,rebounds,12.906838384545422,2.363326068791651,-0,5,1.8227399813606708,146,0.8615696145587182,10,14.5583333333333,3.0666666666666496,0.8,stable_active,4,TRUE,3,2.399477806788518,FALSE,stable_active,2026-10-04,scenario_sensitive,official_roster_tracker,in_out_review,player_rate_shrunk_v1,2026-10-06 20:06:20 UTC
NBL,/matches/adelaide-36ers-v-melbourne-united-men-07-10-2026,2026-10-07,2026-10-07 07:30 PM AEDT,adelaide 36ers,melbourne united,adelaide 36ers,Matt Kenyon,matt kenyon,assists,12.906838384545422,0.7737133614376956,-0,2,1.2,146,0.8615696145587182,10,14.5583333333333,3.0666666666666496,0.8,stable_active,4,TRUE,3,2.399477806788518,FALSE,stable_active,2026-10-04,scenario_sensitive,official_roster_tracker,in_out_review,player_rate_shrunk_v1,2026-10-06 20:06:20 UTC
NBL,/matches/adelaide-36ers-v-melbourne-united-men-07-10-2026,2026-10-07,2026-10-07 07:30 PM AEDT,adelaide 36ers,melbourne united,adelaide 36ers,Matt Kenyon,matt kenyon,threes,12.906838384545422,0.38277172732637843,-0,1,1.2402122015915118,146,0.8615696145587182,10,14.5583333333333,3.0666666666666496,0.8,stable_active,4,TRUE,3,2.399477806788518,FALSE,stable_active,2026-10-04,scenario_sensitive,official_roster_tracker,in_out_review,player_rate_shrunk_v1,2026-10-06 20:06:20 UTC
NBL,/matches/adelaide-36ers-v-melbourne-united-men-07-10-2026,2026-10-07,2026-10-07 07:30 PM AEDT,adelaide 36ers,melbourne united,adelaide 36ers,Nick Rakocevic,nick rakocevic,points,27.353538181563692,13.392874629324954,5,23,4.155199144613739,44,0.9178303355985745,10,24.26666666666665,5.241666666666651,1,stable_active,4,TRUE,3,1.5523479599692078,FALSE,stable_active,2026-10-04,scenario_sensitive,official_roster_tracker,in_out_review,player_rate_shrunk_v1,2026-10-06 20:06:20 UTC
NBL,/matches/adelaide-36ers-v-melbourne-united-men-07-10-2026,2026-10-07,2026-10-07 07:30 PM AEDT,adelaide 36ers,melbourne united,adelaide 36ers,Nick Rakocevic,nick rakocevic,rebounds,27.353538181563692,8.538420856804754,4,14,1.8977791071562105,44,0.9178303355985745,10,24.26666666666665,5.241666666666651,1,stable_active,4,TRUE,3,1.5523479599692078,FALSE,stable_active,2026-10-04,scenario_sensitive,official_roster_tracker,in_out_review,player_rate_shrunk_v1,2026-10-06 20:06:20 UTC
NBL,/matches/adelaide-36ers-v-melbourne-united-men-07-10-2026,2026-10-07,2026-10-07 07:30 PM AEDT,adelaide 36ers,melbourne united,adelaide 36ers,Nick Rakocevic,nick rakocevic,assists,27.353538181563692,1.9703451848753493,0,4,1.2,44,0.9178303355985745,10,24.26666666666665,5.241666666666651,1,stable_active,4,TRUE,3,1.5523479599692078,FALSE,stable_active,2026-10-04,scenario_sensitive,official_roster_tracker,in_out_review,player_rate_shrunk_v1,2026-10-06 20:06:20 UTC
NBL,/matches/adelaide-36ers-v-melbourne-united-men-07-10-2026,2026-10-07,2026-10-07 07:30 PM AEDT,adelaide 36ers,melbourne united,adelaide 36ers,Nick Rakocevic,nick rakocevic,threes,27.353538181563692,0.6268435806253921,-0,2,1.255813953488372,44,0.9178303355985745,10,24.26666666666665,5.241666666666651,1,stable_active,4,TRUE,3,1.5523479599692078,FALSE,stable_active,2026-10-04,scenario_sensitive,official_roster_tracker,in_out_review,player_rate_shrunk_v1,2026-10-06 20:06:20 UTC
NBL,/matches/adelaide-36ers-v-melbourne-united-men-07-10-2026,2026-10-07,2026-10-07 07:30 PM AEDT,adelaide 36ers,melbourne united,adelaide 36ers,Keanu Rasmussen,keanu rasmussen,points,16.490515853573157,5.710991181045656,1,11,3.2595348837209306,26,0.766013680459668,10,14.5333333333333,5.100000000000001,0.6,stable_active,4,TRUE,3,3.4046242774566395,FALSE,stable_active,2026-10-04,scenario_sensitive,official_roster_tracker,in_out_review,player_rate_shrunk_v1,2026-10-06 20:06:20 UTC
NBL,/matches/adelaide-36ers-v-melbourne-united-men-07-10-2026,2026-10-07,2026-10-07 07:30 PM AEDT,adelaide 36ers,melbourne united,adelaide 36ers,Keanu Rasmussen,keanu rasmussen,rebounds,16.490515853573157,2.3438817027097176,0,5,1.2,26,0.766013680459668,10,14.5333333333333,5.100000000000001,0.6,stable_active,4,TRUE,3,3.4046242774566395,FALSE,stable_active,2026-10-04,scenario_sensitive,official_roster_tracker,in_out_review,player_rate_shrunk_v1,2026-10-06 20:06:20 UTC
NBL,/matches/adelaide-36ers-v-melbourne-united-men-07-10-2026,2026-10-07,2026-10-07 07:30 PM AEDT,adelaide 36ers,melbourne united,adelaide 36ers,Keanu Rasmussen,keanu rasmussen,assists,16.490515853573157,1.487636213250921,-0,4,2.1751724137931037,26,0.766013680459668,10,14.5333333333333,5.100000000000001,0.6,stable_active,4,TRUE,3,3.4046242774566395,FALSE,stable_active,2026-10-04,scenario_sensitive,official_roster_tracker,in_out_review,player_rate_shrunk_v1,2026-10-06 20:06:20 UTC
NBL,/matches/adelaide-36ers-v-melbourne-united-men-07-10-2026,2026-10-07,2026-10-07 07:30 PM AEDT,adelaide 36ers,melbourne united,adelaide 36ers,Keanu Rasmussen,keanu rasmussen,threes,16.490515853573157,0.48858930011989893,-0,1,1.2,26,0.766013680459668,10,14.5333333333333,5.100000000000001,0.6,stable_active,4,TRUE,3,3.4046242774566395,FALSE,stable_active,2026-10-04,scenario_sensitive,official_roster_tracker,in_out_review,player_rate_shrunk_v1,2026-10-06 20:06:20 UTC
NBL,/matches/adelaide-36ers-v-melbourne-united-men-07-10-2026,2026-10-07,2026-10-07 07:30 PM AEDT,adelaide 36ers,melbourne united,adelaide 36ers,Isaac White,isaac white,points,12.248897599216047,4.590369886280165,-0,10,3.8958201808197637,180,0.8546797696451984,10,13.008333333333301,3.6833333333333,0.8,stable_active,4,TRUE,3,0.8889521640091114,FALSE,stable_active,2026-10-04,scenario_sensitive,official_roster_tracker,in_out_review,player_rate_shrunk_v1,2026-10-06 20:06:20 UTC
NBL,/matches/adelaide-36ers-v-melbourne-united-men-07-10-2026,2026-10-07,2026-10-07 07:30 PM AEDT,adelaide 36ers,melbourne united,adelaide 36ers,Isaac White,isaac white,rebounds,12.248897599216047,1.5207698236595892,-0,3,1.4115398585191206,180,0.8546797696451984,10,13.008333333333301,3.6833333333333,0.8,stable_active,4,TRUE,3,0.8889521640091114,FALSE,stable_active,2026-10-04,scenario_sensitive,official_roster_tracker,in_out_review,player_rate_shrunk_v1,2026-10-06 20:06:20 UTC
NBL,/matches/adelaide-36ers-v-melbourne-united-men-07-10-2026,2026-10-07,2026-10-07 07:30 PM AEDT,adelaide 36ers,melbourne united,adelaide 36ers,Isaac White,isaac white,assists,12.248897599216047,1.181589962509533,-0,3,1.5286528825663768,180,0.8546797696451984,10,13.008333333333301,3.6833333333333,0.8,stable_active,4,TRUE,3,0.8889521640091114,FALSE,stable_active,2026-10-04,scenario_sensitive,official_roster_tracker,in_out_review,player_rate_shrunk_v1,2026-10-06 20:06:20 UTC
NBL,/matches/adelaide-36ers-v-melbourne-united-men-07-10-2026,2026-10-07,2026-10-07 07:30 PM AEDT,adelaide 36ers,melbourne united,adelaide 36ers,Isaac White,isaac white,threes,12.248897599216047,0.587857595207402,-0,2,1.2,180,0.8546797696451984,10,13.008333333333301,3.6833333333333,0.8,stable_active,4,TRUE,3,0.8889521640091114,FALSE,stable_active,2026-10-04,scenario_sensitive,official_roster_tracker,in_out_review,player_rate_shrunk_v1,2026-10-06 20:06:20 UTC
NBL,/matches/adelaide-36ers-v-melbourne-united-men-07-10-2026,2026-10-07,2026-10-07 07:30 PM AEDT,adelaide 36ers,melbourne united,adelaide 36ers,Bul Kuol,bul kuol,points,14.978651921327058,4.783685851502381,1,10,3.3925433846005726,133,0.46895696603716974,10,21.9583333333333,6.5,0,limited_recent_participation,0,FALSE,278,,FALSE,rotation_sensitive,2026-10-04,questionable,official_roster_tracker,in_out_review,player_rate_shrunk_v1,2026-10-06 20:06:20 UTC
NBL,/matches/adelaide-36ers-v-melbourne-united-men-07-10-2026,2026-10-07,2026-10-07 07:30 PM AEDT,adelaide 36ers,melbourne united,adelaide 36ers,Bul Kuol,bul kuol,rebounds,14.978651921327058,2.352456447745032,0,5,1.2210421976777117,133,0.46895696603716974,10,21.9583333333333,6.5,0,limited_recent_participation,0,FALSE,278,,FALSE,rotation_sensitive,2026-10-04,questionable,official_roster_tracker,in_out_review,player_rate_shrunk_v1,2026-10-06 20:06:20 UTC
NBL,/matches/adelaide-36ers-v-melbourne-united-men-07-10-2026,2026-10-07,2026-10-07 07:30 PM AEDT,adelaide 36ers,melbourne united,adelaide 36ers,Bul Kuol,bul kuol,assists,14.978651921327058,0.8399257189031134,-0,2,1.4251787538304392,133,0.46895696603716974,10,21.9583333333333,6.5,0,limited_recent_participation,0,FALSE,278,,FALSE,rotation_sensitive,2026-10-04,questionable,official_roster_tracker,in_out_review,player_rate_shrunk_v1,2026-10-06 20:06:20 UTC
NBL,/matches/adelaide-36ers-v-melbourne-united-men-07-10-2026,2026-10-07,2026-10-07 07:30 PM AEDT,adelaide 36ers,melbourne united,adelaide 36ers,Bul Kuol,bul kuol,threes,14.978651921327058,0.7357074264295362,-0,2,1.2,133,0.46895696603716974,10,21.9583333333333,6.5,0,limited_recent_participation,0,FALSE,278,,FALSE,rotation_sensitive,2026-10-04,questionable,official_roster_tracker,in_out_review,player_rate_shrunk_v1,2026-10-06 20:06:20 UTC
NBL,/matches/adelaide-36ers-v-melbourne-united-men-07-10-2026,2026-10-07,2026-10-07 07:30 PM AEDT,adelaide 36ers,melbourne united,adelaide 36ers,Jacob Rigoni,jacob rigoni,points,18.89829915307623,7.491402872510897,2,14,3.5968992248062017,13,0.5902153158524444,10,10.733333333333315,7.674999999999979,0.5,stable_active,4,TRUE,3,3.8203592814371206,FALSE,stable_active,2026-10-04,scenario_sensitive,official_roster_tracker,in_out_review,player_rate_shrunk_v1,2026-10-06 20:06:20 UTC
NBL,/matches/adelaide-36ers-v-melbourne-united-men-07-10-2026,2026-10-07,2026-10-07 07:30 PM AEDT,adelaide 36ers,melbourne united,adelaide 36ers,Jacob Rigoni,jacob rigoni,rebounds,18.89829915307623,3.3423920059436703,1,6,1.2,13,0.5902153158524444,10,10.733333333333315,7.674999999999979,0.5,stable_active,4,TRUE,3,3.8203592814371206,FALSE,stable_active,2026-10-04,scenario_sensitive,official_roster_tracker,in_out_review,player_rate_shrunk_v1,2026-10-06 20:06:20 UTC
NBL,/matches/adelaide-36ers-v-melbourne-united-men-07-10-2026,2026-10-07,2026-10-07 07:30 PM AEDT,adelaide 36ers,melbourne united,adelaide 36ers,Jacob Rigoni,jacob rigoni,assists,18.89829915307623,1.6780958489310767,0,4,2.633333333333333,13,0.5902153158524444,10,10.733333333333315,7.674999999999979,0.5,stable_active,4,TRUE,3,3.8203592814371206,FALSE,stable_active,2026-10-04,scenario_sensitive,official_roster_tracker,in_out_review,player_rate_shrunk_v1,2026-10-06 20:06:20 UTC
NBL,/matches/adelaide-36ers-v-melbourne-united-men-07-10-2026,2026-10-07,2026-10-07 07:30 PM AEDT,adelaide 36ers,melbourne united,adelaide 36ers,Jacob Rigoni,jacob rigoni,threes,18.89829915307623,1.0875980320239584,-0,3,1.347222222222222,13,0.5902153158524444,10,10.733333333333315,7.674999999999979,0.5,stable_active,4,TRUE,3,3.8203592814371206,FALSE,stable_active,2026-10-04,scenario_sensitive,official_roster_tracker,in_out_review,player_rate_shrunk_v1,2026-10-06 20:06:20 UTC
NBL,/matches/adelaide-36ers-v-melbourne-united-men-07-10-2026,2026-10-07,2026-10-07 07:30 PM AEDT,adelaide 36ers,melbourne united,adelaide 36ers,Harvey White,harvey white,points,6.719395254427104,3.089361832977994,1,6,1.5,0,0,0,,,0,limited_recent_participation,0,FALSE,Inf,,FALSE,rotation_sensitive,2026-10-04,cold_start,official_roster_tracker,in_out_review,player_rate_shrunk_v1,2026-10-06 20:06:20 UTC
NBL,/matches/adelaide-36ers-v-melbourne-united-men-07-10-2026,2026-10-07,2026-10-07 07:30 PM AEDT,adelaide 36ers,melbourne united,adelaide 36ers,Harvey White,harvey white,rebounds,6.719395254427104,1.215379972261017,-0,3,1.5,0,0,0,,,0,limited_recent_participation,0,FALSE,Inf,,FALSE,rotation_sensitive,2026-10-04,cold_start,official_roster_tracker,in_out_review,player_rate_shrunk_v1,2026-10-06 20:06:20 UTC
NBL,/matches/adelaide-36ers-v-melbourne-united-men-07-10-2026,2026-10-07,2026-10-07 07:30 PM AEDT,adelaide 36ers,melbourne united,adelaide 36ers,Harvey White,harvey white,assists,6.719395254427104,0.6336141493668952,-0,2,1.5,0,0,0,,,0,limited_recent_participation,0,FALSE,Inf,,FALSE,rotation_sensitive,2026-10-04,cold_start,official_roster_tracker,in_out_review,player_rate_shrunk_v1,2026-10-06 20:06:20 UTC
NBL,/matches/adelaide-36ers-v-melbourne-united-men-07-10-2026,2026-10-07,2026-10-07 07:30 PM AEDT,adelaide 36ers,melbourne united,adelaide 36ers,Harvey White,harvey white,threes,6.719395254427104,0.33183914652203683,-0,1,1.5,0,0,0,,,0,limited_recent_participation,0,FALSE,Inf,,FALSE,rotation_sensitive,2026-10-04,cold_start,official_roster_tracker,in_out_review,player_rate_shrunk_v1,2026-10-06 20:06:20 UTC
NBL,/matches/adelaide-36ers-v-melbourne-united-men-07-10-2026,2026-10-07,2026-10-07 07:30 PM AEDT,adelaide 36ers,melbourne united,adelaide 36ers,Deonte Williams,deonte williams,points,5.151536361727444,2.4649605327092865,0,7,7.000000000000001,3,0.5699195207445995,3,6.13333333333333,3.1500000000000004,0.3,limited_recent_participation,2,FALSE,5,3.136871508379886,FALSE,rotation_sensitive,2026-10-04,scenario_sensitive,official_roster_tracker,in_out_review,player_rate_shrunk_v1,2026-10-06 20:06:20 UTC
NBL,/matches/adelaide-36ers-v-melbourne-united-men-07-10-2026,2026-10-07,2026-10-07 07:30 PM AEDT,adelaide 36ers,melbourne united,adelaide 36ers,Deonte Williams,deonte williams,rebounds,5.151536361727444,0.9009650803341271,-0,2,1.2,3,0.5699195207445995,3,6.13333333333333,3.1500000000000004,0.3,limited_recent_participation,2,FALSE,5,3.136871508379886,FALSE,rotation_sensitive,2026-10-04,scenario_sensitive,official_roster_tracker,in_out_review,player_rate_shrunk_v1,2026-10-06 20:06:20 UTC
NBL,/matches/adelaide-36ers-v-melbourne-united-men-07-10-2026,2026-10-07,2026-10-07 07:30 PM AEDT,adelaide 36ers,melbourne united,adelaide 36ers,Deonte Williams,deonte williams,assists,5.151536361727444,0.4690170678150864,-0,1,1.2,3,0.5699195207445995,3,6.13333333333333,3.1500000000000004,0.3,limited_recent_participation,2,FALSE,5,3.136871508379886,FALSE,rotation_sensitive,2026-10-04,scenario_sensitive,official_roster_tracker,in_out_review,player_rate_shrunk_v1,2026-10-06 20:06:20 UTC
NBL,/matches/adelaide-36ers-v-melbourne-united-men-07-10-2026,2026-10-07,2026-10-07 07:30 PM AEDT,adelaide 36ers,melbourne united,adelaide 36ers,Deonte Williams,deonte williams,threes,5.151536361727444,0.2532624807640531,-0,1,1.2,3,0.5699195207445995,3,6.13333333333333,3.1500000000000004,0.3,limited_recent_participation,2,FALSE,5,3.136871508379886,FALSE,rotation_sensitive,2026-10-04,scenario_sensitive,official_roster_tracker,in_out_review,player_rate_shrunk_v1,2026-10-06 20:06:20 UTC
NBL,/matches/adelaide-36ers-v-melbourne-united-men-07-10-2026,2026-10-07,2026-10-07 07:30 PM AEDT,adelaide 36ers,melbourne united,melbourne united,Kyle Bowen,kyle bowen,points,10.485378804876198,3.2527659493920895,0,8,3.7924324324324323,112,0.9325319105075918,10,12,1.8916666666666497,1,stable_active,4,TRUE,4,0.8694181326116335,FALSE,stable_active,2026-10-04,scenario_sensitive,official_roster_tracker,in_out_review,player_rate_shrunk_v1,2026-10-06 20:06:20 UTC
NBL,/matches/adelaide-36ers-v-melbourne-united-men-07-10-2026,2026-10-07,2026-10-07 07:30 PM AEDT,adelaide 36ers,melbourne united,melbourne united,Kyle Bowen,kyle bowen,rebounds,10.485378804876198,2.470449968218524,0,5,1.4959696538643907,112,0.9325319105075918,10,12,1.8916666666666497,1,stable_active,4,TRUE,4,0.8694181326116335,FALSE,stable_active,2026-10-04,scenario_sensitive,official_roster_tracker,in_out_review,player_rate_shrunk_v1,2026-10-06 20:06:20 UTC
NBL,/matches/adelaide-36ers-v-melbourne-united-men-07-10-2026,2026-10-07,2026-10-07 07:30 PM AEDT,adelaide 36ers,melbourne united,melbourne united,Kyle Bowen,kyle bowen,assists,10.485378804876198,0.9572954062202033,-0,2,1.2,112,0.9325319105075918,10,12,1.8916666666666497,1,stable_active,4,TRUE,4,0.8694181326116335,FALSE,stable_active,2026-10-04,scenario_sensitive,official_roster_tracker,in_out_review,player_rate_shrunk_v1,2026-10-06 20:06:20 UTC
NBL,/matches/adelaide-36ers-v-melbourne-united-men-07-10-2026,2026-10-07,2026-10-07 07:30 PM AEDT,adelaide 36ers,melbourne united,melbourne united,Kyle Bowen,kyle bowen,threes,10.485378804876198,0.24129331341444746,-0,1,1.2348555452003727,112,0.9325319105075918,10,12,1.8916666666666497,1,stable_active,4,TRUE,4,0.8694181326116335,FALSE,stable_active,2026-10-04,scenario_sensitive,official_roster_tracker,in_out_review,player_rate_shrunk_v1,2026-10-06 20:06:20 UTC
NBL,/matches/adelaide-36ers-v-melbourne-united-men-07-10-2026,2026-10-07,2026-10-07 07:30 PM AEDT,adelaide 36ers,melbourne united,melbourne united,Christian D'Angelo,christian d'angelo,points,2.1239997008451157,0.9689031821442927,-0,3,1.5,1,0.33207249372393666,1,2.36666666666667,,0.1,limited_recent_participation,1,FALSE,6,,FALSE,rotation_sensitive,2026-10-04,cold_start,official_roster_tracker,in_out_review,player_rate_shrunk_v1,2026-10-06 20:06:20 UTC
NBL,/matches/adelaide-36ers-v-melbourne-united-men-07-10-2026,2026-10-07,2026-10-07 07:30 PM AEDT,adelaide 36ers,melbourne united,melbourne united,Christian D'Angelo,christian d'angelo,rebounds,2.1239997008451157,0.381174361017792,-0,1,1.5,1,0.33207249372393666,1,2.36666666666667,,0.1,limited_recent_participation,1,FALSE,6,,FALSE,rotation_sensitive,2026-10-04,cold_start,official_roster_tracker,in_out_review,player_rate_shrunk_v1,2026-10-06 20:06:20 UTC
NBL,/matches/adelaide-36ers-v-melbourne-united-men-07-10-2026,2026-10-07,2026-10-07 07:30 PM AEDT,adelaide 36ers,melbourne united,melbourne united,Christian D'Angelo,christian d'angelo,assists,2.1239997008451157,0.19871766363522847,-0,1,1.5,1,0.33207249372393666,1,2.36666666666667,,0.1,limited_recent_participation,1,FALSE,6,,FALSE,rotation_sensitive,2026-10-04,cold_start,official_roster_tracker,in_out_review,player_rate_shrunk_v1,2026-10-06 20:06:20 UTC
NBL,/matches/adelaide-36ers-v-melbourne-united-men-07-10-2026,2026-10-07,2026-10-07 07:30 PM AEDT,adelaide 36ers,melbourne united,melbourne united,Christian D'Angelo,christian d'angelo,threes,2.1239997008451157,0.10407327545550664,-0,0,1.5,1,0.33207249372393666,1,2.36666666666667,,0.1,limited_recent_participation,1,FALSE,6,,FALSE,rotation_sensitive,2026-10-04,cold_start,official_roster_tracker,in_out_review,player_rate_shrunk_v1,2026-10-06 20:06:20 UTC
NBL,/matches/adelaide-36ers-v-melbourne-united-men-07-10-2026,2026-10-07,2026-10-07 07:30 PM AEDT,adelaide 36ers,melbourne united,melbourne united,Shea Ili,shea ili,points,7.478872186074339,3.365527191494589,-0,7,2.769449244751664,169,0.6924658801359652,10,14.883333333333301,4.55833333333335,0.5,limited_recent_participation,1,TRUE,4,2.0679999999999965,FALSE,rotation_sensitive,2026-10-04,scenario_sensitive,official_roster_tracker,in_out_review,player_rate_shrunk_v1,2026-10-06 20:06:20 UTC
NBL,/matches/adelaide-36ers-v-melbourne-united-men-07-10-2026,2026-10-07,2026-10-07 07:30 PM AEDT,adelaide 36ers,melbourne united,melbourne united,Shea Ili,shea ili,rebounds,7.478872186074339,1.0134444765667137,-0,2,1.2,169,0.6924658801359652,10,14.883333333333301,4.55833333333335,0.5,limited_recent_participation,1,TRUE,4,2.0679999999999965,FALSE,rotation_sensitive,2026-10-04,scenario_sensitive,official_roster_tracker,in_out_review,player_rate_shrunk_v1,2026-10-06 20:06:20 UTC
NBL,/matches/adelaide-36ers-v-melbourne-united-men-07-10-2026,2026-10-07,2026-10-07 07:30 PM AEDT,adelaide 36ers,melbourne united,melbourne united,Shea Ili,shea ili,assists,7.478872186074339,1.22763471090191,-0,3,1.5278397817460316,169,0.6924658801359652,10,14.883333333333301,4.55833333333335,0.5,limited_recent_participation,1,TRUE,4,2.0679999999999965,FALSE,rotation_sensitive,2026-10-04,scenario_sensitive,official_roster_tracker,in_out_review,player_rate_shrunk_v1,2026-10-06 20:06:20 UTC
NBL,/matches/adelaide-36ers-v-melbourne-united-men-07-10-2026,2026-10-07,2026-10-07 07:30 PM AEDT,adelaide 36ers,melbourne united,melbourne united,Shea Ili,shea ili,threes,7.478872186074339,0.16094166012657868,-0,1,1.2,169,0.6924658801359652,10,14.883333333333301,4.55833333333335,0.5,limited_recent_participation,1,TRUE,4,2.0679999999999965,FALSE,rotation_sensitive,2026-10-04,scenario_sensitive,official_roster_tracker,in_out_review,player_rate_shrunk_v1,2026-10-06 20:06:20 UTC
NBL,/matches/adelaide-36ers-v-melbourne-united-men-07-10-2026,2026-10-07,2026-10-07 07:30 PM AEDT,adelaide 36ers,melbourne united,melbourne united,Fabijan Krslovic,fabijan krslovic,points,12.37005459576693,3.668377416065787,-0,8,3.0166039382534224,211,0.934037856892193,10,13.9333333333333,2.25,1,role_declining,4,TRUE,4,0.6294458229942085,FALSE,rotation_sensitive,2026-10-04,scenario_sensitive,official_roster_tracker,in_out_review,player_rate_shrunk_v1,2026-10-06 20:06:20 UTC
NBL,/matches/adelaide-36ers-v-melbourne-united-men-07-10-2026,2026-10-07,2026-10-07 07:30 PM AEDT,adelaide 36ers,melbourne united,melbourne united,Fabijan Krslovic,fabijan krslovic,rebounds,12.37005459576693,3.0761194047064087,1,6,1.6701298701298701,211,0.934037856892193,10,13.9333333333333,2.25,1,role_declining,4,TRUE,4,0.6294458229942085,FALSE,rotation_sensitive,2026-10-04,scenario_sensitive,official_roster_tracker,in_out_review,player_rate_shrunk_v1,2026-10-06 20:06:20 UTC
NBL,/matches/adelaide-36ers-v-melbourne-united-men-07-10-2026,2026-10-07,2026-10-07 07:30 PM AEDT,adelaide 36ers,melbourne united,melbourne united,Fabijan Krslovic,fabijan krslovic,assists,12.37005459576693,1.03308352729251,-0,3,1.3530864197530865,211,0.934037856892193,10,13.9333333333333,2.25,1,role_declining,4,TRUE,4,0.6294458229942085,FALSE,rotation_sensitive,2026-10-04,scenario_sensitive,official_roster_tracker,in_out_review,player_rate_shrunk_v1,2026-10-06 20:06:20 UTC
NBL,/matches/adelaide-36ers-v-melbourne-united-men-07-10-2026,2026-10-07,2026-10-07 07:30 PM AEDT,adelaide 36ers,melbourne united,melbourne united,Fabijan Krslovic,fabijan krslovic,threes,12.37005459576693,0.37147991666147456,-0,1,1.2,211,0.934037856892193,10,13.9333333333333,2.25,1,role_declining,4,TRUE,4,0.6294458229942085,FALSE,rotation_sensitive,2026-10-04,scenario_sensitive,official_roster_tracker,in_out_review,player_rate_shrunk_v1,2026-10-06 20:06:20 UTC
NBL,/matches/adelaide-36ers-v-melbourne-united-men-07-10-2026,2026-10-07,2026-10-07 07:30 PM AEDT,adelaide 36ers,melbourne united,melbourne united,Malith Machar,malith machar,points,12.818786926931391,5.7461184048807405,1,12,4.068181818181818,25,0.6834208908775881,10,7.28333333333333,3.7249999999999845,0.7,stable_active,4,TRUE,4,2.9087837837837855,FALSE,stable_active,2026-10-04,scenario_sensitive,official_roster_tracker,in_out_review,player_rate_shrunk_v1,2026-10-06 20:06:20 UTC
NBL,/matches/adelaide-36ers-v-melbourne-united-men-07-10-2026,2026-10-07,2026-10-07 07:30 PM AEDT,adelaide 36ers,melbourne united,melbourne united,Malith Machar,malith machar,rebounds,12.818786926931391,1.904436059506294,0,4,1.351190476190476,25,0.6834208908775881,10,7.28333333333333,3.7249999999999845,0.7,stable_active,4,TRUE,4,2.9087837837837855,FALSE,stable_active,2026-10-04,scenario_sensitive,official_roster_tracker,in_out_review,player_rate_shrunk_v1,2026-10-06 20:06:20 UTC
NBL,/matches/adelaide-36ers-v-melbourne-united-men-07-10-2026,2026-10-07,2026-10-07 07:30 PM AEDT,adelaide 36ers,melbourne united,melbourne united,Malith Machar,malith machar,assists,12.818786926931391,0.8992615437452904,-0,2,1.2,25,0.6834208908775881,10,7.28333333333333,3.7249999999999845,0.7,stable_active,4,TRUE,4,2.9087837837837855,FALSE,stable_active,2026-10-04,scenario_sensitive,official_roster_tracker,in_out_review,player_rate_shrunk_v1,2026-10-06 20:06:20 UTC
NBL,/matches/adelaide-36ers-v-melbourne-united-men-07-10-2026,2026-10-07,2026-10-07 07:30 PM AEDT,adelaide 36ers,melbourne united,melbourne united,Malith Machar,malith machar,threes,12.818786926931391,0.7132147019007787,-0,2,1.4583333333333333,25,0.6834208908775881,10,7.28333333333333,3.7249999999999845,0.7,stable_active,4,TRUE,4,2.9087837837837855,FALSE,stable_active,2026-10-04,scenario_sensitive,official_roster_tracker,in_out_review,player_rate_shrunk_v1,2026-10-06 20:06:20 UTC
NBL,/matches/adelaide-36ers-v-melbourne-united-men-07-10-2026,2026-10-07,2026-10-07 07:30 PM AEDT,adelaide 36ers,melbourne united,melbourne united,Tom Wilson,tom wilson,points,13.461969934933816,5.330320270942896,1,11,3.633064516129032,25,0.6766978704085062,10,8.725,4.433333333333335,0.6,stable_active,4,TRUE,4,2.0010729613733873,FALSE,stable_active,2026-10-04,scenario_sensitive,official_roster_tracker,in_out_review,player_rate_shrunk_v1,2026-10-06 20:06:20 UTC
NBL,/matches/adelaide-36ers-v-melbourne-united-men-07-10-2026,2026-10-07,2026-10-07 07:30 PM AEDT,adelaide 36ers,melbourne united,melbourne united,Tom Wilson,tom wilson,rebounds,13.461969934933816,2.513132883635395,-0,6,2.03125,25,0.6766978704085062,10,8.725,4.433333333333335,0.6,stable_active,4,TRUE,4,2.0010729613733873,FALSE,stable_active,2026-10-04,scenario_sensitive,official_roster_tracker,in_out_review,player_rate_shrunk_v1,2026-10-06 20:06:20 UTC
NBL,/matches/adelaide-36ers-v-melbourne-united-men-07-10-2026,2026-10-07,2026-10-07 07:30 PM AEDT,adelaide 36ers,melbourne united,melbourne united,Tom Wilson,tom wilson,assists,13.461969934933816,1.2341028559352258,-0,3,1.2,25,0.6766978704085062,10,8.725,4.433333333333335,0.6,stable_active,4,TRUE,4,2.0010729613733873,FALSE,stable_active,2026-10-04,scenario_sensitive,official_roster_tracker,in_out_review,player_rate_shrunk_v1,2026-10-06 20:06:20 UTC
NBL,/matches/adelaide-36ers-v-melbourne-united-men-07-10-2026,2026-10-07,2026-10-07 07:30 PM AEDT,adelaide 36ers,melbourne united,melbourne united,Tom Wilson,tom wilson,threes,13.461969934933816,0.608283596623063,-0,2,1.2,25,0.6766978704085062,10,8.725,4.433333333333335,0.6,stable_active,4,TRUE,4,2.0010729613733873,FALSE,stable_active,2026-10-04,scenario_sensitive,official_roster_tracker,in_out_review,player_rate_shrunk_v1,2026-10-06 20:06:20 UTC
NBL,/matches/adelaide-36ers-v-melbourne-united-men-07-10-2026,2026-10-07,2026-10-07 07:30 PM AEDT,adelaide 36ers,melbourne united,melbourne united,Cole Anthony,cole anthony,points,22.174856031710437,13.12544390051667,3,26,6.663299663299663,4,0.712281097134759,4,24.70833333333335,2.4416666666667,0.4,stable_active,4,TRUE,4,,FALSE,stable_active,2026-10-04,scenario_sensitive,official_roster_tracker,in_out_review,player_rate_shrunk_v1,2026-10-06 20:06:20 UTC
NBL,/matches/adelaide-36ers-v-melbourne-united-men-07-10-2026,2026-10-07,2026-10-07 07:30 PM AEDT,adelaide 36ers,melbourne united,melbourne united,Cole Anthony,cole anthony,rebounds,22.174856031710437,3.892418081386073,1,7,1.2,4,0.712281097134759,4,24.70833333333335,2.4416666666667,0.4,stable_active,4,TRUE,4,,FALSE,stable_active,2026-10-04,scenario_sensitive,official_roster_tracker,in_out_review,player_rate_shrunk_v1,2026-10-06 20:06:20 UTC
NBL,/matches/adelaide-36ers-v-melbourne-united-men-07-10-2026,2026-10-07,2026-10-07 07:30 PM AEDT,adelaide 36ers,melbourne united,melbourne united,Cole Anthony,cole anthony,assists,22.174856031710437,2.1211241910712215,-0,5,2.2666666666666666,4,0.712281097134759,4,24.70833333333335,2.4416666666667,0.4,stable_active,4,TRUE,4,,FALSE,stable_active,2026-10-04,scenario_sensitive,official_roster_tracker,in_out_review,player_rate_shrunk_v1,2026-10-06 20:06:20 UTC
NBL,/matches/adelaide-36ers-v-melbourne-united-men-07-10-2026,2026-10-07,2026-10-07 07:30 PM AEDT,adelaide 36ers,melbourne united,melbourne united,Cole Anthony,cole anthony,threes,22.174856031710437,1.2639352665788062,-0,3,1.2,4,0.712281097134759,4,24.70833333333335,2.4416666666667,0.4,stable_active,4,TRUE,4,,FALSE,stable_active,2026-10-04,scenario_sensitive,official_roster_tracker,in_out_review,player_rate_shrunk_v1,2026-10-06 20:06:20 UTC
NBL,/matches/adelaide-36ers-v-melbourne-united-men-07-10-2026,2026-10-07,2026-10-07 07:30 PM AEDT,adelaide 36ers,melbourne united,melbourne united,Jensen Bradtke,jensen bradtke,points,6.2672948919302955,2.684580463444227,0,7,3.9206349206349205,8,0.48980898407937984,8,5.95833333333333,1.8749999999999996,0,limited_recent_participation,0,FALSE,229,,FALSE,rotation_sensitive,2026-10-04,scenario_sensitive,official_roster_tracker,in_out_review,player_rate_shrunk_v1,2026-10-06 20:06:20 UTC
NBL,/matches/adelaide-36ers-v-melbourne-united-men-07-10-2026,2026-10-07,2026-10-07 07:30 PM AEDT,adelaide 36ers,melbourne united,melbourne united,Jensen Bradtke,jensen bradtke,rebounds,6.2672948919302955,1.155883662437608,-0,3,1.380952380952381,8,0.48980898407937984,8,5.95833333333333,1.8749999999999996,0,limited_recent_participation,0,FALSE,229,,FALSE,rotation_sensitive,2026-10-04,scenario_sensitive,official_roster_tracker,in_out_review,player_rate_shrunk_v1,2026-10-06 20:06:20 UTC
NBL,/matches/adelaide-36ers-v-melbourne-united-men-07-10-2026,2026-10-07,2026-10-07 07:30 PM AEDT,adelaide 36ers,melbourne united,melbourne united,Jensen Bradtke,jensen bradtke,assists,6.2672948919302955,0.5168694230792176,-0,2,1.2,8,0.48980898407937984,8,5.95833333333333,1.8749999999999996,0,limited_recent_participation,0,FALSE,229,,FALSE,rotation_sensitive,2026-10-04,scenario_sensitive,official_roster_tracker,in_out_review,player_rate_shrunk_v1,2026-10-06 20:06:20 UTC
NBL,/matches/adelaide-36ers-v-melbourne-united-men-07-10-2026,2026-10-07,2026-10-07 07:30 PM AEDT,adelaide 36ers,melbourne united,melbourne united,Jensen Bradtke,jensen bradtke,threes,6.2672948919302955,0.2889682018037037,-0,1,1.2,8,0.48980898407937984,8,5.95833333333333,1.8749999999999996,0,limited_recent_participation,0,FALSE,229,,FALSE,rotation_sensitive,2026-10-04,scenario_sensitive,official_roster_tracker,in_out_review,player_rate_shrunk_v1,2026-10-06 20:06:20 UTC
NBL,/matches/adelaide-36ers-v-melbourne-united-men-07-10-2026,2026-10-07,2026-10-07 07:30 PM AEDT,adelaide 36ers,melbourne united,melbourne united,Jai Fa'ale,jai fa'ale,points,7.179717298631369,3.3010031043120636,1,6,1.5,0,0,0,,,0,limited_recent_participation,0,FALSE,Inf,,FALSE,rotation_sensitive,2026-10-04,cold_start,official_roster_tracker,in_out_review,player_rate_shrunk_v1,2026-10-06 20:06:20 UTC
NBL,/matches/adelaide-36ers-v-melbourne-united-men-07-10-2026,2026-10-07,2026-10-07 07:30 PM AEDT,adelaide 36ers,melbourne united,melbourne united,Jai Fa'ale,jai fa'ale,rebounds,7.179717298631369,1.2986413629267182,-0,3,1.5,0,0,0,,,0,limited_recent_participation,0,FALSE,Inf,,FALSE,rotation_sensitive,2026-10-04,cold_start,official_roster_tracker,in_out_review,player_rate_shrunk_v1,2026-10-06 20:06:20 UTC
NBL,/matches/adelaide-36ers-v-melbourne-united-men-07-10-2026,2026-10-07,2026-10-07 07:30 PM AEDT,adelaide 36ers,melbourne united,melbourne united,Jai Fa'ale,jai fa'ale,assists,7.179717298631369,0.6770208175906687,-0,2,1.5,0,0,0,,,0,limited_recent_participation,0,FALSE,Inf,,FALSE,rotation_sensitive,2026-10-04,cold_start,official_roster_tracker,in_out_review,player_rate_shrunk_v1,2026-10-06 20:06:20 UTC
NBL,/matches/adelaide-36ers-v-melbourne-united-men-07-10-2026,2026-10-07,2026-10-07 07:30 PM AEDT,adelaide 36ers,melbourne united,melbourne united,Jai Fa'ale,jai fa'ale,threes,7.179717298631369,0.35457227480071346,-0,1,1.5,0,0,0,,,0,limited_recent_participation,0,FALSE,Inf,,FALSE,rotation_sensitive,2026-10-04,cold_start,official_roster_tracker,in_out_review,player_rate_shrunk_v1,2026-10-06 20:06:20 UTC
NBL,/matches/adelaide-36ers-v-melbourne-united-men-07-10-2026,2026-10-07,2026-10-07 07:30 PM AEDT,adelaide 36ers,melbourne united,melbourne united,Will Hynes,will hynes,points,7.179717298631369,3.3010031043120636,1,6,1.5,0,0,0,,,0,limited_recent_participation,0,FALSE,Inf,,FALSE,rotation_sensitive,2026-10-04,cold_start,official_roster_tracker,in_out_review,player_rate_shrunk_v1,2026-10-06 20:06:20 UTC
NBL,/matches/adelaide-36ers-v-melbourne-united-men-07-10-2026,2026-10-07,2026-10-07 07:30 PM AEDT,adelaide 36ers,melbourne united,melbourne united,Will Hynes,will hynes,rebounds,7.179717298631369,1.2986413629267182,-0,3,1.5,0,0,0,,,0,limited_recent_participation,0,FALSE,Inf,,FALSE,rotation_sensitive,2026-10-04,cold_start,official_roster_tracker,in_out_review,player_rate_shrunk_v1,2026-10-06 20:06:20 UTC
NBL,/matches/adelaide-36ers-v-melbourne-united-men-07-10-2026,2026-10-07,2026-10-07 07:30 PM AEDT,adelaide 36ers,melbourne united,melbourne united,Will Hynes,will hynes,assists,7.179717298631369,0.6770208175906687,-0,2,1.5,0,0,0,,,0,limited_recent_participation,0,FALSE,Inf,,FALSE,rotation_sensitive,2026-10-04,cold_start,official_roster_tracker,in_out_review,player_rate_shrunk_v1,2026-10-06 20:06:20 UTC
NBL,/matches/adelaide-36ers-v-melbourne-united-men-07-10-2026,2026-10-07,2026-10-07 07:30 PM AEDT,adelaide 36ers,melbourne united,melbourne united,Will Hynes,will hynes,threes,7.179717298631369,0.35457227480071346,-0,1,1.5,0,0,0,,,0,limited_recent_participation,0,FALSE,Inf,,FALSE,rotation_sensitive,2026-10-04,cold_start,official_roster_tracker,in_out_review,player_rate_shrunk_v1,2026-10-06 20:06:20 UTC
NBL,/matches/adelaide-36ers-v-melbourne-united-men-07-10-2026,2026-10-07,2026-10-07 07:30 PM AEDT,adelaide 36ers,melbourne united,melbourne united,Joe Ingles,joe ingles,points,21.935532121756026,10.10749270346359,5,16,2.214814814814815,4,0.7320392335901608,4,24.44166666666665,0.7000000000000011,0.4,stable_active,4,TRUE,4,,FALSE,stable_active,2026-10-04,scenario_sensitive,official_roster_tracker,in_out_review,player_rate_shrunk_v1,2026-10-06 20:06:20 UTC
NBL,/matches/adelaide-36ers-v-melbourne-united-men-07-10-2026,2026-10-07,2026-10-07 07:30 PM AEDT,adelaide 36ers,melbourne united,melbourne united,Joe Ingles,joe ingles,rebounds,21.935532121756026,3.8269998892540555,1,7,1.2,4,0.7320392335901608,4,24.44166666666665,0.7000000000000011,0.4,stable_active,4,TRUE,4,,FALSE,stable_active,2026-10-04,scenario_sensitive,official_roster_tracker,in_out_review,player_rate_shrunk_v1,2026-10-06 20:06:20 UTC
NBL,/matches/adelaide-36ers-v-melbourne-united-men-07-10-2026,2026-10-07,2026-10-07 07:30 PM AEDT,adelaide 36ers,melbourne united,melbourne united,Joe Ingles,joe ingles,assists,21.935532121756026,2.4471042999270614,0,5,1.5,4,0.7320392335901608,4,24.44166666666665,0.7000000000000011,0.4,stable_active,4,TRUE,4,,FALSE,stable_active,2026-10-04,scenario_sensitive,official_roster_tracker,in_out_review,player_rate_shrunk_v1,2026-10-06 20:06:20 UTC
NBL,/matches/adelaide-36ers-v-melbourne-united-men-07-10-2026,2026-10-07,2026-10-07 07:30 PM AEDT,adelaide 36ers,melbourne united,melbourne united,Joe Ingles,joe ingles,threes,21.935532121756026,1.0948748393723147,-0,3,1.2,4,0.7320392335901608,4,24.44166666666665,0.7000000000000011,0.4,stable_active,4,TRUE,4,,FALSE,stable_active,2026-10-04,scenario_sensitive,official_roster_tracker,in_out_review,player_rate_shrunk_v1,2026-10-06 20:06:20 UTC
NBL,/matches/adelaide-36ers-v-melbourne-united-men-07-10-2026,2026-10-07,2026-10-07 07:30 PM AEDT,adelaide 36ers,melbourne united,melbourne united,Josh Oduro,josh oduro,points,24.971954229302227,12.680269545674195,7,19,1.6862745098039216,4,0.7181184430635349,4,27.825,2.158333333333351,0.4,stable_active,4,TRUE,4,,FALSE,stable_active,2026-10-04,scenario_sensitive,official_roster_tracker,in_out_review,player_rate_shrunk_v1,2026-10-06 20:06:20 UTC
NBL,/matches/adelaide-36ers-v-melbourne-united-men-07-10-2026,2026-10-07,2026-10-07 07:30 PM AEDT,adelaide 36ers,melbourne united,melbourne united,Josh Oduro,josh oduro,rebounds,24.971954229302227,5.373259984455236,2,9,1.2,4,0.7181184430635349,4,27.825,2.158333333333351,0.4,stable_active,4,TRUE,4,,FALSE,stable_active,2026-10-04,scenario_sensitive,official_roster_tracker,in_out_review,player_rate_shrunk_v1,2026-10-06 20:06:20 UTC
NBL,/matches/adelaide-36ers-v-melbourne-united-men-07-10-2026,2026-10-07,2026-10-07 07:30 PM AEDT,adelaide 36ers,melbourne united,melbourne united,Josh Oduro,josh oduro,assists,24.971954229302227,1.9266299396934286,0,4,1.222222222222222,4,0.7181184430635349,4,27.825,2.158333333333351,0.4,stable_active,4,TRUE,4,,FALSE,stable_active,2026-10-04,scenario_sensitive,official_roster_tracker,in_out_review,player_rate_shrunk_v1,2026-10-06 20:06:20 UTC
NBL,/matches/adelaide-36ers-v-melbourne-united-men-07-10-2026,2026-10-07,2026-10-07 07:30 PM AEDT,adelaide 36ers,melbourne united,melbourne united,Josh Oduro,josh oduro,threes,24.971954229302227,0.9122771741767217,-0,2,1.2,4,0.7181184430635349,4,27.825,2.158333333333351,0.4,stable_active,4,TRUE,4,,FALSE,stable_active,2026-10-04,scenario_sensitive,official_roster_tracker,in_out_review,player_rate_shrunk_v1,2026-10-06 20:06:20 UTC
NBL,/matches/adelaide-36ers-v-melbourne-united-men-07-10-2026,2026-10-07,2026-10-07 07:30 PM AEDT,adelaide 36ers,melbourne united,melbourne united,Austin Shelley,austin shelley,points,5.452097823648195,2.409129488070133,0,5,1.2,2,0.5225536339488631,2,6.075,3.74166666666667,0.2,limited_recent_participation,2,FALSE,6,,FALSE,rotation_sensitive,2026-10-04,cold_start,official_roster_tracker,in_out_review,player_rate_shrunk_v1,2026-10-06 20:06:20 UTC
NBL,/matches/adelaide-36ers-v-melbourne-united-men-07-10-2026,2026-10-07,2026-10-07 07:30 PM AEDT,adelaide 36ers,melbourne united,melbourne united,Austin Shelley,austin shelley,rebounds,5.452097823648195,0.9652373324215641,-0,2,1.2,2,0.5225536339488631,2,6.075,3.74166666666667,0.2,limited_recent_participation,2,FALSE,6,,FALSE,rotation_sensitive,2026-10-04,cold_start,official_roster_tracker,in_out_review,player_rate_shrunk_v1,2026-10-06 20:06:20 UTC
NBL,/matches/adelaide-36ers-v-melbourne-united-men-07-10-2026,2026-10-07,2026-10-07 07:30 PM AEDT,adelaide 36ers,melbourne united,melbourne united,Austin Shelley,austin shelley,assists,5.452097823648195,0.494101569781753,-0,2,1.2,2,0.5225536339488631,2,6.075,3.74166666666667,0.2,limited_recent_participation,2,FALSE,6,,FALSE,rotation_sensitive,2026-10-04,cold_start,official_roster_tracker,in_out_review,player_rate_shrunk_v1,2026-10-06 20:06:20 UTC
NBL,/matches/adelaide-36ers-v-melbourne-united-men-07-10-2026,2026-10-07,2026-10-07 07:30 PM AEDT,adelaide 36ers,melbourne united,melbourne united,Austin Shelley,austin shelley,threes,5.452097823648195,0.25877301410551834,-0,1,1.2,2,0.5225536339488631,2,6.075,3.74166666666667,0.2,limited_recent_participation,2,FALSE,6,,FALSE,rotation_sensitive,2026-10-04,cold_start,official_roster_tracker,in_out_review,player_rate_shrunk_v1,2026-10-06 20:06:20 UTC
NBL,/matches/adelaide-36ers-v-melbourne-united-men-07-10-2026,2026-10-07,2026-10-07 07:30 PM AEDT,adelaide 36ers,melbourne united,melbourne united,Luke Travers,luke travers,points,24.18667264976442,10.6297605393869,3,19,3.832627062178514,133,0.7819302012918012,10,26.43333333333335,1.9916666666666494,0.4,stable_active,4,TRUE,4,0.9442456768038158,FALSE,stable_active,2026-10-04,scenario_sensitive,official_roster_tracker,in_out_review,player_rate_shrunk_v1,2026-10-06 20:06:20 UTC
NBL,/matches/adelaide-36ers-v-melbourne-united-men-07-10-2026,2026-10-07,2026-10-07 07:30 PM AEDT,adelaide 36ers,melbourne united,melbourne united,Luke Travers,luke travers,rebounds,24.18667264976442,4.88701390601249,1,9,1.8746917450365728,133,0.7819302012918012,10,26.43333333333335,1.9916666666666494,0.4,stable_active,4,TRUE,4,0.9442456768038158,FALSE,stable_active,2026-10-04,scenario_sensitive,official_roster_tracker,in_out_review,player_rate_shrunk_v1,2026-10-06 20:06:20 UTC
NBL,/matches/adelaide-36ers-v-melbourne-united-men-07-10-2026,2026-10-07,2026-10-07 07:30 PM AEDT,adelaide 36ers,melbourne united,melbourne united,Luke Travers,luke travers,assists,24.18667264976442,2.6310813644354027,0,5,1.4866209262435677,133,0.7819302012918012,10,26.43333333333335,1.9916666666666494,0.4,stable_active,4,TRUE,4,0.9442456768038158,FALSE,stable_active,2026-10-04,scenario_sensitive,official_roster_tracker,in_out_review,player_rate_shrunk_v1,2026-10-06 20:06:20 UTC
NBL,/matches/adelaide-36ers-v-melbourne-united-men-07-10-2026,2026-10-07,2026-10-07 07:30 PM AEDT,adelaide 36ers,melbourne united,melbourne united,Luke Travers,luke travers,threes,24.18667264976442,0.9989674566562956,-0,3,1.4105003523608175,133,0.7819302012918012,10,26.43333333333335,1.9916666666666494,0.4,stable_active,4,TRUE,4,0.9442456768038158,FALSE,stable_active,2026-10-04,scenario_sensitive,official_roster_tracker,in_out_review,player_rate_shrunk_v1,2026-10-06 20:06:20 UTC
NBL,/matches/adelaide-36ers-v-melbourne-united-men-07-10-2026,2026-10-07,2026-10-07 07:30 PM AEDT,adelaide 36ers,melbourne united,melbourne united,Sam Waardenburg,sam waardenburg,points,21.913095505197855,10.23615490600315,4,18,2.9770236832803114,93,0.7490738860429225,10,26.94166666666665,3.533333333333349,0.4,stable_active,4,TRUE,4,0.8497159090909101,FALSE,stable_active,2026-10-04,scenario_sensitive,official_roster_tracker,in_out_review,player_rate_shrunk_v1,2026-10-06 20:06:20 UTC
NBL,/matches/adelaide-36ers-v-melbourne-united-men-07-10-2026,2026-10-07,2026-10-07 07:30 PM AEDT,adelaide 36ers,melbourne united,melbourne united,Sam Waardenburg,sam waardenburg,rebounds,21.913095505197855,4.377357794815248,1,8,1.5668611818854277,93,0.7490738860429225,10,26.94166666666665,3.533333333333349,0.4,stable_active,4,TRUE,4,0.8497159090909101,FALSE,stable_active,2026-10-04,scenario_sensitive,official_roster_tracker,in_out_review,player_rate_shrunk_v1,2026-10-06 20:06:20 UTC
NBL,/matches/adelaide-36ers-v-melbourne-united-men-07-10-2026,2026-10-07,2026-10-07 07:30 PM AEDT,adelaide 36ers,melbourne united,melbourne united,Sam Waardenburg,sam waardenburg,assists,21.913095505197855,2.2252457251135738,-0,5,1.6909610983981695,93,0.7490738860429225,10,26.94166666666665,3.533333333333349,0.4,stable_active,4,TRUE,4,0.8497159090909101,FALSE,stable_active,2026-10-04,scenario_sensitive,official_roster_tracker,in_out_review,player_rate_shrunk_v1,2026-10-06 20:06:20 UTC
NBL,/matches/adelaide-36ers-v-melbourne-united-men-07-10-2026,2026-10-07,2026-10-07 07:30 PM AEDT,adelaide 36ers,melbourne united,melbourne united,Sam Waardenburg,sam waardenburg,threes,21.913095505197855,0.9799296234501457,-0,2,1.2,93,0.7490738860429225,10,26.94166666666665,3.533333333333349,0.4,stable_active,4,TRUE,4,0.8497159090909101,FALSE,stable_active,2026-10-04,scenario_sensitive,official_roster_tracker,in_out_review,player_rate_shrunk_v1,2026-10-06 20:06:20 UTC
NBL,/matches/cairns-taipans-v-brisbane-bullets-men-08-10-2026,2026-10-08,2026-10-08 07:30 PM AEDT,cairns taipans,brisbane bullets,cairns taipans,Kyrin Galloway,kyrin galloway,points,14.841849148418508,5.445286643812047,-0,12,4.744711579305072,150,0.9288524468964843,10,16.325,3.2249999999999996,1,role_declining,4,TRUE,5,0.7935823754789282,FALSE,rotation_sensitive,2026-10-04,available,official_roster_tracker,resolved,player_rate_shrunk_v1,2026-10-06 20:06:20 UTC
NBL,/matches/cairns-taipans-v-brisbane-bullets-men-08-10-2026,2026-10-08,2026-10-08 07:30 PM AEDT,cairns taipans,brisbane bullets,cairns taipans,Kyrin Galloway,kyrin galloway,rebounds,14.841849148418508,2.6546656887333673,-0,6,2.233004720464982,150,0.9288524468964843,10,16.325,3.2249999999999996,1,role_declining,4,TRUE,5,0.7935823754789282,FALSE,rotation_sensitive,2026-10-04,available,official_roster_tracker,resolved,player_rate_shrunk_v1,2026-10-06 20:06:20 UTC
NBL,/matches/cairns-taipans-v-brisbane-bullets-men-08-10-2026,2026-10-08,2026-10-08 07:30 PM AEDT,cairns taipans,brisbane bullets,cairns taipans,Kyrin Galloway,kyrin galloway,assists,14.841849148418508,0.6917282513433719,-0,2,1.2482349864900202,150,0.9288524468964843,10,16.325,3.2249999999999996,1,role_declining,4,TRUE,5,0.7935823754789282,FALSE,rotation_sensitive,2026-10-04,available,official_roster_tracker,resolved,player_rate_shrunk_v1,2026-10-06 20:06:20 UTC
NBL,/matches/cairns-taipans-v-brisbane-bullets-men-08-10-2026,2026-10-08,2026-10-08 07:30 PM AEDT,cairns taipans,brisbane bullets,cairns taipans,Kyrin Galloway,kyrin galloway,threes,14.841849148418508,0.7816447432625763,-0,2,1.4885906040268457,150,0.9288524468964843,10,16.325,3.2249999999999996,1,role_declining,4,TRUE,5,0.7935823754789282,FALSE,rotation_sensitive,2026-10-04,available,official_roster_tracker,resolved,player_rate_shrunk_v1,2026-10-06 20:06:20 UTC
NBL,/matches/cairns-taipans-v-brisbane-bullets-men-08-10-2026,2026-10-08,2026-10-08 07:30 PM AEDT,cairns taipans,brisbane bullets,cairns taipans,Jack McVeigh,jack mcveigh,points,30.835360908353614,16.99126170309211,7,28,4.097997817026352,182,0.9594603583578177,10,34.29166666666665,2.533333333333349,1,stable_active,4,TRUE,5,0.8772893772893765,FALSE,stable_active,2026-10-04,available,official_roster_tracker,resolved,player_rate_shrunk_v1,2026-10-06 20:06:20 UTC
NBL,/matches/cairns-taipans-v-brisbane-bullets-men-08-10-2026,2026-10-08,2026-10-08 07:30 PM AEDT,cairns taipans,brisbane bullets,cairns taipans,Jack McVeigh,jack mcveigh,rebounds,30.835360908353614,5.064409284355803,2,8,1.2811194978341505,182,0.9594603583578177,10,34.29166666666665,2.533333333333349,1,stable_active,4,TRUE,5,0.8772893772893765,FALSE,stable_active,2026-10-04,available,official_roster_tracker,resolved,player_rate_shrunk_v1,2026-10-06 20:06:20 UTC
NBL,/matches/cairns-taipans-v-brisbane-bullets-men-08-10-2026,2026-10-08,2026-10-08 07:30 PM AEDT,cairns taipans,brisbane bullets,cairns taipans,Jack McVeigh,jack mcveigh,assists,30.835360908353614,3.2085956733331256,1,6,1.621546961325967,182,0.9594603583578177,10,34.29166666666665,2.533333333333349,1,stable_active,4,TRUE,5,0.8772893772893765,FALSE,stable_active,2026-10-04,available,official_roster_tracker,resolved,player_rate_shrunk_v1,2026-10-06 20:06:20 UTC
NBL,/matches/cairns-taipans-v-brisbane-bullets-men-08-10-2026,2026-10-08,2026-10-08 07:30 PM AEDT,cairns taipans,brisbane bullets,cairns taipans,Jack McVeigh,jack mcveigh,threes,30.835360908353614,1.8525814298441732,0,4,1.2230420277831713,182,0.9594603583578177,10,34.29166666666665,2.533333333333349,1,stable_active,4,TRUE,5,0.8772893772893765,FALSE,stable_active,2026-10-04,available,official_roster_tracker,resolved,player_rate_shrunk_v1,2026-10-06 20:06:20 UTC
NBL,/matches/cairns-taipans-v-brisbane-bullets-men-08-10-2026,2026-10-08,2026-10-08 07:30 PM AEDT,cairns taipans,brisbane bullets,cairns taipans,Lloyd McVeigh,lloyd mcveigh,points,5.190592051905924,2.2906860353250513,0,6,3.4444444444444446,10,0.6909999334688198,10,3.925,0.8916666666666699,0.3,limited_recent_participation,1,FALSE,8,0.725000000000001,FALSE,rotation_sensitive,2026-10-04,available,official_roster_tracker,resolved,player_rate_shrunk_v1,2026-10-06 20:06:20 UTC
NBL,/matches/cairns-taipans-v-brisbane-bullets-men-08-10-2026,2026-10-08,2026-10-08 07:30 PM AEDT,cairns taipans,brisbane bullets,cairns taipans,Lloyd McVeigh,lloyd mcveigh,rebounds,5.190592051905924,0.9475913749202229,-0,2,1.2,10,0.6909999334688198,10,3.925,0.8916666666666699,0.3,limited_recent_participation,1,FALSE,8,0.725000000000001,FALSE,rotation_sensitive,2026-10-04,available,official_roster_tracker,resolved,player_rate_shrunk_v1,2026-10-06 20:06:20 UTC
NBL,/matches/cairns-taipans-v-brisbane-bullets-men-08-10-2026,2026-10-08,2026-10-08 07:30 PM AEDT,cairns taipans,brisbane bullets,cairns taipans,Lloyd McVeigh,lloyd mcveigh,assists,5.190592051905924,0.43870725835993607,-0,1,1.2,10,0.6909999334688198,10,3.925,0.8916666666666699,0.3,limited_recent_participation,1,FALSE,8,0.725000000000001,FALSE,rotation_sensitive,2026-10-04,available,official_roster_tracker,resolved,player_rate_shrunk_v1,2026-10-06 20:06:20 UTC
NBL,/matches/cairns-taipans-v-brisbane-bullets-men-08-10-2026,2026-10-08,2026-10-08 07:30 PM AEDT,cairns taipans,brisbane bullets,cairns taipans,Lloyd McVeigh,lloyd mcveigh,threes,5.190592051905924,0.22191699626004113,-0,1,1.2,10,0.6909999334688198,10,3.925,0.8916666666666699,0.3,limited_recent_participation,1,FALSE,8,0.725000000000001,FALSE,rotation_sensitive,2026-10-04,available,official_roster_tracker,resolved,player_rate_shrunk_v1,2026-10-06 20:06:20 UTC
NBL,/matches/cairns-taipans-v-brisbane-bullets-men-08-10-2026,2026-10-08,2026-10-08 07:30 PM AEDT,cairns taipans,brisbane bullets,cairns taipans,Reyne Smith,reyne smith,points,20.081103000811023,8.729418754963259,2,17,3.855676328502416,19,0.8852406003088356,10,20.158333333333303,3.9999999999999964,0.8,stable_active,4,TRUE,5,1.2066189624329162,FALSE,stable_active,2026-10-04,available,official_roster_tracker,resolved,player_rate_shrunk_v1,2026-10-06 20:06:20 UTC
NBL,/matches/cairns-taipans-v-brisbane-bullets-men-08-10-2026,2026-10-08,2026-10-08 07:30 PM AEDT,cairns taipans,brisbane bullets,cairns taipans,Reyne Smith,reyne smith,rebounds,20.081103000811023,2.664483645147403,0,5,1.4898989898989898,19,0.8852406003088356,10,20.158333333333303,3.9999999999999964,0.8,stable_active,4,TRUE,5,1.2066189624329162,FALSE,stable_active,2026-10-04,available,official_roster_tracker,resolved,player_rate_shrunk_v1,2026-10-06 20:06:20 UTC
NBL,/matches/cairns-taipans-v-brisbane-bullets-men-08-10-2026,2026-10-08,2026-10-08 07:30 PM AEDT,cairns taipans,brisbane bullets,cairns taipans,Reyne Smith,reyne smith,assists,20.081103000811023,1.4992059182572584,-0,4,1.5102880658436215,19,0.8852406003088356,10,20.158333333333303,3.9999999999999964,0.8,stable_active,4,TRUE,5,1.2066189624329162,FALSE,stable_active,2026-10-04,available,official_roster_tracker,resolved,player_rate_shrunk_v1,2026-10-06 20:06:20 UTC
NBL,/matches/cairns-taipans-v-brisbane-bullets-men-08-10-2026,2026-10-08,2026-10-08 07:30 PM AEDT,cairns taipans,brisbane bullets,cairns taipans,Reyne Smith,reyne smith,threes,20.081103000811023,1.4321399648886082,-0,3,1.2777777777777777,19,0.8852406003088356,10,20.158333333333303,3.9999999999999964,0.8,stable_active,4,TRUE,5,1.2066189624329162,FALSE,stable_active,2026-10-04,available,official_roster_tracker,resolved,player_rate_shrunk_v1,2026-10-06 20:06:20 UTC
NBL,/matches/cairns-taipans-v-brisbane-bullets-men-08-10-2026,2026-10-08,2026-10-08 07:30 PM AEDT,cairns taipans,brisbane bullets,cairns taipans,Jonah Bolden,jonah bolden,points,21.054339010543384,7.14289371542806,2,13,2.9814021017699113,65,0.7593065821025964,10,17.9333333333333,3.908333333333349,0.5,stable_active,4,TRUE,5,1.136192271442037,FALSE,stable_active,2026-10-04,available,official_roster_tracker,resolved,player_rate_shrunk_v1,2026-10-06 20:06:20 UTC
NBL,/matches/cairns-taipans-v-brisbane-bullets-men-08-10-2026,2026-10-08,2026-10-08 07:30 PM AEDT,cairns taipans,brisbane bullets,cairns taipans,Jonah Bolden,jonah bolden,rebounds,21.054339010543384,5.496350972106687,2,10,1.683957808564232,65,0.7593065821025964,10,17.9333333333333,3.908333333333349,0.5,stable_active,4,TRUE,5,1.136192271442037,FALSE,stable_active,2026-10-04,available,official_roster_tracker,resolved,player_rate_shrunk_v1,2026-10-06 20:06:20 UTC
NBL,/matches/cairns-taipans-v-brisbane-bullets-men-08-10-2026,2026-10-08,2026-10-08 07:30 PM AEDT,cairns taipans,brisbane bullets,cairns taipans,Jonah Bolden,jonah bolden,assists,21.054339010543384,1.3841187420297332,-0,3,1.2,65,0.7593065821025964,10,17.9333333333333,3.908333333333349,0.5,stable_active,4,TRUE,5,1.136192271442037,FALSE,stable_active,2026-10-04,available,official_roster_tracker,resolved,player_rate_shrunk_v1,2026-10-06 20:06:20 UTC
NBL,/matches/cairns-taipans-v-brisbane-bullets-men-08-10-2026,2026-10-08,2026-10-08 07:30 PM AEDT,cairns taipans,brisbane bullets,cairns taipans,Jonah Bolden,jonah bolden,threes,21.054339010543384,0.8652867124988037,-0,2,1.4755859374999998,65,0.7593065821025964,10,17.9333333333333,3.908333333333349,0.5,stable_active,4,TRUE,5,1.136192271442037,FALSE,stable_active,2026-10-04,available,official_roster_tracker,resolved,player_rate_shrunk_v1,2026-10-06 20:06:20 UTC
NBL,/matches/cairns-taipans-v-brisbane-bullets-men-08-10-2026,2026-10-08,2026-10-08 07:30 PM AEDT,cairns taipans,brisbane bullets,cairns taipans,Jaylon Brown,jaylon brown,points,26.5044606650446,12.314426645801344,4,22,3.8828125,5,0.7865689930755724,5,27.2333333333333,0.75,0.5,stable_active,4,TRUE,5,0.9690291840381186,FALSE,stable_active,2026-10-04,available,official_roster_tracker,resolved,player_rate_shrunk_v1,2026-10-06 20:06:20 UTC
NBL,/matches/cairns-taipans-v-brisbane-bullets-men-08-10-2026,2026-10-08,2026-10-08 07:30 PM AEDT,cairns taipans,brisbane bullets,cairns taipans,Jaylon Brown,jaylon brown,rebounds,26.5044606650446,4.1019304897887805,1,7,1.4615384615384615,5,0.7865689930755724,5,27.2333333333333,0.75,0.5,stable_active,4,TRUE,5,0.9690291840381186,FALSE,stable_active,2026-10-04,available,official_roster_tracker,resolved,player_rate_shrunk_v1,2026-10-06 20:06:20 UTC
NBL,/matches/cairns-taipans-v-brisbane-bullets-men-08-10-2026,2026-10-08,2026-10-08 07:30 PM AEDT,cairns taipans,brisbane bullets,cairns taipans,Jaylon Brown,jaylon brown,assists,26.5044606650446,2.822860244554599,1,5,1.2,5,0.7865689930755724,5,27.2333333333333,0.75,0.5,stable_active,4,TRUE,5,0.9690291840381186,FALSE,stable_active,2026-10-04,available,official_roster_tracker,resolved,player_rate_shrunk_v1,2026-10-06 20:06:20 UTC
NBL,/matches/cairns-taipans-v-brisbane-bullets-men-08-10-2026,2026-10-08,2026-10-08 07:30 PM AEDT,cairns taipans,brisbane bullets,cairns taipans,Jaylon Brown,jaylon brown,threes,26.5044606650446,1.269407704218192,-0,3,1.4166666666666667,5,0.7865689930755724,5,27.2333333333333,0.75,0.5,stable_active,4,TRUE,5,0.9690291840381186,FALSE,stable_active,2026-10-04,available,official_roster_tracker,resolved,player_rate_shrunk_v1,2026-10-06 20:06:20 UTC
NBL,/matches/cairns-taipans-v-brisbane-bullets-men-08-10-2026,2026-10-08,2026-10-08 07:30 PM AEDT,cairns taipans,brisbane bullets,cairns taipans,Walter Brown,walter brown,points,3.5847526358475275,1.5466519349377517,-0,4,1.8571428571428572,15,0.7568006783580066,10,3.60833333333333,0.841666666666665,0.4,stable_active,3,TRUE,5,1.2081447963800915,FALSE,stable_active,2026-10-04,available,official_roster_tracker,resolved,player_rate_shrunk_v1,2026-10-06 20:06:20 UTC
NBL,/matches/cairns-taipans-v-brisbane-bullets-men-08-10-2026,2026-10-08,2026-10-08 07:30 PM AEDT,cairns taipans,brisbane bullets,cairns taipans,Walter Brown,walter brown,rebounds,3.5847526358475275,0.636219609969623,-0,2,1.2,15,0.7568006783580066,10,3.60833333333333,0.841666666666665,0.4,stable_active,3,TRUE,5,1.2081447963800915,FALSE,stable_active,2026-10-04,available,official_roster_tracker,resolved,player_rate_shrunk_v1,2026-10-06 20:06:20 UTC
NBL,/matches/cairns-taipans-v-brisbane-bullets-men-08-10-2026,2026-10-08,2026-10-08 07:30 PM AEDT,cairns taipans,brisbane bullets,cairns taipans,Walter Brown,walter brown,assists,3.5847526358475275,0.3145522218574136,-0,1,1.2,15,0.7568006783580066,10,3.60833333333333,0.841666666666665,0.4,stable_active,3,TRUE,5,1.2081447963800915,FALSE,stable_active,2026-10-04,available,official_roster_tracker,resolved,player_rate_shrunk_v1,2026-10-06 20:06:20 UTC
NBL,/matches/cairns-taipans-v-brisbane-bullets-men-08-10-2026,2026-10-08,2026-10-08 07:30 PM AEDT,cairns taipans,brisbane bullets,cairns taipans,Walter Brown,walter brown,threes,3.5847526358475275,0.1746309630714527,-0,1,1.2,15,0.7568006783580066,10,3.60833333333333,0.841666666666665,0.4,stable_active,3,TRUE,5,1.2081447963800915,FALSE,stable_active,2026-10-04,available,official_roster_tracker,resolved,player_rate_shrunk_v1,2026-10-06 20:06:20 UTC
NBL,/matches/cairns-taipans-v-brisbane-bullets-men-08-10-2026,2026-10-08,2026-10-08 07:30 PM AEDT,cairns taipans,brisbane bullets,cairns taipans,Sunday Dech,sunday dech,points,9.180859691808605,2.98625754732765,0,8,4.212698412698413,181,0.786842321642377,10,9.516666666666666,1.9749999999999854,0.5,stable_active,4,TRUE,5,1.2068345323740985,FALSE,stable_active,2026-10-04,available,official_roster_tracker,resolved,player_rate_shrunk_v1,2026-10-06 20:06:20 UTC
NBL,/matches/cairns-taipans-v-brisbane-bullets-men-08-10-2026,2026-10-08,2026-10-08 07:30 PM AEDT,cairns taipans,brisbane bullets,cairns taipans,Sunday Dech,sunday dech,rebounds,9.180859691808605,1.0860402206125002,-0,3,1.8175050301810864,181,0.786842321642377,10,9.516666666666666,1.9749999999999854,0.5,stable_active,4,TRUE,5,1.2068345323740985,FALSE,stable_active,2026-10-04,available,official_roster_tracker,resolved,player_rate_shrunk_v1,2026-10-06 20:06:20 UTC
NBL,/matches/cairns-taipans-v-brisbane-bullets-men-08-10-2026,2026-10-08,2026-10-08 07:30 PM AEDT,cairns taipans,brisbane bullets,cairns taipans,Sunday Dech,sunday dech,assists,9.180859691808605,0.5815546752561724,-0,2,1.2510572856593618,181,0.786842321642377,10,9.516666666666666,1.9749999999999854,0.5,stable_active,4,TRUE,5,1.2068345323740985,FALSE,stable_active,2026-10-04,available,official_roster_tracker,resolved,player_rate_shrunk_v1,2026-10-06 20:06:20 UTC
NBL,/matches/cairns-taipans-v-brisbane-bullets-men-08-10-2026,2026-10-08,2026-10-08 07:30 PM AEDT,cairns taipans,brisbane bullets,cairns taipans,Sunday Dech,sunday dech,threes,9.180859691808605,0.4535319388874779,-0,1,1.2,181,0.786842321642377,10,9.516666666666666,1.9749999999999854,0.5,stable_active,4,TRUE,5,1.2068345323740985,FALSE,stable_active,2026-10-04,available,official_roster_tracker,resolved,player_rate_shrunk_v1,2026-10-06 20:06:20 UTC
NBL,/matches/cairns-taipans-v-brisbane-bullets-men-08-10-2026,2026-10-08,2026-10-08 07:30 PM AEDT,cairns taipans,brisbane bullets,cairns taipans,Malique Lewis,malique lewis,points,28.012976480129762,9.754335516265058,4,17,2.626741809624079,68,0.7856342328109545,10,25.283333333333303,4,0.5,stable_active,4,TRUE,5,1.4562951082598252,FALSE,stable_active,2026-10-04,available,official_roster_tracker,resolved,player_rate_shrunk_v1,2026-10-06 20:06:20 UTC
NBL,/matches/cairns-taipans-v-brisbane-bullets-men-08-10-2026,2026-10-08,2026-10-08 07:30 PM AEDT,cairns taipans,brisbane bullets,cairns taipans,Malique Lewis,malique lewis,rebounds,28.012976480129762,5.43130743744251,2,9,1.2,68,0.7856342328109545,10,25.283333333333303,4,0.5,stable_active,4,TRUE,5,1.4562951082598252,FALSE,stable_active,2026-10-04,available,official_roster_tracker,resolved,player_rate_shrunk_v1,2026-10-06 20:06:20 UTC
NBL,/matches/cairns-taipans-v-brisbane-bullets-men-08-10-2026,2026-10-08,2026-10-08 07:30 PM AEDT,cairns taipans,brisbane bullets,cairns taipans,Malique Lewis,malique lewis,assists,28.012976480129762,2.218164257361898,0,5,1.4140409065782202,68,0.7856342328109545,10,25.283333333333303,4,0.5,stable_active,4,TRUE,5,1.4562951082598252,FALSE,stable_active,2026-10-04,available,official_roster_tracker,resolved,player_rate_shrunk_v1,2026-10-06 20:06:20 UTC
NBL,/matches/cairns-taipans-v-brisbane-bullets-men-08-10-2026,2026-10-08,2026-10-08 07:30 PM AEDT,cairns taipans,brisbane bullets,cairns taipans,Malique Lewis,malique lewis,threes,28.012976480129762,1.3742201845287394,-0,3,1.2,68,0.7856342328109545,10,25.283333333333303,4,0.5,stable_active,4,TRUE,5,1.4562951082598252,FALSE,stable_active,2026-10-04,available,official_roster_tracker,resolved,player_rate_shrunk_v1,2026-10-06 20:06:20 UTC
NBL,/matches/cairns-taipans-v-brisbane-bullets-men-08-10-2026,2026-10-08,2026-10-08 07:30 PM AEDT,cairns taipans,brisbane bullets,cairns taipans,Brody Nunn,brody nunn,points,7.234387672343882,2.8758287565783593,-0,6,2.5714285714285716,8,0.4639448674121765,8,8.48333333333333,3.01666666666665,0,limited_recent_participation,0,FALSE,217,,FALSE,rotation_sensitive,2026-10-04,available,official_roster_tracker,resolved,player_rate_shrunk_v1,2026-10-06 20:06:20 UTC
NBL,/matches/cairns-taipans-v-brisbane-bullets-men-08-10-2026,2026-10-08,2026-10-08 07:30 PM AEDT,cairns taipans,brisbane bullets,cairns taipans,Brody Nunn,brody nunn,rebounds,7.234387672343882,1.1481790617181395,-0,3,1.2,8,0.4639448674121765,8,8.48333333333333,3.01666666666665,0,limited_recent_participation,0,FALSE,217,,FALSE,rotation_sensitive,2026-10-04,available,official_roster_tracker,resolved,player_rate_shrunk_v1,2026-10-06 20:06:20 UTC
NBL,/matches/cairns-taipans-v-brisbane-bullets-men-08-10-2026,2026-10-08,2026-10-08 07:30 PM AEDT,cairns taipans,brisbane bullets,cairns taipans,Brody Nunn,brody nunn,assists,7.234387672343882,0.7348469044151867,-0,2,1.6349206349206349,8,0.4639448674121765,8,8.48333333333333,3.01666666666665,0,limited_recent_participation,0,FALSE,217,,FALSE,rotation_sensitive,2026-10-04,available,official_roster_tracker,resolved,player_rate_shrunk_v1,2026-10-06 20:06:20 UTC
NBL,/matches/cairns-taipans-v-brisbane-bullets-men-08-10-2026,2026-10-08,2026-10-08 07:30 PM AEDT,cairns taipans,brisbane bullets,cairns taipans,Brody Nunn,brody nunn,threes,7.234387672343882,0.291968552940629,-0,1,1.2,8,0.4639448674121765,8,8.48333333333333,3.01666666666665,0,limited_recent_participation,0,FALSE,217,,FALSE,rotation_sensitive,2026-10-04,available,official_roster_tracker,resolved,player_rate_shrunk_v1,2026-10-06 20:06:20 UTC
NBL,/matches/cairns-taipans-v-brisbane-bullets-men-08-10-2026,2026-10-08,2026-10-08 07:30 PM AEDT,cairns taipans,brisbane bullets,cairns taipans,Keanu Pinder,keanu pinder,points,26.212489862124897,16.425603253022306,6,29,5.30487071087529,147,0.8216951360009149,10,26.075000000000003,2.4833333333333005,0.5,stable_active,4,TRUE,5,1.0613975576662131,FALSE,stable_active,2026-10-04,available,official_roster_tracker,resolved,player_rate_shrunk_v1,2026-10-06 20:06:20 UTC
NBL,/matches/cairns-taipans-v-brisbane-bullets-men-08-10-2026,2026-10-08,2026-10-08 07:30 PM AEDT,cairns taipans,brisbane bullets,cairns taipans,Keanu Pinder,keanu pinder,rebounds,26.212489862124897,6.196531210406133,2,11,1.9325067493250676,147,0.8216951360009149,10,26.075000000000003,2.4833333333333005,0.5,stable_active,4,TRUE,5,1.0613975576662131,FALSE,stable_active,2026-10-04,available,official_roster_tracker,resolved,player_rate_shrunk_v1,2026-10-06 20:06:20 UTC
NBL,/matches/cairns-taipans-v-brisbane-bullets-men-08-10-2026,2026-10-08,2026-10-08 07:30 PM AEDT,cairns taipans,brisbane bullets,cairns taipans,Keanu Pinder,keanu pinder,assists,26.212489862124897,1.9401828175461169,0,4,1.3595394083780028,147,0.8216951360009149,10,26.075000000000003,2.4833333333333005,0.5,stable_active,4,TRUE,5,1.0613975576662131,FALSE,stable_active,2026-10-04,available,official_roster_tracker,resolved,player_rate_shrunk_v1,2026-10-06 20:06:20 UTC
NBL,/matches/cairns-taipans-v-brisbane-bullets-men-08-10-2026,2026-10-08,2026-10-08 07:30 PM AEDT,cairns taipans,brisbane bullets,cairns taipans,Keanu Pinder,keanu pinder,threes,26.212489862124897,1.0398527172649146,-0,3,1.4524250277674935,147,0.8216951360009149,10,26.075000000000003,2.4833333333333005,0.5,stable_active,4,TRUE,5,1.0613975576662131,FALSE,stable_active,2026-10-04,available,official_roster_tracker,resolved,player_rate_shrunk_v1,2026-10-06 20:06:20 UTC
NBL,/matches/cairns-taipans-v-brisbane-bullets-men-08-10-2026,2026-10-08,2026-10-08 07:30 PM AEDT,cairns taipans,brisbane bullets,cairns taipans,Kobe Williamson,kobe williamson,points,2.9521492295214924,1.2735330937169131,-0,3,1.2,5,0.5147007006448878,5,3.03333333333333,0.3500000000000001,0,limited_recent_participation,0,FALSE,334,,FALSE,rotation_sensitive,2026-10-04,available,official_roster_tracker,resolved,player_rate_shrunk_v1,2026-10-06 20:06:20 UTC
NBL,/matches/cairns-taipans-v-brisbane-bullets-men-08-10-2026,2026-10-08,2026-10-08 07:30 PM AEDT,cairns taipans,brisbane bullets,cairns taipans,Kobe Williamson,kobe williamson,rebounds,2.9521492295214924,0.5379508786329177,-0,2,1.2,5,0.5147007006448878,5,3.03333333333333,0.3500000000000001,0,limited_recent_participation,0,FALSE,334,,FALSE,rotation_sensitive,2026-10-04,available,official_roster_tracker,resolved,player_rate_shrunk_v1,2026-10-06 20:06:20 UTC
NBL,/matches/cairns-taipans-v-brisbane-bullets-men-08-10-2026,2026-10-08,2026-10-08 07:30 PM AEDT,cairns taipans,brisbane bullets,cairns taipans,Kobe Williamson,kobe williamson,assists,2.9521492295214924,0.2611958817035661,-0,1,1.2,5,0.5147007006448878,5,3.03333333333333,0.3500000000000001,0,limited_recent_participation,0,FALSE,334,,FALSE,rotation_sensitive,2026-10-04,available,official_roster_tracker,resolved,player_rate_shrunk_v1,2026-10-06 20:06:20 UTC
NBL,/matches/cairns-taipans-v-brisbane-bullets-men-08-10-2026,2026-10-08,2026-10-08 07:30 PM AEDT,cairns taipans,brisbane bullets,cairns taipans,Kobe Williamson,kobe williamson,threes,2.9521492295214924,0.13679463841864584,-0,1,1.2,5,0.5147007006448878,5,3.03333333333333,0.3500000000000001,0,limited_recent_participation,0,FALSE,334,,FALSE,rotation_sensitive,2026-10-04,available,official_roster_tracker,resolved,player_rate_shrunk_v1,2026-10-06 20:06:20 UTC
NBL,/matches/cairns-taipans-v-brisbane-bullets-men-08-10-2026,2026-10-08,2026-10-08 07:30 PM AEDT,cairns taipans,brisbane bullets,cairns taipans,Luca Yates,luca yates,points,4.314679643146798,1.7205338771919454,-0,4,2.285714285714286,11,0.5118900727178634,10,4.40833333333333,1.4833333333333296,0,limited_recent_participation,0,FALSE,237,,FALSE,rotation_sensitive,2026-10-04,available,official_roster_tracker,resolved,player_rate_shrunk_v1,2026-10-06 20:06:20 UTC
NBL,/matches/cairns-taipans-v-brisbane-bullets-men-08-10-2026,2026-10-08,2026-10-08 07:30 PM AEDT,cairns taipans,brisbane bullets,cairns taipans,Luca Yates,luca yates,rebounds,4.314679643146798,0.7154084034466459,-0,2,1.2,11,0.5118900727178634,10,4.40833333333333,1.4833333333333296,0,limited_recent_participation,0,FALSE,237,,FALSE,rotation_sensitive,2026-10-04,available,official_roster_tracker,resolved,player_rate_shrunk_v1,2026-10-06 20:06:20 UTC
NBL,/matches/cairns-taipans-v-brisbane-bullets-men-08-10-2026,2026-10-08,2026-10-08 07:30 PM AEDT,cairns taipans,brisbane bullets,cairns taipans,Luca Yates,luca yates,assists,4.314679643146798,0.3477017055888109,-0,1,1.2,11,0.5118900727178634,10,4.40833333333333,1.4833333333333296,0,limited_recent_participation,0,FALSE,237,,FALSE,rotation_sensitive,2026-10-04,available,official_roster_tracker,resolved,player_rate_shrunk_v1,2026-10-06 20:06:20 UTC
NBL,/matches/cairns-taipans-v-brisbane-bullets-men-08-10-2026,2026-10-08,2026-10-08 07:30 PM AEDT,cairns taipans,brisbane bullets,cairns taipans,Luca Yates,luca yates,threes,4.314679643146798,0.18775392744989178,-0,1,1.2,11,0.5118900727178634,10,4.40833333333333,1.4833333333333296,0,limited_recent_participation,0,FALSE,237,,FALSE,rotation_sensitive,2026-10-04,available,official_roster_tracker,resolved,player_rate_shrunk_v1,2026-10-06 20:06:20 UTC
NBL,/matches/cairns-taipans-v-brisbane-bullets-men-08-10-2026,2026-10-08,2026-10-08 07:30 PM AEDT,cairns taipans,brisbane bullets,brisbane bullets,Tyrell Harrison,tyrell harrison,points,21.815130750943933,12.155291114791892,4,22,4.015652790797842,146,0.8147403501360634,10,24.95833333333335,3.72499999999995,0.6,stable_active,4,TRUE,5,1.922444183313752,FALSE,stable_active,2026-10-04,available,official_roster_tracker,resolved,player_rate_shrunk_v1,2026-10-06 20:06:20 UTC
NBL,/matches/cairns-taipans-v-brisbane-bullets-men-08-10-2026,2026-10-08,2026-10-08 07:30 PM AEDT,cairns taipans,brisbane bullets,brisbane bullets,Tyrell Harrison,tyrell harrison,rebounds,21.815130750943933,7.013164595690742,2,12,2.3516963572594367,146,0.8147403501360634,10,24.95833333333335,3.72499999999995,0.6,stable_active,4,TRUE,5,1.922444183313752,FALSE,stable_active,2026-10-04,available,official_roster_tracker,resolved,player_rate_shrunk_v1,2026-10-06 20:06:20 UTC
NBL,/matches/cairns-taipans-v-brisbane-bullets-men-08-10-2026,2026-10-08,2026-10-08 07:30 PM AEDT,cairns taipans,brisbane bullets,brisbane bullets,Tyrell Harrison,tyrell harrison,assists,21.815130750943933,1.4559551126007015,-0,3,1.2549665465774575,146,0.8147403501360634,10,24.95833333333335,3.72499999999995,0.6,stable_active,4,TRUE,5,1.922444183313752,FALSE,stable_active,2026-10-04,available,official_roster_tracker,resolved,player_rate_shrunk_v1,2026-10-06 20:06:20 UTC
NBL,/matches/cairns-taipans-v-brisbane-bullets-men-08-10-2026,2026-10-08,2026-10-08 07:30 PM AEDT,cairns taipans,brisbane bullets,brisbane bullets,Tyrell Harrison,tyrell harrison,threes,21.815130750943933,0.2319169391719915,-0,1,1.2,146,0.8147403501360634,10,24.95833333333335,3.72499999999995,0.6,stable_active,4,TRUE,5,1.922444183313752,FALSE,stable_active,2026-10-04,available,official_roster_tracker,resolved,player_rate_shrunk_v1,2026-10-06 20:06:20 UTC
NBL,/matches/cairns-taipans-v-brisbane-bullets-men-08-10-2026,2026-10-08,2026-10-08 07:30 PM AEDT,cairns taipans,brisbane bullets,brisbane bullets,Jacob Holt,jacob holt,points,11.746608865892888,5.659950697117119,1,12,3.7020689655172414,26,0.8437692717341245,10,21.2333333333333,6.9916666666666485,1,role_declining,4,TRUE,5,0.48692602040816385,FALSE,rotation_sensitive,2026-10-04,available,official_roster_tracker,resolved,player_rate_shrunk_v1,2026-10-06 20:06:20 UTC
NBL,/matches/cairns-taipans-v-brisbane-bullets-men-08-10-2026,2026-10-08,2026-10-08 07:30 PM AEDT,cairns taipans,brisbane bullets,brisbane bullets,Jacob Holt,jacob holt,rebounds,11.746608865892888,2.75803059229603,1,5,1.3650793650793651,26,0.8437692717341245,10,21.2333333333333,6.9916666666666485,1,role_declining,4,TRUE,5,0.48692602040816385,FALSE,rotation_sensitive,2026-10-04,available,official_roster_tracker,resolved,player_rate_shrunk_v1,2026-10-06 20:06:20 UTC
NBL,/matches/cairns-taipans-v-brisbane-bullets-men-08-10-2026,2026-10-08,2026-10-08 07:30 PM AEDT,cairns taipans,brisbane bullets,brisbane bullets,Jacob Holt,jacob holt,assists,11.746608865892888,0.7235221293328706,-0,2,1.2,26,0.8437692717341245,10,21.2333333333333,6.9916666666666485,1,role_declining,4,TRUE,5,0.48692602040816385,FALSE,rotation_sensitive,2026-10-04,available,official_roster_tracker,resolved,player_rate_shrunk_v1,2026-10-06 20:06:20 UTC
NBL,/matches/cairns-taipans-v-brisbane-bullets-men-08-10-2026,2026-10-08,2026-10-08 07:30 PM AEDT,cairns taipans,brisbane bullets,brisbane bullets,Jacob Holt,jacob holt,threes,11.746608865892888,0.3796794823211116,-0,1,2.0959999999999996,26,0.8437692717341245,10,21.2333333333333,6.9916666666666485,1,role_declining,4,TRUE,5,0.48692602040816385,FALSE,rotation_sensitive,2026-10-04,available,official_roster_tracker,resolved,player_rate_shrunk_v1,2026-10-06 20:06:20 UTC
NBL,/matches/cairns-taipans-v-brisbane-bullets-men-08-10-2026,2026-10-08,2026-10-08 07:30 PM AEDT,cairns taipans,brisbane bullets,brisbane bullets,Sam McDaniel,sam mcdaniel,points,19.409872745070604,8.11123601037561,3,15,3.0147058823529407,129,0.5805794760834015,10,16.9583333333333,8.899999999999984,0.1,limited_recent_participation,1,TRUE,5,0.4582132564841505,FALSE,rotation_sensitive,2026-10-04,available,official_roster_tracker,resolved,player_rate_shrunk_v1,2026-10-06 20:06:20 UTC
NBL,/matches/cairns-taipans-v-brisbane-bullets-men-08-10-2026,2026-10-08,2026-10-08 07:30 PM AEDT,cairns taipans,brisbane bullets,brisbane bullets,Sam McDaniel,sam mcdaniel,rebounds,19.409872745070604,3.122027556278404,1,6,1.6155397022332505,129,0.5805794760834015,10,16.9583333333333,8.899999999999984,0.1,limited_recent_participation,1,TRUE,5,0.4582132564841505,FALSE,rotation_sensitive,2026-10-04,available,official_roster_tracker,resolved,player_rate_shrunk_v1,2026-10-06 20:06:20 UTC
NBL,/matches/cairns-taipans-v-brisbane-bullets-men-08-10-2026,2026-10-08,2026-10-08 07:30 PM AEDT,cairns taipans,brisbane bullets,brisbane bullets,Sam McDaniel,sam mcdaniel,assists,19.409872745070604,1.6262971573055272,-0,3,1.2,129,0.5805794760834015,10,16.9583333333333,8.899999999999984,0.1,limited_recent_participation,1,TRUE,5,0.4582132564841505,FALSE,rotation_sensitive,2026-10-04,available,official_roster_tracker,resolved,player_rate_shrunk_v1,2026-10-06 20:06:20 UTC
NBL,/matches/cairns-taipans-v-brisbane-bullets-men-08-10-2026,2026-10-08,2026-10-08 07:30 PM AEDT,cairns taipans,brisbane bullets,brisbane bullets,Sam McDaniel,sam mcdaniel,threes,19.409872745070604,0.9380540356197365,-0,2,1.2,129,0.5805794760834015,10,16.9583333333333,8.899999999999984,0.1,limited_recent_participation,1,TRUE,5,0.4582132564841505,FALSE,rotation_sensitive,2026-10-04,available,official_roster_tracker,resolved,player_rate_shrunk_v1,2026-10-06 20:06:20 UTC
NBL,/matches/cairns-taipans-v-brisbane-bullets-men-08-10-2026,2026-10-08,2026-10-08 07:30 PM AEDT,cairns taipans,brisbane bullets,brisbane bullets,Mitch Norton,mitch norton,points,12.431827716403333,3.8462256225610654,-0,9,3.349887171772429,129,0.8475961921137144,10,23.5083333333333,7,1,role_declining,4,TRUE,5,0.4482071713147416,FALSE,rotation_sensitive,2026-10-04,available,official_roster_tracker,resolved,player_rate_shrunk_v1,2026-10-06 20:06:20 UTC
NBL,/matches/cairns-taipans-v-brisbane-bullets-men-08-10-2026,2026-10-08,2026-10-08 07:30 PM AEDT,cairns taipans,brisbane bullets,brisbane bullets,Mitch Norton,mitch norton,rebounds,12.431827716403333,1.296689855806788,-0,3,1.2,129,0.8475961921137144,10,23.5083333333333,7,1,role_declining,4,TRUE,5,0.4482071713147416,FALSE,rotation_sensitive,2026-10-04,available,official_roster_tracker,resolved,player_rate_shrunk_v1,2026-10-06 20:06:20 UTC
NBL,/matches/cairns-taipans-v-brisbane-bullets-men-08-10-2026,2026-10-08,2026-10-08 07:30 PM AEDT,cairns taipans,brisbane bullets,brisbane bullets,Mitch Norton,mitch norton,assists,12.431827716403333,1.3866915638050523,-0,3,1.4091499307479225,129,0.8475961921137144,10,23.5083333333333,7,1,role_declining,4,TRUE,5,0.4482071713147416,FALSE,rotation_sensitive,2026-10-04,available,official_roster_tracker,resolved,player_rate_shrunk_v1,2026-10-06 20:06:20 UTC
NBL,/matches/cairns-taipans-v-brisbane-bullets-men-08-10-2026,2026-10-08,2026-10-08 07:30 PM AEDT,cairns taipans,brisbane bullets,brisbane bullets,Mitch Norton,mitch norton,threes,12.431827716403333,0.35784909730997677,-0,1,1.2,129,0.8475961921137144,10,23.5083333333333,7,1,role_declining,4,TRUE,5,0.4482071713147416,FALSE,rotation_sensitive,2026-10-04,available,official_roster_tracker,resolved,player_rate_shrunk_v1,2026-10-06 20:06:20 UTC
NBL,/matches/cairns-taipans-v-brisbane-bullets-men-08-10-2026,2026-10-08,2026-10-08 07:30 PM AEDT,cairns taipans,brisbane bullets,brisbane bullets,Rio Bruton,rio bruton,points,6.712347923367364,3.0861216968086005,1,6,1.5,0,0,0,,,0,limited_recent_participation,0,FALSE,Inf,,FALSE,rotation_sensitive,2026-10-04,cold_start,official_roster_tracker,resolved,player_rate_shrunk_v1,2026-10-06 20:06:20 UTC
NBL,/matches/cairns-taipans-v-brisbane-bullets-men-08-10-2026,2026-10-08,2026-10-08 07:30 PM AEDT,cairns taipans,brisbane bullets,brisbane bullets,Rio Bruton,rio bruton,rebounds,6.712347923367364,1.214105276443375,-0,3,1.5,0,0,0,,,0,limited_recent_participation,0,FALSE,Inf,,FALSE,rotation_sensitive,2026-10-04,cold_start,official_roster_tracker,resolved,player_rate_shrunk_v1,2026-10-06 20:06:20 UTC
NBL,/matches/cairns-taipans-v-brisbane-bullets-men-08-10-2026,2026-10-08,2026-10-08 07:30 PM AEDT,cairns taipans,brisbane bullets,brisbane bullets,Rio Bruton,rio bruton,assists,6.712347923367364,0.6329496120825642,-0,2,1.5,0,0,0,,,0,limited_recent_participation,0,FALSE,Inf,,FALSE,rotation_sensitive,2026-10-04,cold_start,official_roster_tracker,resolved,player_rate_shrunk_v1,2026-10-06 20:06:20 UTC
NBL,/matches/cairns-taipans-v-brisbane-bullets-men-08-10-2026,2026-10-08,2026-10-08 07:30 PM AEDT,cairns taipans,brisbane bullets,brisbane bullets,Rio Bruton,rio bruton,threes,6.712347923367364,0.3314911121773417,-0,1,1.5,0,0,0,,,0,limited_recent_participation,0,FALSE,Inf,,FALSE,rotation_sensitive,2026-10-04,cold_start,official_roster_tracker,resolved,player_rate_shrunk_v1,2026-10-06 20:06:20 UTC
NBL,/matches/cairns-taipans-v-brisbane-bullets-men-08-10-2026,2026-10-08,2026-10-08 07:30 PM AEDT,cairns taipans,brisbane bullets,brisbane bullets,Josh Duach,josh duach,points,6.712347923367364,3.0861216968086005,1,6,1.5,0,0,0,,,0,limited_recent_participation,0,FALSE,Inf,,FALSE,rotation_sensitive,2026-10-04,cold_start,official_roster_tracker,resolved,player_rate_shrunk_v1,2026-10-06 20:06:20 UTC
NBL,/matches/cairns-taipans-v-brisbane-bullets-men-08-10-2026,2026-10-08,2026-10-08 07:30 PM AEDT,cairns taipans,brisbane bullets,brisbane bullets,Josh Duach,josh duach,rebounds,6.712347923367364,1.214105276443375,-0,3,1.5,0,0,0,,,0,limited_recent_participation,0,FALSE,Inf,,FALSE,rotation_sensitive,2026-10-04,cold_start,official_roster_tracker,resolved,player_rate_shrunk_v1,2026-10-06 20:06:20 UTC
NBL,/matches/cairns-taipans-v-brisbane-bullets-men-08-10-2026,2026-10-08,2026-10-08 07:30 PM AEDT,cairns taipans,brisbane bullets,brisbane bullets,Josh Duach,josh duach,assists,6.712347923367364,0.6329496120825642,-0,2,1.5,0,0,0,,,0,limited_recent_participation,0,FALSE,Inf,,FALSE,rotation_sensitive,2026-10-04,cold_start,official_roster_tracker,resolved,player_rate_shrunk_v1,2026-10-06 20:06:20 UTC
NBL,/matches/cairns-taipans-v-brisbane-bullets-men-08-10-2026,2026-10-08,2026-10-08 07:30 PM AEDT,cairns taipans,brisbane bullets,brisbane bullets,Josh Duach,josh duach,threes,6.712347923367364,0.3314911121773417,-0,1,1.5,0,0,0,,,0,limited_recent_participation,0,FALSE,Inf,,FALSE,rotation_sensitive,2026-10-04,cold_start,official_roster_tracker,resolved,player_rate_shrunk_v1,2026-10-06 20:06:20 UTC
NBL,/matches/cairns-taipans-v-brisbane-bullets-men-08-10-2026,2026-10-08,2026-10-08 07:30 PM AEDT,cairns taipans,brisbane bullets,brisbane bullets,Nate Hinton,nate hinton,points,26.555726471822133,12.566669178837614,8,18,1.2,4,0.7170582674323709,4,31.65,1.424999999999999,0.4,stable_active,4,TRUE,5,,FALSE,stable_active,2026-10-04,available,official_roster_tracker,resolved,player_rate_shrunk_v1,2026-10-06 20:06:20 UTC
NBL,/matches/cairns-taipans-v-brisbane-bullets-men-08-10-2026,2026-10-08,2026-10-08 07:30 PM AEDT,cairns taipans,brisbane bullets,brisbane bullets,Nate Hinton,nate hinton,rebounds,26.555726471822133,5.057210048942535,2,8,1.3209876543209875,4,0.7170582674323709,4,31.65,1.424999999999999,0.4,stable_active,4,TRUE,5,,FALSE,stable_active,2026-10-04,available,official_roster_tracker,resolved,player_rate_shrunk_v1,2026-10-06 20:06:20 UTC
NBL,/matches/cairns-taipans-v-brisbane-bullets-men-08-10-2026,2026-10-08,2026-10-08 07:30 PM AEDT,cairns taipans,brisbane bullets,brisbane bullets,Nate Hinton,nate hinton,assists,26.555726471822133,2.5072861504566473,0,5,1.2,4,0.7170582674323709,4,31.65,1.424999999999999,0.4,stable_active,4,TRUE,5,,FALSE,stable_active,2026-10-04,available,official_roster_tracker,resolved,player_rate_shrunk_v1,2026-10-06 20:06:20 UTC
NBL,/matches/cairns-taipans-v-brisbane-bullets-men-08-10-2026,2026-10-08,2026-10-08 07:30 PM AEDT,cairns taipans,brisbane bullets,brisbane bullets,Nate Hinton,nate hinton,threes,26.555726471822133,1.4198749963833754,-0,3,1.2,4,0.7170582674323709,4,31.65,1.424999999999999,0.4,stable_active,4,TRUE,5,,FALSE,stable_active,2026-10-04,available,official_roster_tracker,resolved,player_rate_shrunk_v1,2026-10-06 20:06:20 UTC
NBL,/matches/cairns-taipans-v-brisbane-bullets-men-08-10-2026,2026-10-08,2026-10-08 07:30 PM AEDT,cairns taipans,brisbane bullets,brisbane bullets,Max Mackinnon,max mackinnon,points,25.031464130890768,12.406168292071282,1,29,12.250704225352113,6,0.7022656259047263,6,26.55,6.666666666666648,0.4,stable_active,4,TRUE,5,7.514344262295078,FALSE,stable_active,2026-10-04,available,official_roster_tracker,resolved,player_rate_shrunk_v1,2026-10-06 20:06:20 UTC
NBL,/matches/cairns-taipans-v-brisbane-bullets-men-08-10-2026,2026-10-08,2026-10-08 07:30 PM AEDT,cairns taipans,brisbane bullets,brisbane bullets,Max Mackinnon,max mackinnon,rebounds,25.031464130890768,4.729223457714827,-0,11,4.676923076923077,6,0.7022656259047263,6,26.55,6.666666666666648,0.4,stable_active,4,TRUE,5,7.514344262295078,FALSE,stable_active,2026-10-04,available,official_roster_tracker,resolved,player_rate_shrunk_v1,2026-10-06 20:06:20 UTC
NBL,/matches/cairns-taipans-v-brisbane-bullets-men-08-10-2026,2026-10-08,2026-10-08 07:30 PM AEDT,cairns taipans,brisbane bullets,brisbane bullets,Max Mackinnon,max mackinnon,assists,25.031464130890768,1.9265173249029026,-0,4,1.6,6,0.7022656259047263,6,26.55,6.666666666666648,0.4,stable_active,4,TRUE,5,7.514344262295078,FALSE,stable_active,2026-10-04,available,official_roster_tracker,resolved,player_rate_shrunk_v1,2026-10-06 20:06:20 UTC
NBL,/matches/cairns-taipans-v-brisbane-bullets-men-08-10-2026,2026-10-08,2026-10-08 07:30 PM AEDT,cairns taipans,brisbane bullets,brisbane bullets,Max Mackinnon,max mackinnon,threes,25.031464130890768,1.6596171510805195,0,5,3.2153846153846155,6,0.7022656259047263,6,26.55,6.666666666666648,0.4,stable_active,4,TRUE,5,7.514344262295078,FALSE,stable_active,2026-10-04,available,official_roster_tracker,resolved,player_rate_shrunk_v1,2026-10-06 20:06:20 UTC
NBL,/matches/cairns-taipans-v-brisbane-bullets-men-08-10-2026,2026-10-08,2026-10-08 07:30 PM AEDT,cairns taipans,brisbane bullets,brisbane bullets,Lat Mayen,lat mayen,points,13.788281359250433,4.019472970357443,-0,9,4.033695180199739,99,0.7606715362354988,10,13.51666666666665,4.525,0.5,stable_active,4,TRUE,5,2.5651658767772503,FALSE,stable_active,2026-10-04,available,official_roster_tracker,resolved,player_rate_shrunk_v1,2026-10-06 20:06:20 UTC
NBL,/matches/cairns-taipans-v-brisbane-bullets-men-08-10-2026,2026-10-08,2026-10-08 07:30 PM AEDT,cairns taipans,brisbane bullets,brisbane bullets,Lat Mayen,lat mayen,rebounds,13.788281359250433,2.5615894697023553,0,5,1.6897824919441462,99,0.7606715362354988,10,13.51666666666665,4.525,0.5,stable_active,4,TRUE,5,2.5651658767772503,FALSE,stable_active,2026-10-04,available,official_roster_tracker,resolved,player_rate_shrunk_v1,2026-10-06 20:06:20 UTC
NBL,/matches/cairns-taipans-v-brisbane-bullets-men-08-10-2026,2026-10-08,2026-10-08 07:30 PM AEDT,cairns taipans,brisbane bullets,brisbane bullets,Lat Mayen,lat mayen,assists,13.788281359250433,0.6126591264665403,-0,2,1.2693877551020407,99,0.7606715362354988,10,13.51666666666665,4.525,0.5,stable_active,4,TRUE,5,2.5651658767772503,FALSE,stable_active,2026-10-04,available,official_roster_tracker,resolved,player_rate_shrunk_v1,2026-10-06 20:06:20 UTC
NBL,/matches/cairns-taipans-v-brisbane-bullets-men-08-10-2026,2026-10-08,2026-10-08 07:30 PM AEDT,cairns taipans,brisbane bullets,brisbane bullets,Lat Mayen,lat mayen,threes,13.788281359250433,0.5216133322970817,-0,2,1.3638483965014578,99,0.7606715362354988,10,13.51666666666665,4.525,0.5,stable_active,4,TRUE,5,2.5651658767772503,FALSE,stable_active,2026-10-04,available,official_roster_tracker,resolved,player_rate_shrunk_v1,2026-10-06 20:06:20 UTC
NBL,/matches/cairns-taipans-v-brisbane-bullets-men-08-10-2026,2026-10-08,2026-10-08 07:30 PM AEDT,cairns taipans,brisbane bullets,brisbane bullets,Billy McRae,billy mcrae,points,6.712347923367364,3.0861216968086005,1,6,1.5,0,0,0,,,0,limited_recent_participation,0,FALSE,Inf,,FALSE,rotation_sensitive,2026-10-04,cold_start,official_roster_tracker,resolved,player_rate_shrunk_v1,2026-10-06 20:06:20 UTC
NBL,/matches/cairns-taipans-v-brisbane-bullets-men-08-10-2026,2026-10-08,2026-10-08 07:30 PM AEDT,cairns taipans,brisbane bullets,brisbane bullets,Billy McRae,billy mcrae,rebounds,6.712347923367364,1.214105276443375,-0,3,1.5,0,0,0,,,0,limited_recent_participation,0,FALSE,Inf,,FALSE,rotation_sensitive,2026-10-04,cold_start,official_roster_tracker,resolved,player_rate_shrunk_v1,2026-10-06 20:06:20 UTC
NBL,/matches/cairns-taipans-v-brisbane-bullets-men-08-10-2026,2026-10-08,2026-10-08 07:30 PM AEDT,cairns taipans,brisbane bullets,brisbane bullets,Billy McRae,billy mcrae,assists,6.712347923367364,0.6329496120825642,-0,2,1.5,0,0,0,,,0,limited_recent_participation,0,FALSE,Inf,,FALSE,rotation_sensitive,2026-10-04,cold_start,official_roster_tracker,resolved,player_rate_shrunk_v1,2026-10-06 20:06:20 UTC
NBL,/matches/cairns-taipans-v-brisbane-bullets-men-08-10-2026,2026-10-08,2026-10-08 07:30 PM AEDT,cairns taipans,brisbane bullets,brisbane bullets,Billy McRae,billy mcrae,threes,6.712347923367364,0.3314911121773417,-0,1,1.5,0,0,0,,,0,limited_recent_participation,0,FALSE,Inf,,FALSE,rotation_sensitive,2026-10-04,cold_start,official_roster_tracker,resolved,player_rate_shrunk_v1,2026-10-06 20:06:20 UTC
NBL,/matches/cairns-taipans-v-brisbane-bullets-men-08-10-2026,2026-10-08,2026-10-08 07:30 PM AEDT,cairns taipans,brisbane bullets,brisbane bullets,Harry Rouhliadeff,harry rouhliadeff,points,8.900853027548584,3.6719530075454414,-0,8,3,4,0.6779388026573175,4,10.608333333333315,2.033333333333335,0.4,stable_active,4,TRUE,5,,FALSE,stable_active,2026-10-04,available,official_roster_tracker,resolved,player_rate_shrunk_v1,2026-10-06 20:06:20 UTC
NBL,/matches/cairns-taipans-v-brisbane-bullets-men-08-10-2026,2026-10-08,2026-10-08 07:30 PM AEDT,cairns taipans,brisbane bullets,brisbane bullets,Harry Rouhliadeff,harry rouhliadeff,rebounds,8.900853027548584,1.6483210202460847,-0,4,1.2,4,0.6779388026573175,4,10.608333333333315,2.033333333333335,0.4,stable_active,4,TRUE,5,,FALSE,stable_active,2026-10-04,available,official_roster_tracker,resolved,player_rate_shrunk_v1,2026-10-06 20:06:20 UTC
NBL,/matches/cairns-taipans-v-brisbane-bullets-men-08-10-2026,2026-10-08,2026-10-08 07:30 PM AEDT,cairns taipans,brisbane bullets,brisbane bullets,Harry Rouhliadeff,harry rouhliadeff,assists,8.900853027548584,0.7891798027370595,-0,2,1.2,4,0.6779388026573175,4,10.608333333333315,2.033333333333335,0.4,stable_active,4,TRUE,5,,FALSE,stable_active,2026-10-04,available,official_roster_tracker,resolved,player_rate_shrunk_v1,2026-10-06 20:06:20 UTC
NBL,/matches/cairns-taipans-v-brisbane-bullets-men-08-10-2026,2026-10-08,2026-10-08 07:30 PM AEDT,cairns taipans,brisbane bullets,brisbane bullets,Harry Rouhliadeff,harry rouhliadeff,threes,8.900853027548584,0.4120763851020065,-0,1,1.2,4,0.6779388026573175,4,10.608333333333315,2.033333333333335,0.4,stable_active,4,TRUE,5,,FALSE,stable_active,2026-10-04,available,official_roster_tracker,resolved,player_rate_shrunk_v1,2026-10-06 20:06:20 UTC
NBL,/matches/cairns-taipans-v-brisbane-bullets-men-08-10-2026,2026-10-08,2026-10-08 07:30 PM AEDT,cairns taipans,brisbane bullets,brisbane bullets,Arnas Velička,arnas velička,points,6.712347923367364,3.0861216968086005,1,6,1.5,0,0,0,,,0,limited_recent_participation,0,FALSE,Inf,,FALSE,rotation_sensitive,2026-10-04,cold_start,official_roster_tracker,resolved,player_rate_shrunk_v1,2026-10-06 20:06:20 UTC
NBL,/matches/cairns-taipans-v-brisbane-bullets-men-08-10-2026,2026-10-08,2026-10-08 07:30 PM AEDT,cairns taipans,brisbane bullets,brisbane bullets,Arnas Velička,arnas velička,rebounds,6.712347923367364,1.214105276443375,-0,3,1.5,0,0,0,,,0,limited_recent_participation,0,FALSE,Inf,,FALSE,rotation_sensitive,2026-10-04,cold_start,official_roster_tracker,resolved,player_rate_shrunk_v1,2026-10-06 20:06:20 UTC
NBL,/matches/cairns-taipans-v-brisbane-bullets-men-08-10-2026,2026-10-08,2026-10-08 07:30 PM AEDT,cairns taipans,brisbane bullets,brisbane bullets,Arnas Velička,arnas velička,assists,6.712347923367364,0.6329496120825642,-0,2,1.5,0,0,0,,,0,limited_recent_participation,0,FALSE,Inf,,FALSE,rotation_sensitive,2026-10-04,cold_start,official_roster_tracker,resolved,player_rate_shrunk_v1,2026-10-06 20:06:20 UTC
NBL,/matches/cairns-taipans-v-brisbane-bullets-men-08-10-2026,2026-10-08,2026-10-08 07:30 PM AEDT,cairns taipans,brisbane bullets,brisbane bullets,Arnas Velička,arnas velička,threes,6.712347923367364,0.3314911121773417,-0,1,1.5,0,0,0,,,0,limited_recent_participation,0,FALSE,Inf,,FALSE,rotation_sensitive,2026-10-04,cold_start,official_roster_tracker,resolved,player_rate_shrunk_v1,2026-10-06 20:06:20 UTC
NBL,/matches/cairns-taipans-v-brisbane-bullets-men-08-10-2026,2026-10-08,2026-10-08 07:30 PM AEDT,cairns taipans,brisbane bullets,brisbane bullets,Jaylin Williams,jaylin williams,points,20.26989232275209,8.93314308026372,2,17,4.538461538461538,4,0.6984502317929931,4,24.158333333333353,2.7083333333333517,0.4,stable_active,4,TRUE,5,,FALSE,stable_active,2026-10-04,available,official_roster_tracker,resolved,player_rate_shrunk_v1,2026-10-06 20:06:20 UTC
NBL,/matches/cairns-taipans-v-brisbane-bullets-men-08-10-2026,2026-10-08,2026-10-08 07:30 PM AEDT,cairns taipans,brisbane bullets,brisbane bullets,Jaylin Williams,jaylin williams,rebounds,20.26989232275209,3.9514635867418746,1,7,1.2,4,0.6984502317929931,4,24.158333333333353,2.7083333333333517,0.4,stable_active,4,TRUE,5,,FALSE,stable_active,2026-10-04,available,official_roster_tracker,resolved,player_rate_shrunk_v1,2026-10-06 20:06:20 UTC
NBL,/matches/cairns-taipans-v-brisbane-bullets-men-08-10-2026,2026-10-08,2026-10-08 07:30 PM AEDT,cairns taipans,brisbane bullets,brisbane bullets,Jaylin Williams,jaylin williams,assists,20.26989232275209,1.8322117098424073,0,4,1.2,4,0.6984502317929931,4,24.158333333333353,2.7083333333333517,0.4,stable_active,4,TRUE,5,,FALSE,stable_active,2026-10-04,available,official_roster_tracker,resolved,player_rate_shrunk_v1,2026-10-06 20:06:20 UTC
NBL,/matches/cairns-taipans-v-brisbane-bullets-men-08-10-2026,2026-10-08,2026-10-08 07:30 PM AEDT,cairns taipans,brisbane bullets,brisbane bullets,Jaylin Williams,jaylin williams,threes,20.26989232275209,1.1014600025674823,-0,3,1.6666666666666665,4,0.6984502317929931,4,24.158333333333353,2.7083333333333517,0.4,stable_active,4,TRUE,5,,FALSE,stable_active,2026-10-04,available,official_roster_tracker,resolved,player_rate_shrunk_v1,2026-10-06 20:06:20 UTC
NBL,/matches/cairns-taipans-v-brisbane-bullets-men-08-10-2026,2026-10-08,2026-10-08 07:30 PM AEDT,cairns taipans,brisbane bullets,brisbane bullets,Archie Woodhill,archie woodhill,points,13.200950915955788,5.335042676866696,1,10,2.3640350877192984,25,0.41100019962080225,10,4.091666666666665,0.9750000000000001,0.1,limited_recent_participation,0,FALSE,232,,FALSE,rotation_sensitive,2026-10-04,available,official_roster_tracker,resolved,player_rate_shrunk_v1,2026-10-06 20:06:20 UTC
NBL,/matches/cairns-taipans-v-brisbane-bullets-men-08-10-2026,2026-10-08,2026-10-08 07:30 PM AEDT,cairns taipans,brisbane bullets,brisbane bullets,Archie Woodhill,archie woodhill,rebounds,13.200950915955788,2.4692990780016295,0,5,1.5574712643678161,25,0.41100019962080225,10,4.091666666666665,0.9750000000000001,0.1,limited_recent_participation,0,FALSE,232,,FALSE,rotation_sensitive,2026-10-04,available,official_roster_tracker,resolved,player_rate_shrunk_v1,2026-10-06 20:06:20 UTC
NBL,/matches/cairns-taipans-v-brisbane-bullets-men-08-10-2026,2026-10-08,2026-10-08 07:30 PM AEDT,cairns taipans,brisbane bullets,brisbane bullets,Archie Woodhill,archie woodhill,assists,13.200950915955788,0.9680236604784497,-0,3,1.3958333333333333,25,0.41100019962080225,10,4.091666666666665,0.9750000000000001,0.1,limited_recent_participation,0,FALSE,232,,FALSE,rotation_sensitive,2026-10-04,available,official_roster_tracker,resolved,player_rate_shrunk_v1,2026-10-06 20:06:20 UTC
NBL,/matches/cairns-taipans-v-brisbane-bullets-men-08-10-2026,2026-10-08,2026-10-08 07:30 PM AEDT,cairns taipans,brisbane bullets,brisbane bullets,Archie Woodhill,archie woodhill,threes,13.200950915955788,0.5054610993840625,-0,2,1.2,25,0.41100019962080225,10,4.091666666666665,0.9750000000000001,0.1,limited_recent_participation,0,FALSE,232,,FALSE,rotation_sensitive,2026-10-04,available,official_roster_tracker,resolved,player_rate_shrunk_v1,2026-10-06 20:06:20 UTC
NBL,/matches/illawarra-hawks-v-tasmania-jackjumpers-men-09-10-2026,2026-10-09,2026-10-09 07:30 PM AEDT,illawarra hawks,tasmania jackjumpers,illawarra hawks,Todd Blanchfield,todd blanchfield,points,17.247621868931216,6.594068198120439,1,15,6.108288245902925,196,0.8413569279142039,10,19.8583333333333,3.1500000000000004,0.7,limited_recent_participation,1,FALSE,14,0.21834723275208526,FALSE,rotation_sensitive,2026-10-04,questionable,official_roster_tracker,in_out_review,player_rate_shrunk_v1,2026-10-06 20:06:20 UTC
NBL,/matches/illawarra-hawks-v-tasmania-jackjumpers-men-09-10-2026,2026-10-09,2026-10-09 07:30 PM AEDT,illawarra hawks,tasmania jackjumpers,illawarra hawks,Todd Blanchfield,todd blanchfield,rebounds,17.247621868931216,3.5393502334615685,1,7,1.4842938916333412,196,0.8413569279142039,10,19.8583333333333,3.1500000000000004,0.7,limited_recent_participation,1,FALSE,14,0.21834723275208526,FALSE,rotation_sensitive,2026-10-04,questionable,official_roster_tracker,in_out_review,player_rate_shrunk_v1,2026-10-06 20:06:20 UTC
NBL,/matches/illawarra-hawks-v-tasmania-jackjumpers-men-09-10-2026,2026-10-09,2026-10-09 07:30 PM AEDT,illawarra hawks,tasmania jackjumpers,illawarra hawks,Todd Blanchfield,todd blanchfield,assists,17.247621868931216,1.0235331535179883,-0,3,1.2,196,0.8413569279142039,10,19.8583333333333,3.1500000000000004,0.7,limited_recent_participation,1,FALSE,14,0.21834723275208526,FALSE,rotation_sensitive,2026-10-04,questionable,official_roster_tracker,in_out_review,player_rate_shrunk_v1,2026-10-06 20:06:20 UTC
NBL,/matches/illawarra-hawks-v-tasmania-jackjumpers-men-09-10-2026,2026-10-09,2026-10-09 07:30 PM AEDT,illawarra hawks,tasmania jackjumpers,illawarra hawks,Todd Blanchfield,todd blanchfield,threes,17.247621868931216,1.2291523670301134,-0,3,1.7456707543664065,196,0.8413569279142039,10,19.8583333333333,3.1500000000000004,0.7,limited_recent_participation,1,FALSE,14,0.21834723275208526,FALSE,rotation_sensitive,2026-10-04,questionable,official_roster_tracker,in_out_review,player_rate_shrunk_v1,2026-10-06 20:06:20 UTC
NBL,/matches/illawarra-hawks-v-tasmania-jackjumpers-men-09-10-2026,2026-10-09,2026-10-09 07:30 PM AEDT,illawarra hawks,tasmania jackjumpers,illawarra hawks,Sam Froling,sam froling,points,21.724103880714924,11.998701777798841,5,20,3.0460683047839012,196,0.9233730205078593,10,18.4583333333333,2.9416666666666504,1,stable_active,4,TRUE,5,1.8604407135362053,FALSE,stable_active,2026-10-04,scenario_sensitive,official_roster_tracker,in_out_review,player_rate_shrunk_v1,2026-10-06 20:06:20 UTC
NBL,/matches/illawarra-hawks-v-tasmania-jackjumpers-men-09-10-2026,2026-10-09,2026-10-09 07:30 PM AEDT,illawarra hawks,tasmania jackjumpers,illawarra hawks,Sam Froling,sam froling,rebounds,21.724103880714924,6.055130396254843,3,10,1.3578982045791468,196,0.9233730205078593,10,18.4583333333333,2.9416666666666504,1,stable_active,4,TRUE,5,1.8604407135362053,FALSE,stable_active,2026-10-04,scenario_sensitive,official_roster_tracker,in_out_review,player_rate_shrunk_v1,2026-10-06 20:06:20 UTC
NBL,/matches/illawarra-hawks-v-tasmania-jackjumpers-men-09-10-2026,2026-10-09,2026-10-09 07:30 PM AEDT,illawarra hawks,tasmania jackjumpers,illawarra hawks,Sam Froling,sam froling,assists,21.724103880714924,1.9576866730382059,0,4,1.2,196,0.9233730205078593,10,18.4583333333333,2.9416666666666504,1,stable_active,4,TRUE,5,1.8604407135362053,FALSE,stable_active,2026-10-04,scenario_sensitive,official_roster_tracker,in_out_review,player_rate_shrunk_v1,2026-10-06 20:06:20 UTC
NBL,/matches/illawarra-hawks-v-tasmania-jackjumpers-men-09-10-2026,2026-10-09,2026-10-09 07:30 PM AEDT,illawarra hawks,tasmania jackjumpers,illawarra hawks,Sam Froling,sam froling,threes,21.724103880714924,0.23229206532929494,-0,1,1.2,196,0.9233730205078593,10,18.4583333333333,2.9416666666666504,1,stable_active,4,TRUE,5,1.8604407135362053,FALSE,stable_active,2026-10-04,scenario_sensitive,official_roster_tracker,in_out_review,player_rate_shrunk_v1,2026-10-06 20:06:20 UTC
NBL,/matches/illawarra-hawks-v-tasmania-jackjumpers-men-09-10-2026,2026-10-09,2026-10-09 07:30 PM AEDT,illawarra hawks,tasmania jackjumpers,illawarra hawks,Dan Grida,dan grida,points,6.319739310753433,2.905612883562529,1,6,1.5,0,0,0,,,0,limited_recent_participation,0,FALSE,Inf,,FALSE,rotation_sensitive,2026-10-04,cold_start,official_roster_tracker,in_out_review,player_rate_shrunk_v1,2026-10-06 20:06:20 UTC
NBL,/matches/illawarra-hawks-v-tasmania-jackjumpers-men-09-10-2026,2026-10-09,2026-10-09 07:30 PM AEDT,illawarra hawks,tasmania jackjumpers,illawarra hawks,Dan Grida,dan grida,rebounds,6.319739310753433,1.143091646996027,-0,3,1.5,0,0,0,,,0,limited_recent_participation,0,FALSE,Inf,,FALSE,rotation_sensitive,2026-10-04,cold_start,official_roster_tracker,in_out_review,player_rate_shrunk_v1,2026-10-06 20:06:20 UTC
NBL,/matches/illawarra-hawks-v-tasmania-jackjumpers-men-09-10-2026,2026-10-09,2026-10-09 07:30 PM AEDT,illawarra hawks,tasmania jackjumpers,illawarra hawks,Dan Grida,dan grida,assists,6.319739310753433,0.5959280703074178,-0,2,1.5,0,0,0,,,0,limited_recent_participation,0,FALSE,Inf,,FALSE,rotation_sensitive,2026-10-04,cold_start,official_roster_tracker,in_out_review,player_rate_shrunk_v1,2026-10-06 20:06:20 UTC
NBL,/matches/illawarra-hawks-v-tasmania-jackjumpers-men-09-10-2026,2026-10-09,2026-10-09 07:30 PM AEDT,illawarra hawks,tasmania jackjumpers,illawarra hawks,Dan Grida,dan grida,threes,6.319739310753433,0.3121020299766525,-0,1,1.5,0,0,0,,,0,limited_recent_participation,0,FALSE,Inf,,FALSE,rotation_sensitive,2026-10-04,cold_start,official_roster_tracker,in_out_review,player_rate_shrunk_v1,2026-10-06 20:06:20 UTC
NBL,/matches/illawarra-hawks-v-tasmania-jackjumpers-men-09-10-2026,2026-10-09,2026-10-09 07:30 PM AEDT,illawarra hawks,tasmania jackjumpers,illawarra hawks,Tyler Harvey,tyler harvey,points,20.94730259043484,11.362553303751271,5,18,2.2627352408311165,198,0.9338026513937865,10,28.96666666666665,1.7750000000000004,1,stable_active,4,TRUE,5,0.8410919540229898,FALSE,stable_active,2026-10-04,scenario_sensitive,official_roster_tracker,in_out_review,player_rate_shrunk_v1,2026-10-06 20:06:20 UTC
NBL,/matches/illawarra-hawks-v-tasmania-jackjumpers-men-09-10-2026,2026-10-09,2026-10-09 07:30 PM AEDT,illawarra hawks,tasmania jackjumpers,illawarra hawks,Tyler Harvey,tyler harvey,rebounds,20.94730259043484,2.278458942839506,0,5,1.2423268126894818,198,0.9338026513937865,10,28.96666666666665,1.7750000000000004,1,stable_active,4,TRUE,5,0.8410919540229898,FALSE,stable_active,2026-10-04,scenario_sensitive,official_roster_tracker,in_out_review,player_rate_shrunk_v1,2026-10-06 20:06:20 UTC
NBL,/matches/illawarra-hawks-v-tasmania-jackjumpers-men-09-10-2026,2026-10-09,2026-10-09 07:30 PM AEDT,illawarra hawks,tasmania jackjumpers,illawarra hawks,Tyler Harvey,tyler harvey,assists,20.94730259043484,2.3841458197327285,0,5,1.3256659743348873,198,0.9338026513937865,10,28.96666666666665,1.7750000000000004,1,stable_active,4,TRUE,5,0.8410919540229898,FALSE,stable_active,2026-10-04,scenario_sensitive,official_roster_tracker,in_out_review,player_rate_shrunk_v1,2026-10-06 20:06:20 UTC
NBL,/matches/illawarra-hawks-v-tasmania-jackjumpers-men-09-10-2026,2026-10-09,2026-10-09 07:30 PM AEDT,illawarra hawks,tasmania jackjumpers,illawarra hawks,Tyler Harvey,tyler harvey,threes,20.94730259043484,1.7472345921509977,0,4,1.2,198,0.9338026513937865,10,28.96666666666665,1.7750000000000004,1,stable_active,4,TRUE,5,0.8410919540229898,FALSE,stable_active,2026-10-04,scenario_sensitive,official_roster_tracker,in_out_review,player_rate_shrunk_v1,2026-10-06 20:06:20 UTC
NBL,/matches/illawarra-hawks-v-tasmania-jackjumpers-men-09-10-2026,2026-10-09,2026-10-09 07:30 PM AEDT,illawarra hawks,tasmania jackjumpers,illawarra hawks,Will Hickey,will hickey,points,6.319739310753433,2.905612883562529,1,6,1.5,0,0,0,,,0,limited_recent_participation,0,FALSE,Inf,,FALSE,rotation_sensitive,2026-10-04,cold_start,official_roster_tracker,in_out_review,player_rate_shrunk_v1,2026-10-06 20:06:20 UTC
NBL,/matches/illawarra-hawks-v-tasmania-jackjumpers-men-09-10-2026,2026-10-09,2026-10-09 07:30 PM AEDT,illawarra hawks,tasmania jackjumpers,illawarra hawks,Will Hickey,will hickey,rebounds,6.319739310753433,1.143091646996027,-0,3,1.5,0,0,0,,,0,limited_recent_participation,0,FALSE,Inf,,FALSE,rotation_sensitive,2026-10-04,cold_start,official_roster_tracker,in_out_review,player_rate_shrunk_v1,2026-10-06 20:06:20 UTC
NBL,/matches/illawarra-hawks-v-tasmania-jackjumpers-men-09-10-2026,2026-10-09,2026-10-09 07:30 PM AEDT,illawarra hawks,tasmania jackjumpers,illawarra hawks,Will Hickey,will hickey,assists,6.319739310753433,0.5959280703074178,-0,2,1.5,0,0,0,,,0,limited_recent_participation,0,FALSE,Inf,,FALSE,rotation_sensitive,2026-10-04,cold_start,official_roster_tracker,in_out_review,player_rate_shrunk_v1,2026-10-06 20:06:20 UTC
NBL,/matches/illawarra-hawks-v-tasmania-jackjumpers-men-09-10-2026,2026-10-09,2026-10-09 07:30 PM AEDT,illawarra hawks,tasmania jackjumpers,illawarra hawks,Will Hickey,will hickey,threes,6.319739310753433,0.3121020299766525,-0,1,1.5,0,0,0,,,0,limited_recent_participation,0,FALSE,Inf,,FALSE,rotation_sensitive,2026-10-04,cold_start,official_roster_tracker,in_out_review,player_rate_shrunk_v1,2026-10-06 20:06:20 UTC
NBL,/matches/illawarra-hawks-v-tasmania-jackjumpers-men-09-10-2026,2026-10-09,2026-10-09 07:30 PM AEDT,illawarra hawks,tasmania jackjumpers,illawarra hawks,Johny Narkle,johny narkle,points,15.035713110167514,6.088937147808428,1,14,5.140786749482402,22,0.7917919013380957,10,12.566666666666649,8.099999999999985,0.9,stable_active,4,TRUE,5,1.629654255319153,FALSE,stable_active,2026-10-04,scenario_sensitive,official_roster_tracker,in_out_review,player_rate_shrunk_v1,2026-10-06 20:06:20 UTC
NBL,/matches/illawarra-hawks-v-tasmania-jackjumpers-men-09-10-2026,2026-10-09,2026-10-09 07:30 PM AEDT,illawarra hawks,tasmania jackjumpers,illawarra hawks,Johny Narkle,johny narkle,rebounds,15.035713110167514,2.9796670065324102,0,6,1.75177304964539,22,0.7917919013380957,10,12.566666666666649,8.099999999999985,0.9,stable_active,4,TRUE,5,1.629654255319153,FALSE,stable_active,2026-10-04,scenario_sensitive,official_roster_tracker,in_out_review,player_rate_shrunk_v1,2026-10-06 20:06:20 UTC
NBL,/matches/illawarra-hawks-v-tasmania-jackjumpers-men-09-10-2026,2026-10-09,2026-10-09 07:30 PM AEDT,illawarra hawks,tasmania jackjumpers,illawarra hawks,Johny Narkle,johny narkle,assists,15.035713110167514,1.332628167366385,-0,3,1.5938375350140057,22,0.7917919013380957,10,12.566666666666649,8.099999999999985,0.9,stable_active,4,TRUE,5,1.629654255319153,FALSE,stable_active,2026-10-04,scenario_sensitive,official_roster_tracker,in_out_review,player_rate_shrunk_v1,2026-10-06 20:06:20 UTC
NBL,/matches/illawarra-hawks-v-tasmania-jackjumpers-men-09-10-2026,2026-10-09,2026-10-09 07:30 PM AEDT,illawarra hawks,tasmania jackjumpers,illawarra hawks,Johny Narkle,johny narkle,threes,15.035713110167514,0.6124996299099913,-0,2,1.8095238095238098,22,0.7917919013380957,10,12.566666666666649,8.099999999999985,0.9,stable_active,4,TRUE,5,1.629654255319153,FALSE,stable_active,2026-10-04,scenario_sensitive,official_roster_tracker,in_out_review,player_rate_shrunk_v1,2026-10-06 20:06:20 UTC
NBL,/matches/illawarra-hawks-v-tasmania-jackjumpers-men-09-10-2026,2026-10-09,2026-10-09 07:30 PM AEDT,illawarra hawks,tasmania jackjumpers,illawarra hawks,Mason Peatling,mason peatling,points,10.94104868174188,4.154311748667534,0,9,3.150622276786789,184,0.7902169932588735,10,14.13333333333335,4.34166666666665,0.7,limited_recent_participation,1,FALSE,14,0.2774566473988433,FALSE,rotation_sensitive,2026-10-04,questionable,official_roster_tracker,in_out_review,player_rate_shrunk_v1,2026-10-06 20:06:20 UTC
NBL,/matches/illawarra-hawks-v-tasmania-jackjumpers-men-09-10-2026,2026-10-09,2026-10-09 07:30 PM AEDT,illawarra hawks,tasmania jackjumpers,illawarra hawks,Mason Peatling,mason peatling,rebounds,10.94104868174188,2.7856710529477247,0,6,1.6115760915511899,184,0.7902169932588735,10,14.13333333333335,4.34166666666665,0.7,limited_recent_participation,1,FALSE,14,0.2774566473988433,FALSE,rotation_sensitive,2026-10-04,questionable,official_roster_tracker,in_out_review,player_rate_shrunk_v1,2026-10-06 20:06:20 UTC
NBL,/matches/illawarra-hawks-v-tasmania-jackjumpers-men-09-10-2026,2026-10-09,2026-10-09 07:30 PM AEDT,illawarra hawks,tasmania jackjumpers,illawarra hawks,Mason Peatling,mason peatling,assists,10.94104868174188,0.9492464098998035,-0,2,1.2,184,0.7902169932588735,10,14.13333333333335,4.34166666666665,0.7,limited_recent_participation,1,FALSE,14,0.2774566473988433,FALSE,rotation_sensitive,2026-10-04,questionable,official_roster_tracker,in_out_review,player_rate_shrunk_v1,2026-10-06 20:06:20 UTC
NBL,/matches/illawarra-hawks-v-tasmania-jackjumpers-men-09-10-2026,2026-10-09,2026-10-09 07:30 PM AEDT,illawarra hawks,tasmania jackjumpers,illawarra hawks,Mason Peatling,mason peatling,threes,10.94104868174188,0.3576591215649933,-0,1,1.2,184,0.7902169932588735,10,14.13333333333335,4.34166666666665,0.7,limited_recent_participation,1,FALSE,14,0.2774566473988433,FALSE,rotation_sensitive,2026-10-04,questionable,official_roster_tracker,in_out_review,player_rate_shrunk_v1,2026-10-06 20:06:20 UTC
NBL,/matches/illawarra-hawks-v-tasmania-jackjumpers-men-09-10-2026,2026-10-09,2026-10-09 07:30 PM AEDT,illawarra hawks,tasmania jackjumpers,illawarra hawks,Wani Swaka Lo Buluk,wani swaka lo buluk,points,18.893387314439977,6.9103675855969335,2,13,3.4271102341001294,202,0.9132858828295686,10,24.2166666666667,4.15,1,role_declining,4,TRUE,5,0.7206359506813773,FALSE,rotation_sensitive,2026-10-04,scenario_sensitive,official_roster_tracker,in_out_review,player_rate_shrunk_v1,2026-10-06 20:06:20 UTC
NBL,/matches/illawarra-hawks-v-tasmania-jackjumpers-men-09-10-2026,2026-10-09,2026-10-09 07:30 PM AEDT,illawarra hawks,tasmania jackjumpers,illawarra hawks,Wani Swaka Lo Buluk,wani swaka lo buluk,rebounds,18.893387314439977,2.1635696155769044,0,5,1.5480949063038616,202,0.9132858828295686,10,24.2166666666667,4.15,1,role_declining,4,TRUE,5,0.7206359506813773,FALSE,rotation_sensitive,2026-10-04,scenario_sensitive,official_roster_tracker,in_out_review,player_rate_shrunk_v1,2026-10-06 20:06:20 UTC
NBL,/matches/illawarra-hawks-v-tasmania-jackjumpers-men-09-10-2026,2026-10-09,2026-10-09 07:30 PM AEDT,illawarra hawks,tasmania jackjumpers,illawarra hawks,Wani Swaka Lo Buluk,wani swaka lo buluk,assists,18.893387314439977,0.8991239960744477,-0,2,1.2,202,0.9132858828295686,10,24.2166666666667,4.15,1,role_declining,4,TRUE,5,0.7206359506813773,FALSE,rotation_sensitive,2026-10-04,scenario_sensitive,official_roster_tracker,in_out_review,player_rate_shrunk_v1,2026-10-06 20:06:20 UTC
NBL,/matches/illawarra-hawks-v-tasmania-jackjumpers-men-09-10-2026,2026-10-09,2026-10-09 07:30 PM AEDT,illawarra hawks,tasmania jackjumpers,illawarra hawks,Wani Swaka Lo Buluk,wani swaka lo buluk,threes,18.893387314439977,0.9840353366969402,-0,2,1.2,202,0.9132858828295686,10,24.2166666666667,4.15,1,role_declining,4,TRUE,5,0.7206359506813773,FALSE,rotation_sensitive,2026-10-04,scenario_sensitive,official_roster_tracker,in_out_review,player_rate_shrunk_v1,2026-10-06 20:06:20 UTC
NBL,/matches/illawarra-hawks-v-tasmania-jackjumpers-men-09-10-2026,2026-10-09,2026-10-09 07:30 PM AEDT,illawarra hawks,tasmania jackjumpers,illawarra hawks,Kyle Adnam,kyle adnam,points,3.6601823508113607,1.4035461658083217,0,4,4.959521231119977,146,0.5709051848779525,10,8.20833333333333,4.858333333333334,0.3,limited_recent_participation,2,FALSE,7,2.0944881889763796,FALSE,rotation_sensitive,2026-10-04,scenario_sensitive,official_roster_tracker,in_out_review,player_rate_shrunk_v1,2026-10-06 20:06:20 UTC
NBL,/matches/illawarra-hawks-v-tasmania-jackjumpers-men-09-10-2026,2026-10-09,2026-10-09 07:30 PM AEDT,illawarra hawks,tasmania jackjumpers,illawarra hawks,Kyle Adnam,kyle adnam,rebounds,3.6601823508113607,0.43712446812064115,-0,1,1.4446324007807416,146,0.5709051848779525,10,8.20833333333333,4.858333333333334,0.3,limited_recent_participation,2,FALSE,7,2.0944881889763796,FALSE,rotation_sensitive,2026-10-04,scenario_sensitive,official_roster_tracker,in_out_review,player_rate_shrunk_v1,2026-10-06 20:06:20 UTC
NBL,/matches/illawarra-hawks-v-tasmania-jackjumpers-men-09-10-2026,2026-10-09,2026-10-09 07:30 PM AEDT,illawarra hawks,tasmania jackjumpers,illawarra hawks,Kyle Adnam,kyle adnam,assists,3.6601823508113607,0.4677561835106941,-0,2,1.822013930690515,146,0.5709051848779525,10,8.20833333333333,4.858333333333334,0.3,limited_recent_participation,2,FALSE,7,2.0944881889763796,FALSE,rotation_sensitive,2026-10-04,scenario_sensitive,official_roster_tracker,in_out_review,player_rate_shrunk_v1,2026-10-06 20:06:20 UTC
NBL,/matches/illawarra-hawks-v-tasmania-jackjumpers-men-09-10-2026,2026-10-09,2026-10-09 07:30 PM AEDT,illawarra hawks,tasmania jackjumpers,illawarra hawks,Kyle Adnam,kyle adnam,threes,3.6601823508113607,0.17794703664282388,-0,1,1.4589256392212058,146,0.5709051848779525,10,8.20833333333333,4.858333333333334,0.3,limited_recent_participation,2,FALSE,7,2.0944881889763796,FALSE,rotation_sensitive,2026-10-04,scenario_sensitive,official_roster_tracker,in_out_review,player_rate_shrunk_v1,2026-10-06 20:06:20 UTC
NBL,/matches/illawarra-hawks-v-tasmania-jackjumpers-men-09-10-2026,2026-10-09,2026-10-09 07:30 PM AEDT,illawarra hawks,tasmania jackjumpers,illawarra hawks,Darius Days,darius days,points,9.426944471873844,4.655005034406427,1,10,2.925,33,0.5808154837960751,10,15.55,4.375000000000001,0.1,limited_recent_participation,0,FALSE,19,,FALSE,rotation_sensitive,2026-10-04,scenario_sensitive,official_roster_tracker,in_out_review,player_rate_shrunk_v1,2026-10-06 20:06:20 UTC
NBL,/matches/illawarra-hawks-v-tasmania-jackjumpers-men-09-10-2026,2026-10-09,2026-10-09 07:30 PM AEDT,illawarra hawks,tasmania jackjumpers,illawarra hawks,Darius Days,darius days,rebounds,9.426944471873844,2.517786765703303,0,5,1.5049261083743843,33,0.5808154837960751,10,15.55,4.375000000000001,0.1,limited_recent_participation,0,FALSE,19,,FALSE,rotation_sensitive,2026-10-04,scenario_sensitive,official_roster_tracker,in_out_review,player_rate_shrunk_v1,2026-10-06 20:06:20 UTC
NBL,/matches/illawarra-hawks-v-tasmania-jackjumpers-men-09-10-2026,2026-10-09,2026-10-09 07:30 PM AEDT,illawarra hawks,tasmania jackjumpers,illawarra hawks,Darius Days,darius days,assists,9.426944471873844,0.5243589897534173,-0,2,1.2,33,0.5808154837960751,10,15.55,4.375000000000001,0.1,limited_recent_participation,0,FALSE,19,,FALSE,rotation_sensitive,2026-10-04,scenario_sensitive,official_roster_tracker,in_out_review,player_rate_shrunk_v1,2026-10-06 20:06:20 UTC
NBL,/matches/illawarra-hawks-v-tasmania-jackjumpers-men-09-10-2026,2026-10-09,2026-10-09 07:30 PM AEDT,illawarra hawks,tasmania jackjumpers,illawarra hawks,Darius Days,darius days,threes,9.426944471873844,0.5529812386592647,-0,2,1.2,33,0.5808154837960751,10,15.55,4.375000000000001,0.1,limited_recent_participation,0,FALSE,19,,FALSE,rotation_sensitive,2026-10-04,scenario_sensitive,official_roster_tracker,in_out_review,player_rate_shrunk_v1,2026-10-06 20:06:20 UTC
NBL,/matches/illawarra-hawks-v-tasmania-jackjumpers-men-09-10-2026,2026-10-09,2026-10-09 07:30 PM AEDT,illawarra hawks,tasmania jackjumpers,illawarra hawks,Amarco Doyle,amarco doyle,points,6.319739310753433,2.905612883562529,1,6,1.5,0,0,0,,,0,limited_recent_participation,0,FALSE,Inf,,FALSE,rotation_sensitive,2026-10-04,cold_start,official_roster_tracker,in_out_review,player_rate_shrunk_v1,2026-10-06 20:06:20 UTC
NBL,/matches/illawarra-hawks-v-tasmania-jackjumpers-men-09-10-2026,2026-10-09,2026-10-09 07:30 PM AEDT,illawarra hawks,tasmania jackjumpers,illawarra hawks,Amarco Doyle,amarco doyle,rebounds,6.319739310753433,1.143091646996027,-0,3,1.5,0,0,0,,,0,limited_recent_participation,0,FALSE,Inf,,FALSE,rotation_sensitive,2026-10-04,cold_start,official_roster_tracker,in_out_review,player_rate_shrunk_v1,2026-10-06 20:06:20 UTC
NBL,/matches/illawarra-hawks-v-tasmania-jackjumpers-men-09-10-2026,2026-10-09,2026-10-09 07:30 PM AEDT,illawarra hawks,tasmania jackjumpers,illawarra hawks,Amarco Doyle,amarco doyle,assists,6.319739310753433,0.5959280703074178,-0,2,1.5,0,0,0,,,0,limited_recent_participation,0,FALSE,Inf,,FALSE,rotation_sensitive,2026-10-04,cold_start,official_roster_tracker,in_out_review,player_rate_shrunk_v1,2026-10-06 20:06:20 UTC
NBL,/matches/illawarra-hawks-v-tasmania-jackjumpers-men-09-10-2026,2026-10-09,2026-10-09 07:30 PM AEDT,illawarra hawks,tasmania jackjumpers,illawarra hawks,Amarco Doyle,amarco doyle,threes,6.319739310753433,0.3121020299766525,-0,1,1.5,0,0,0,,,0,limited_recent_participation,0,FALSE,Inf,,FALSE,rotation_sensitive,2026-10-04,cold_start,official_roster_tracker,in_out_review,player_rate_shrunk_v1,2026-10-06 20:06:20 UTC
NBL,/matches/illawarra-hawks-v-tasmania-jackjumpers-men-09-10-2026,2026-10-09,2026-10-09 07:30 PM AEDT,illawarra hawks,tasmania jackjumpers,illawarra hawks,Milton Doyle,milton doyle,points,20.42065764787203,10.17103171802531,4,17,2.7891625957107715,136,0.8209283254109866,10,28.24166666666665,1.0250000000000004,0.6,stable_active,4,TRUE,5,0.8983500294637613,FALSE,stable_active,2026-10-04,scenario_sensitive,official_roster_tracker,in_out_review,player_rate_shrunk_v1,2026-10-06 20:06:20 UTC
NBL,/matches/illawarra-hawks-v-tasmania-jackjumpers-men-09-10-2026,2026-10-09,2026-10-09 07:30 PM AEDT,illawarra hawks,tasmania jackjumpers,illawarra hawks,Milton Doyle,milton doyle,rebounds,20.42065764787203,2.934965227796298,1,5,1.2,136,0.8209283254109866,10,28.24166666666665,1.0250000000000004,0.6,stable_active,4,TRUE,5,0.8983500294637613,FALSE,stable_active,2026-10-04,scenario_sensitive,official_roster_tracker,in_out_review,player_rate_shrunk_v1,2026-10-06 20:06:20 UTC
NBL,/matches/illawarra-hawks-v-tasmania-jackjumpers-men-09-10-2026,2026-10-09,2026-10-09 07:30 PM AEDT,illawarra hawks,tasmania jackjumpers,illawarra hawks,Milton Doyle,milton doyle,assists,20.42065764787203,2.925982929810078,1,6,1.3206367111612458,136,0.8209283254109866,10,28.24166666666665,1.0250000000000004,0.6,stable_active,4,TRUE,5,0.8983500294637613,FALSE,stable_active,2026-10-04,scenario_sensitive,official_roster_tracker,in_out_review,player_rate_shrunk_v1,2026-10-06 20:06:20 UTC
NBL,/matches/illawarra-hawks-v-tasmania-jackjumpers-men-09-10-2026,2026-10-09,2026-10-09 07:30 PM AEDT,illawarra hawks,tasmania jackjumpers,illawarra hawks,Milton Doyle,milton doyle,threes,20.42065764787203,1.3446859052617457,-0,3,1.2071957671957674,136,0.8209283254109866,10,28.24166666666665,1.0250000000000004,0.6,stable_active,4,TRUE,5,0.8983500294637613,FALSE,stable_active,2026-10-04,scenario_sensitive,official_roster_tracker,in_out_review,player_rate_shrunk_v1,2026-10-06 20:06:20 UTC
NBL,/matches/illawarra-hawks-v-tasmania-jackjumpers-men-09-10-2026,2026-10-09,2026-10-09 07:30 PM AEDT,illawarra hawks,tasmania jackjumpers,illawarra hawks,Fletcher Macdonald,fletcher macdonald,points,3.2586155821072387,1.458108655072437,-0,3,1.2,2,0.624834299106066,2,4.125,0.4083333333333299,0.2,limited_recent_participation,2,FALSE,7,,FALSE,rotation_sensitive,2026-10-04,cold_start,official_roster_tracker,in_out_review,player_rate_shrunk_v1,2026-10-06 20:06:20 UTC
NBL,/matches/illawarra-hawks-v-tasmania-jackjumpers-men-09-10-2026,2026-10-09,2026-10-09 07:30 PM AEDT,illawarra hawks,tasmania jackjumpers,illawarra hawks,Fletcher Macdonald,fletcher macdonald,rebounds,3.2586155821072387,0.5947744373362933,-0,2,2,2,0.624834299106066,2,4.125,0.4083333333333299,0.2,limited_recent_participation,2,FALSE,7,,FALSE,rotation_sensitive,2026-10-04,cold_start,official_roster_tracker,in_out_review,player_rate_shrunk_v1,2026-10-06 20:06:20 UTC
NBL,/matches/illawarra-hawks-v-tasmania-jackjumpers-men-09-10-2026,2026-10-09,2026-10-09 07:30 PM AEDT,illawarra hawks,tasmania jackjumpers,illawarra hawks,Fletcher Macdonald,fletcher macdonald,assists,3.2586155821072387,0.2990514951360217,-0,1,1.2,2,0.624834299106066,2,4.125,0.4083333333333299,0.2,limited_recent_participation,2,FALSE,7,,FALSE,rotation_sensitive,2026-10-04,cold_start,official_roster_tracker,in_out_review,player_rate_shrunk_v1,2026-10-06 20:06:20 UTC
NBL,/matches/illawarra-hawks-v-tasmania-jackjumpers-men-09-10-2026,2026-10-09,2026-10-09 07:30 PM AEDT,illawarra hawks,tasmania jackjumpers,illawarra hawks,Fletcher Macdonald,fletcher macdonald,threes,3.2586155821072387,0.15662054424010843,-0,1,1.2,2,0.624834299106066,2,4.125,0.4083333333333299,0.2,limited_recent_participation,2,FALSE,7,,FALSE,rotation_sensitive,2026-10-04,cold_start,official_roster_tracker,in_out_review,player_rate_shrunk_v1,2026-10-06 20:06:20 UTC
NBL,/matches/illawarra-hawks-v-tasmania-jackjumpers-men-09-10-2026,2026-10-09,2026-10-09 07:30 PM AEDT,illawarra hawks,tasmania jackjumpers,illawarra hawks,Kelan Martin,kelan martin,points,23.751686909581675,12.01771518918088,5,21,3.3505747126436782,5,0.7340748786445936,5,30.0666666666667,2.950000000000003,0.5,stable_active,4,TRUE,5,1.160037878787879,FALSE,stable_active,2026-10-04,scenario_sensitive,official_roster_tracker,in_out_review,player_rate_shrunk_v1,2026-10-06 20:06:20 UTC
NBL,/matches/illawarra-hawks-v-tasmania-jackjumpers-men-09-10-2026,2026-10-09,2026-10-09 07:30 PM AEDT,illawarra hawks,tasmania jackjumpers,illawarra hawks,Kelan Martin,kelan martin,rebounds,23.751686909581675,4.021192795161933,1,7,1.2,5,0.7340748786445936,5,30.0666666666667,2.950000000000003,0.5,stable_active,4,TRUE,5,1.160037878787879,FALSE,stable_active,2026-10-04,scenario_sensitive,official_roster_tracker,in_out_review,player_rate_shrunk_v1,2026-10-06 20:06:20 UTC
NBL,/matches/illawarra-hawks-v-tasmania-jackjumpers-men-09-10-2026,2026-10-09,2026-10-09 07:30 PM AEDT,illawarra hawks,tasmania jackjumpers,illawarra hawks,Kelan Martin,kelan martin,assists,23.751686909581675,1.7251504823078192,-0,4,2.125,5,0.7340748786445936,5,30.0666666666667,2.950000000000003,0.5,stable_active,4,TRUE,5,1.160037878787879,FALSE,stable_active,2026-10-04,scenario_sensitive,official_roster_tracker,in_out_review,player_rate_shrunk_v1,2026-10-06 20:06:20 UTC
NBL,/matches/illawarra-hawks-v-tasmania-jackjumpers-men-09-10-2026,2026-10-09,2026-10-09 07:30 PM AEDT,illawarra hawks,tasmania jackjumpers,illawarra hawks,Kelan Martin,kelan martin,threes,23.751686909581675,1.4327191130663728,-0,3,1.2,5,0.7340748786445936,5,30.0666666666667,2.950000000000003,0.5,stable_active,4,TRUE,5,1.160037878787879,FALSE,stable_active,2026-10-04,scenario_sensitive,official_roster_tracker,in_out_review,player_rate_shrunk_v1,2026-10-06 20:06:20 UTC
NBL,/matches/illawarra-hawks-v-tasmania-jackjumpers-men-09-10-2026,2026-10-09,2026-10-09 07:30 PM AEDT,illawarra hawks,tasmania jackjumpers,illawarra hawks,Brodie McGregor,brodie mcgregor,points,3.5811856094269423,1.6220036893792564,-0,4,1.5,1,0.3106519460828071,1,4.53333333333333,,0.1,limited_recent_participation,1,FALSE,12,,FALSE,rotation_sensitive,2026-10-04,cold_start,official_roster_tracker,in_out_review,player_rate_shrunk_v1,2026-10-06 20:06:20 UTC
NBL,/matches/illawarra-hawks-v-tasmania-jackjumpers-men-09-10-2026,2026-10-09,2026-10-09 07:30 PM AEDT,illawarra hawks,tasmania jackjumpers,illawarra hawks,Brodie McGregor,brodie mcgregor,rebounds,3.5811856094269423,0.6381093913835084,-0,2,1.5,1,0.3106519460828071,1,4.53333333333333,,0.1,limited_recent_participation,1,FALSE,12,,FALSE,rotation_sensitive,2026-10-04,cold_start,official_roster_tracker,in_out_review,player_rate_shrunk_v1,2026-10-06 20:06:20 UTC
NBL,/matches/illawarra-hawks-v-tasmania-jackjumpers-men-09-10-2026,2026-10-09,2026-10-09 07:30 PM AEDT,illawarra hawks,tasmania jackjumpers,illawarra hawks,Brodie McGregor,brodie mcgregor,assists,3.5811856094269423,0.33266562593780963,-0,1,1.5,1,0.3106519460828071,1,4.53333333333333,,0.1,limited_recent_participation,1,FALSE,12,,FALSE,rotation_sensitive,2026-10-04,cold_start,official_roster_tracker,in_out_review,player_rate_shrunk_v1,2026-10-06 20:06:20 UTC
NBL,/matches/illawarra-hawks-v-tasmania-jackjumpers-men-09-10-2026,2026-10-09,2026-10-09 07:30 PM AEDT,illawarra hawks,tasmania jackjumpers,illawarra hawks,Brodie McGregor,brodie mcgregor,threes,3.5811856094269423,0.17422508240815746,-0,1,1.5,1,0.3106519460828071,1,4.53333333333333,,0.1,limited_recent_participation,1,FALSE,12,,FALSE,rotation_sensitive,2026-10-04,cold_start,official_roster_tracker,in_out_review,player_rate_shrunk_v1,2026-10-06 20:06:20 UTC
NBL,/matches/illawarra-hawks-v-tasmania-jackjumpers-men-09-10-2026,2026-10-09,2026-10-09 07:30 PM AEDT,illawarra hawks,tasmania jackjumpers,illawarra hawks,Lamar Patterson,lamar patterson,points,12.152332049636263,5.55562754680724,1,12,4.0939129101502605,73,0.7186271244517053,10,18.025,2.9833333333333494,0.4,role_declining,4,TRUE,5,0.7310789049919469,FALSE,rotation_sensitive,2026-10-04,scenario_sensitive,official_roster_tracker,in_out_review,player_rate_shrunk_v1,2026-10-06 20:06:20 UTC
NBL,/matches/illawarra-hawks-v-tasmania-jackjumpers-men-09-10-2026,2026-10-09,2026-10-09 07:30 PM AEDT,illawarra hawks,tasmania jackjumpers,illawarra hawks,Lamar Patterson,lamar patterson,rebounds,12.152332049636263,2.2782904224766782,0,5,1.467662951705505,73,0.7186271244517053,10,18.025,2.9833333333333494,0.4,role_declining,4,TRUE,5,0.7310789049919469,FALSE,rotation_sensitive,2026-10-04,scenario_sensitive,official_roster_tracker,in_out_review,player_rate_shrunk_v1,2026-10-06 20:06:20 UTC
NBL,/matches/illawarra-hawks-v-tasmania-jackjumpers-men-09-10-2026,2026-10-09,2026-10-09 07:30 PM AEDT,illawarra hawks,tasmania jackjumpers,illawarra hawks,Lamar Patterson,lamar patterson,assists,12.152332049636263,1.4464205616122499,-0,3,1.3388216845878138,73,0.7186271244517053,10,18.025,2.9833333333333494,0.4,role_declining,4,TRUE,5,0.7310789049919469,FALSE,rotation_sensitive,2026-10-04,scenario_sensitive,official_roster_tracker,in_out_review,player_rate_shrunk_v1,2026-10-06 20:06:20 UTC
NBL,/matches/illawarra-hawks-v-tasmania-jackjumpers-men-09-10-2026,2026-10-09,2026-10-09 07:30 PM AEDT,illawarra hawks,tasmania jackjumpers,illawarra hawks,Lamar Patterson,lamar patterson,threes,12.152332049636263,0.535821118840115,-0,2,1.5536398467432948,73,0.7186271244517053,10,18.025,2.9833333333333494,0.4,role_declining,4,TRUE,5,0.7310789049919469,FALSE,rotation_sensitive,2026-10-04,scenario_sensitive,official_roster_tracker,in_out_review,player_rate_shrunk_v1,2026-10-06 20:06:20 UTC
NBL,/matches/illawarra-hawks-v-tasmania-jackjumpers-men-09-10-2026,2026-10-09,2026-10-09 07:30 PM AEDT,illawarra hawks,tasmania jackjumpers,tasmania jackjumpers,Ben Ayre,ben ayre,points,12.820806599450057,5.31158357427599,-0,12,4.792272339717595,118,0.5482568798034023,10,13.691666666666649,3.633333333333349,0.1,limited_recent_participation,0,FALSE,252,,FALSE,rotation_sensitive,2026-10-04,questionable,official_roster_tracker,in_out_review,player_rate_shrunk_v1,2026-10-06 20:06:20 UTC
NBL,/matches/illawarra-hawks-v-tasmania-jackjumpers-men-09-10-2026,2026-10-09,2026-10-09 07:30 PM AEDT,illawarra hawks,tasmania jackjumpers,tasmania jackjumpers,Ben Ayre,ben ayre,rebounds,12.820806599450057,1.2423856363088102,-0,3,1.4124658410372697,118,0.5482568798034023,10,13.691666666666649,3.633333333333349,0.1,limited_recent_participation,0,FALSE,252,,FALSE,rotation_sensitive,2026-10-04,questionable,official_roster_tracker,in_out_review,player_rate_shrunk_v1,2026-10-06 20:06:20 UTC
NBL,/matches/illawarra-hawks-v-tasmania-jackjumpers-men-09-10-2026,2026-10-09,2026-10-09 07:30 PM AEDT,illawarra hawks,tasmania jackjumpers,tasmania jackjumpers,Ben Ayre,ben ayre,assists,12.820806599450057,1.3776623206810386,-0,3,1.7122015915119364,118,0.5482568798034023,10,13.691666666666649,3.633333333333349,0.1,limited_recent_participation,0,FALSE,252,,FALSE,rotation_sensitive,2026-10-04,questionable,official_roster_tracker,in_out_review,player_rate_shrunk_v1,2026-10-06 20:06:20 UTC
NBL,/matches/illawarra-hawks-v-tasmania-jackjumpers-men-09-10-2026,2026-10-09,2026-10-09 07:30 PM AEDT,illawarra hawks,tasmania jackjumpers,tasmania jackjumpers,Ben Ayre,ben ayre,threes,12.820806599450057,0.770678716488604,-0,2,1.2974101921470342,118,0.5482568798034023,10,13.691666666666649,3.633333333333349,0.1,limited_recent_participation,0,FALSE,252,,FALSE,rotation_sensitive,2026-10-04,questionable,official_roster_tracker,in_out_review,player_rate_shrunk_v1,2026-10-06 20:06:20 UTC
NBL,/matches/illawarra-hawks-v-tasmania-jackjumpers-men-09-10-2026,2026-10-09,2026-10-09 07:30 PM AEDT,illawarra hawks,tasmania jackjumpers,tasmania jackjumpers,Josh Bannan,josh bannan,points,24.530247479376722,11.849107011851599,6,19,2.407990201951622,74,0.8761846783960618,10,35.183333333333294,1.3833333333333542,0.8,limited_recent_participation,2,TRUE,6,0.7832068311195449,FALSE,rotation_sensitive,2026-10-04,scenario_sensitive,official_roster_tracker,in_out_review,player_rate_shrunk_v1,2026-10-06 20:06:20 UTC
NBL,/matches/illawarra-hawks-v-tasmania-jackjumpers-men-09-10-2026,2026-10-09,2026-10-09 07:30 PM AEDT,illawarra hawks,tasmania jackjumpers,tasmania jackjumpers,Josh Bannan,josh bannan,rebounds,24.530247479376722,6.907362161159879,3,11,1.2,74,0.8761846783960618,10,35.183333333333294,1.3833333333333542,0.8,limited_recent_participation,2,TRUE,6,0.7832068311195449,FALSE,rotation_sensitive,2026-10-04,scenario_sensitive,official_roster_tracker,in_out_review,player_rate_shrunk_v1,2026-10-06 20:06:20 UTC
NBL,/matches/illawarra-hawks-v-tasmania-jackjumpers-men-09-10-2026,2026-10-09,2026-10-09 07:30 PM AEDT,illawarra hawks,tasmania jackjumpers,tasmania jackjumpers,Josh Bannan,josh bannan,assists,24.530247479376722,1.8345732765975296,0,4,1.2,74,0.8761846783960618,10,35.183333333333294,1.3833333333333542,0.8,limited_recent_participation,2,TRUE,6,0.7832068311195449,FALSE,rotation_sensitive,2026-10-04,scenario_sensitive,official_roster_tracker,in_out_review,player_rate_shrunk_v1,2026-10-06 20:06:20 UTC
NBL,/matches/illawarra-hawks-v-tasmania-jackjumpers-men-09-10-2026,2026-10-09,2026-10-09 07:30 PM AEDT,illawarra hawks,tasmania jackjumpers,tasmania jackjumpers,Josh Bannan,josh bannan,threes,24.530247479376722,0.6079552338783331,-0,2,1.2,74,0.8761846783960618,10,35.183333333333294,1.3833333333333542,0.8,limited_recent_participation,2,TRUE,6,0.7832068311195449,FALSE,rotation_sensitive,2026-10-04,scenario_sensitive,official_roster_tracker,in_out_review,player_rate_shrunk_v1,2026-10-06 20:06:20 UTC
NBL,/matches/illawarra-hawks-v-tasmania-jackjumpers-men-09-10-2026,2026-10-09,2026-10-09 07:30 PM AEDT,illawarra hawks,tasmania jackjumpers,tasmania jackjumpers,Anthony Drmic,anthony drmic,points,10.609532538955074,4.066424751220506,-0,9,3.9311139727508304,175,0.6808720078917291,10,17.51666666666665,2.175,0.6,limited_recent_participation,0,FALSE,218,,FALSE,rotation_sensitive,2026-10-04,questionable,official_roster_tracker,in_out_review,player_rate_shrunk_v1,2026-10-06 20:06:20 UTC
NBL,/matches/illawarra-hawks-v-tasmania-jackjumpers-men-09-10-2026,2026-10-09,2026-10-09 07:30 PM AEDT,illawarra hawks,tasmania jackjumpers,tasmania jackjumpers,Anthony Drmic,anthony drmic,rebounds,10.609532538955074,1.8384540159972396,0,4,1.2,175,0.6808720078917291,10,17.51666666666665,2.175,0.6,limited_recent_participation,0,FALSE,218,,FALSE,rotation_sensitive,2026-10-04,questionable,official_roster_tracker,in_out_review,player_rate_shrunk_v1,2026-10-06 20:06:20 UTC
NBL,/matches/illawarra-hawks-v-tasmania-jackjumpers-men-09-10-2026,2026-10-09,2026-10-09 07:30 PM AEDT,illawarra hawks,tasmania jackjumpers,tasmania jackjumpers,Anthony Drmic,anthony drmic,assists,10.609532538955074,0.7230455680154801,-0,2,1.3126715994229605,175,0.6808720078917291,10,17.51666666666665,2.175,0.6,limited_recent_participation,0,FALSE,218,,FALSE,rotation_sensitive,2026-10-04,questionable,official_roster_tracker,in_out_review,player_rate_shrunk_v1,2026-10-06 20:06:20 UTC
NBL,/matches/illawarra-hawks-v-tasmania-jackjumpers-men-09-10-2026,2026-10-09,2026-10-09 07:30 PM AEDT,illawarra hawks,tasmania jackjumpers,tasmania jackjumpers,Anthony Drmic,anthony drmic,threes,10.609532538955074,0.5153955919794383,-0,2,1.2477313974591653,175,0.6808720078917291,10,17.51666666666665,2.175,0.6,limited_recent_participation,0,FALSE,218,,FALSE,rotation_sensitive,2026-10-04,questionable,official_roster_tracker,in_out_review,player_rate_shrunk_v1,2026-10-06 20:06:20 UTC
NBL,/matches/illawarra-hawks-v-tasmania-jackjumpers-men-09-10-2026,2026-10-09,2026-10-09 07:30 PM AEDT,illawarra hawks,tasmania jackjumpers,tasmania jackjumpers,Bryce Hamilton,bryce hamilton,points,22.021081576535288,11.873984961595344,6,19,2.2949504483246814,27,0.5167360822179008,10,33.716666666666654,2.9416666666666487,0,limited_recent_participation,0,FALSE,260,,FALSE,rotation_sensitive,2026-10-04,questionable,official_roster_tracker,in_out_review,player_rate_shrunk_v1,2026-10-06 20:06:20 UTC
NBL,/matches/illawarra-hawks-v-tasmania-jackjumpers-men-09-10-2026,2026-10-09,2026-10-09 07:30 PM AEDT,illawarra hawks,tasmania jackjumpers,tasmania jackjumpers,Bryce Hamilton,bryce hamilton,rebounds,22.021081576535288,3.3383983224742004,1,6,1.2,27,0.5167360822179008,10,33.716666666666654,2.9416666666666487,0,limited_recent_participation,0,FALSE,260,,FALSE,rotation_sensitive,2026-10-04,questionable,official_roster_tracker,in_out_review,player_rate_shrunk_v1,2026-10-06 20:06:20 UTC
NBL,/matches/illawarra-hawks-v-tasmania-jackjumpers-men-09-10-2026,2026-10-09,2026-10-09 07:30 PM AEDT,illawarra hawks,tasmania jackjumpers,tasmania jackjumpers,Bryce Hamilton,bryce hamilton,assists,22.021081576535288,2.221437410041118,0,5,1.3958513396715644,27,0.5167360822179008,10,33.716666666666654,2.9416666666666487,0,limited_recent_participation,0,FALSE,260,,FALSE,rotation_sensitive,2026-10-04,questionable,official_roster_tracker,in_out_review,player_rate_shrunk_v1,2026-10-06 20:06:20 UTC
NBL,/matches/illawarra-hawks-v-tasmania-jackjumpers-men-09-10-2026,2026-10-09,2026-10-09 07:30 PM AEDT,illawarra hawks,tasmania jackjumpers,tasmania jackjumpers,Bryce Hamilton,bryce hamilton,threes,22.021081576535288,1.379118286947324,-0,3,1.2,27,0.5167360822179008,10,33.716666666666654,2.9416666666666487,0,limited_recent_participation,0,FALSE,260,,FALSE,rotation_sensitive,2026-10-04,questionable,official_roster_tracker,in_out_review,player_rate_shrunk_v1,2026-10-06 20:06:20 UTC
NBL,/matches/illawarra-hawks-v-tasmania-jackjumpers-men-09-10-2026,2026-10-09,2026-10-09 07:30 PM AEDT,illawarra hawks,tasmania jackjumpers,tasmania jackjumpers,Ryley Haywood,ryley haywood,points,4.233501374885427,1.869667537480841,0,4,1.2,2,0.5299957092960521,2,6.15833333333333,1.4250000000000003,0.1,limited_recent_participation,1,FALSE,16,0.624175824175824,FALSE,rotation_sensitive,2026-10-04,cold_start,official_roster_tracker,in_out_review,player_rate_shrunk_v1,2026-10-06 20:06:20 UTC
NBL,/matches/illawarra-hawks-v-tasmania-jackjumpers-men-09-10-2026,2026-10-09,2026-10-09 07:30 PM AEDT,illawarra hawks,tasmania jackjumpers,tasmania jackjumpers,Ryley Haywood,ryley haywood,rebounds,4.233501374885427,0.7490975123295927,-0,2,1.2,2,0.5299957092960521,2,6.15833333333333,1.4250000000000003,0.1,limited_recent_participation,1,FALSE,16,0.624175824175824,FALSE,rotation_sensitive,2026-10-04,cold_start,official_roster_tracker,in_out_review,player_rate_shrunk_v1,2026-10-06 20:06:20 UTC
NBL,/matches/illawarra-hawks-v-tasmania-jackjumpers-men-09-10-2026,2026-10-09,2026-10-09 07:30 PM AEDT,illawarra hawks,tasmania jackjumpers,tasmania jackjumpers,Ryley Haywood,ryley haywood,assists,4.233501374885427,0.38346036185016175,-0,1,1.2,2,0.5299957092960521,2,6.15833333333333,1.4250000000000003,0.1,limited_recent_participation,1,FALSE,16,0.624175824175824,FALSE,rotation_sensitive,2026-10-04,cold_start,official_roster_tracker,in_out_review,player_rate_shrunk_v1,2026-10-06 20:06:20 UTC
NBL,/matches/illawarra-hawks-v-tasmania-jackjumpers-men-09-10-2026,2026-10-09,2026-10-09 07:30 PM AEDT,illawarra hawks,tasmania jackjumpers,tasmania jackjumpers,Ryley Haywood,ryley haywood,threes,4.233501374885427,0.20082752149479927,-0,1,1.2,2,0.5299957092960521,2,6.15833333333333,1.4250000000000003,0.1,limited_recent_participation,1,FALSE,16,0.624175824175824,FALSE,rotation_sensitive,2026-10-04,cold_start,official_roster_tracker,in_out_review,player_rate_shrunk_v1,2026-10-06 20:06:20 UTC
NBL,/matches/illawarra-hawks-v-tasmania-jackjumpers-men-09-10-2026,2026-10-09,2026-10-09 07:30 PM AEDT,illawarra hawks,tasmania jackjumpers,tasmania jackjumpers,David Johnson,david johnson,points,18.274518790100817,9.335222775697225,3,17,3.5160877903260173,27,0.8763810378170076,10,26.14166666666665,7.133333333333349,1,stable_active,4,TRUE,6,0.8923476005188056,FALSE,stable_active,2026-10-04,scenario_sensitive,official_roster_tracker,in_out_review,player_rate_shrunk_v1,2026-10-06 20:06:20 UTC
NBL,/matches/illawarra-hawks-v-tasmania-jackjumpers-men-09-10-2026,2026-10-09,2026-10-09 07:30 PM AEDT,illawarra hawks,tasmania jackjumpers,tasmania jackjumpers,David Johnson,david johnson,rebounds,18.274518790100817,2.998594963496988,0,6,1.683599419448476,27,0.8763810378170076,10,26.14166666666665,7.133333333333349,1,stable_active,4,TRUE,6,0.8923476005188056,FALSE,stable_active,2026-10-04,scenario_sensitive,official_roster_tracker,in_out_review,player_rate_shrunk_v1,2026-10-06 20:06:20 UTC
NBL,/matches/illawarra-hawks-v-tasmania-jackjumpers-men-09-10-2026,2026-10-09,2026-10-09 07:30 PM AEDT,illawarra hawks,tasmania jackjumpers,tasmania jackjumpers,David Johnson,david johnson,assists,18.274518790100817,1.5770850165102512,-0,3,1.2,27,0.8763810378170076,10,26.14166666666665,7.133333333333349,1,stable_active,4,TRUE,6,0.8923476005188056,FALSE,stable_active,2026-10-04,scenario_sensitive,official_roster_tracker,in_out_review,player_rate_shrunk_v1,2026-10-06 20:06:20 UTC
NBL,/matches/illawarra-hawks-v-tasmania-jackjumpers-men-09-10-2026,2026-10-09,2026-10-09 07:30 PM AEDT,illawarra hawks,tasmania jackjumpers,tasmania jackjumpers,David Johnson,david johnson,threes,18.274518790100817,1.3249930006095194,-0,3,1.2,27,0.8763810378170076,10,26.14166666666665,7.133333333333349,1,stable_active,4,TRUE,6,0.8923476005188056,FALSE,stable_active,2026-10-04,scenario_sensitive,official_roster_tracker,in_out_review,player_rate_shrunk_v1,2026-10-06 20:06:20 UTC
NBL,/matches/illawarra-hawks-v-tasmania-jackjumpers-men-09-10-2026,2026-10-09,2026-10-09 07:30 PM AEDT,illawarra hawks,tasmania jackjumpers,tasmania jackjumpers,Will Magnay,will magnay,points,20.71494042163153,9.080430671143818,3,16,3.1124163052905462,126,0.7348539782288679,10,29.31666666666665,3.5583333333333496,0.4,stable_active,4,TRUE,6,1.0119883040935667,FALSE,stable_active,2026-10-04,scenario_sensitive,official_roster_tracker,in_out_review,player_rate_shrunk_v1,2026-10-06 20:06:20 UTC
NBL,/matches/illawarra-hawks-v-tasmania-jackjumpers-men-09-10-2026,2026-10-09,2026-10-09 07:30 PM AEDT,illawarra hawks,tasmania jackjumpers,tasmania jackjumpers,Will Magnay,will magnay,rebounds,20.71494042163153,4.92733976266292,2,8,1.4475642023346305,126,0.7348539782288679,10,29.31666666666665,3.5583333333333496,0.4,stable_active,4,TRUE,6,1.0119883040935667,FALSE,stable_active,2026-10-04,scenario_sensitive,official_roster_tracker,in_out_review,player_rate_shrunk_v1,2026-10-06 20:06:20 UTC
NBL,/matches/illawarra-hawks-v-tasmania-jackjumpers-men-09-10-2026,2026-10-09,2026-10-09 07:30 PM AEDT,illawarra hawks,tasmania jackjumpers,tasmania jackjumpers,Will Magnay,will magnay,assists,20.71494042163153,1.581922940607752,-0,4,1.3525454545454545,126,0.7348539782288679,10,29.31666666666665,3.5583333333333496,0.4,stable_active,4,TRUE,6,1.0119883040935667,FALSE,stable_active,2026-10-04,scenario_sensitive,official_roster_tracker,in_out_review,player_rate_shrunk_v1,2026-10-06 20:06:20 UTC
NBL,/matches/illawarra-hawks-v-tasmania-jackjumpers-men-09-10-2026,2026-10-09,2026-10-09 07:30 PM AEDT,illawarra hawks,tasmania jackjumpers,tasmania jackjumpers,Will Magnay,will magnay,threes,20.71494042163153,0.31571227611130187,-0,1,1.2,126,0.7348539782288679,10,29.31666666666665,3.5583333333333496,0.4,stable_active,4,TRUE,6,1.0119883040935667,FALSE,stable_active,2026-10-04,scenario_sensitive,official_roster_tracker,in_out_review,player_rate_shrunk_v1,2026-10-06 20:06:20 UTC
NBL,/matches/illawarra-hawks-v-tasmania-jackjumpers-men-09-10-2026,2026-10-09,2026-10-09 07:30 PM AEDT,illawarra hawks,tasmania jackjumpers,tasmania jackjumpers,Nick Marshall,nick marshall,points,22.204399633363906,8.302266515181962,2,16,4.1593322371171375,107,0.9196890334770427,10,30.61666666666665,3.4833333333333485,1,stable_active,4,TRUE,6,1.09235668789809,FALSE,stable_active,2026-10-04,scenario_sensitive,official_roster_tracker,in_out_review,player_rate_shrunk_v1,2026-10-06 20:06:20 UTC
NBL,/matches/illawarra-hawks-v-tasmania-jackjumpers-men-09-10-2026,2026-10-09,2026-10-09 07:30 PM AEDT,illawarra hawks,tasmania jackjumpers,tasmania jackjumpers,Nick Marshall,nick marshall,rebounds,22.204399633363906,4.012033826046677,1,8,2.049835280023959,107,0.9196890334770427,10,30.61666666666665,3.4833333333333485,1,stable_active,4,TRUE,6,1.09235668789809,FALSE,stable_active,2026-10-04,scenario_sensitive,official_roster_tracker,in_out_review,player_rate_shrunk_v1,2026-10-06 20:06:20 UTC
NBL,/matches/illawarra-hawks-v-tasmania-jackjumpers-men-09-10-2026,2026-10-09,2026-10-09 07:30 PM AEDT,illawarra hawks,tasmania jackjumpers,tasmania jackjumpers,Nick Marshall,nick marshall,assists,22.204399633363906,1.7900164883285146,-0,4,1.4957336858550656,107,0.9196890334770427,10,30.61666666666665,3.4833333333333485,1,stable_active,4,TRUE,6,1.09235668789809,FALSE,stable_active,2026-10-04,scenario_sensitive,official_roster_tracker,in_out_review,player_rate_shrunk_v1,2026-10-06 20:06:20 UTC
NBL,/matches/illawarra-hawks-v-tasmania-jackjumpers-men-09-10-2026,2026-10-09,2026-10-09 07:30 PM AEDT,illawarra hawks,tasmania jackjumpers,tasmania jackjumpers,Nick Marshall,nick marshall,threes,22.204399633363906,1.006414976631263,-0,3,1.4416491963661777,107,0.9196890334770427,10,30.61666666666665,3.4833333333333485,1,stable_active,4,TRUE,6,1.09235668789809,FALSE,stable_active,2026-10-04,scenario_sensitive,official_roster_tracker,in_out_review,player_rate_shrunk_v1,2026-10-06 20:06:20 UTC
NBL,/matches/illawarra-hawks-v-tasmania-jackjumpers-men-09-10-2026,2026-10-09,2026-10-09 07:30 PM AEDT,illawarra hawks,tasmania jackjumpers,tasmania jackjumpers,Nick Stoddart,nick stoddart,points,5.499541704857934,2.5285124030566353,0,5,1.5,0,0,0,,,0,limited_recent_participation,0,FALSE,Inf,,FALSE,rotation_sensitive,2026-10-04,cold_start,official_roster_tracker,in_out_review,player_rate_shrunk_v1,2026-10-06 20:06:20 UTC
NBL,/matches/illawarra-hawks-v-tasmania-jackjumpers-men-09-10-2026,2026-10-09,2026-10-09 07:30 PM AEDT,illawarra hawks,tasmania jackjumpers,tasmania jackjumpers,Nick Stoddart,nick stoddart,rebounds,5.499541704857934,0.9947372630438336,-0,3,1.5,0,0,0,,,0,limited_recent_participation,0,FALSE,Inf,,FALSE,rotation_sensitive,2026-10-04,cold_start,official_roster_tracker,in_out_review,player_rate_shrunk_v1,2026-10-06 20:06:20 UTC
NBL,/matches/illawarra-hawks-v-tasmania-jackjumpers-men-09-10-2026,2026-10-09,2026-10-09 07:30 PM AEDT,illawarra hawks,tasmania jackjumpers,tasmania jackjumpers,Nick Stoddart,nick stoddart,assists,5.499541704857934,0.5185864660864365,-0,2,1.5,0,0,0,,,0,limited_recent_participation,0,FALSE,Inf,,FALSE,rotation_sensitive,2026-10-04,cold_start,official_roster_tracker,in_out_review,player_rate_shrunk_v1,2026-10-06 20:06:20 UTC
NBL,/matches/illawarra-hawks-v-tasmania-jackjumpers-men-09-10-2026,2026-10-09,2026-10-09 07:30 PM AEDT,illawarra hawks,tasmania jackjumpers,tasmania jackjumpers,Nick Stoddart,nick stoddart,threes,5.499541704857934,0.2715963500435577,-0,1,1.5,0,0,0,,,0,limited_recent_participation,0,FALSE,Inf,,FALSE,rotation_sensitive,2026-10-04,cold_start,official_roster_tracker,in_out_review,player_rate_shrunk_v1,2026-10-06 20:06:20 UTC
NBL,/matches/illawarra-hawks-v-tasmania-jackjumpers-men-09-10-2026,2026-10-09,2026-10-09 07:30 PM AEDT,illawarra hawks,tasmania jackjumpers,tasmania jackjumpers,Taran Armstrong,taran armstrong,points,23.086617781851512,12.299095172898944,4,23,4.886861598440546,46,0.7340289060697198,10,32.075,4.233333333333352,0.4,stable_active,4,TRUE,6,1.2633955448525,FALSE,stable_active,2026-10-04,scenario_sensitive,official_roster_tracker,in_out_review,player_rate_shrunk_v1,2026-10-06 20:06:20 UTC
NBL,/matches/illawarra-hawks-v-tasmania-jackjumpers-men-09-10-2026,2026-10-09,2026-10-09 07:30 PM AEDT,illawarra hawks,tasmania jackjumpers,tasmania jackjumpers,Taran Armstrong,taran armstrong,rebounds,23.086617781851512,3.4790208203471855,1,6,1.2,46,0.7340289060697198,10,32.075,4.233333333333352,0.4,stable_active,4,TRUE,6,1.2633955448525,FALSE,stable_active,2026-10-04,scenario_sensitive,official_roster_tracker,in_out_review,player_rate_shrunk_v1,2026-10-06 20:06:20 UTC
NBL,/matches/illawarra-hawks-v-tasmania-jackjumpers-men-09-10-2026,2026-10-09,2026-10-09 07:30 PM AEDT,illawarra hawks,tasmania jackjumpers,tasmania jackjumpers,Taran Armstrong,taran armstrong,assists,23.086617781851512,3.1617427325826046,1,6,1.2532299741602069,46,0.7340289060697198,10,32.075,4.233333333333352,0.4,stable_active,4,TRUE,6,1.2633955448525,FALSE,stable_active,2026-10-04,scenario_sensitive,official_roster_tracker,in_out_review,player_rate_shrunk_v1,2026-10-06 20:06:20 UTC
NBL,/matches/illawarra-hawks-v-tasmania-jackjumpers-men-09-10-2026,2026-10-09,2026-10-09 07:30 PM AEDT,illawarra hawks,tasmania jackjumpers,tasmania jackjumpers,Taran Armstrong,taran armstrong,threes,23.086617781851512,1.242688304096986,-0,3,1.310204081632653,46,0.7340289060697198,10,32.075,4.233333333333352,0.4,stable_active,4,TRUE,6,1.2633955448525,FALSE,stable_active,2026-10-04,scenario_sensitive,official_roster_tracker,in_out_review,player_rate_shrunk_v1,2026-10-06 20:06:20 UTC
NBL,/matches/illawarra-hawks-v-tasmania-jackjumpers-men-09-10-2026,2026-10-09,2026-10-09 07:30 PM AEDT,illawarra hawks,tasmania jackjumpers,tasmania jackjumpers,Ben Gold,ben gold,points,10.265811182401453,4.356699422422948,0,9,3.3529411764705883,4,0.655162306174802,4,14.933333333333302,2.791666666666651,0.4,stable_active,4,TRUE,6,,FALSE,stable_active,2026-10-04,scenario_sensitive,official_roster_tracker,in_out_review,player_rate_shrunk_v1,2026-10-06 20:06:20 UTC
NBL,/matches/illawarra-hawks-v-tasmania-jackjumpers-men-09-10-2026,2026-10-09,2026-10-09 07:30 PM AEDT,illawarra hawks,tasmania jackjumpers,tasmania jackjumpers,Ben Gold,ben gold,rebounds,10.265811182401453,1.9758195203331879,-0,5,2,4,0.655162306174802,4,14.933333333333302,2.791666666666651,0.4,stable_active,4,TRUE,6,,FALSE,stable_active,2026-10-04,scenario_sensitive,official_roster_tracker,in_out_review,player_rate_shrunk_v1,2026-10-06 20:06:20 UTC
NBL,/matches/illawarra-hawks-v-tasmania-jackjumpers-men-09-10-2026,2026-10-09,2026-10-09 07:30 PM AEDT,illawarra hawks,tasmania jackjumpers,tasmania jackjumpers,Ben Gold,ben gold,assists,10.265811182401453,0.8798553357074732,-0,2,1.2,4,0.655162306174802,4,14.933333333333302,2.791666666666651,0.4,stable_active,4,TRUE,6,,FALSE,stable_active,2026-10-04,scenario_sensitive,official_roster_tracker,in_out_review,player_rate_shrunk_v1,2026-10-06 20:06:20 UTC
NBL,/matches/illawarra-hawks-v-tasmania-jackjumpers-men-09-10-2026,2026-10-09,2026-10-09 07:30 PM AEDT,illawarra hawks,tasmania jackjumpers,tasmania jackjumpers,Ben Gold,ben gold,threes,10.265811182401453,0.4728604229068523,-0,1,1.2,4,0.655162306174802,4,14.933333333333302,2.791666666666651,0.4,stable_active,4,TRUE,6,,FALSE,stable_active,2026-10-04,scenario_sensitive,official_roster_tracker,in_out_review,player_rate_shrunk_v1,2026-10-06 20:06:20 UTC
NBL,/matches/illawarra-hawks-v-tasmania-jackjumpers-men-09-10-2026,2026-10-09,2026-10-09 07:30 PM AEDT,illawarra hawks,tasmania jackjumpers,tasmania jackjumpers,Dakota Mathias,dakota mathias,points,24.117781851512373,11.038509909516632,7,16,1.2,12,0.7308386438710288,10,28.5333333333333,6.425000000000001,0.4,stable_active,4,TRUE,6,1.3533415841584175,FALSE,stable_active,2026-10-04,scenario_sensitive,official_roster_tracker,in_out_review,player_rate_shrunk_v1,2026-10-06 20:06:20 UTC
NBL,/matches/illawarra-hawks-v-tasmania-jackjumpers-men-09-10-2026,2026-10-09,2026-10-09 07:30 PM AEDT,illawarra hawks,tasmania jackjumpers,tasmania jackjumpers,Dakota Mathias,dakota mathias,rebounds,24.117781851512373,3.9289450341412913,1,7,1.2,12,0.7308386438710288,10,28.5333333333333,6.425000000000001,0.4,stable_active,4,TRUE,6,1.3533415841584175,FALSE,stable_active,2026-10-04,scenario_sensitive,official_roster_tracker,in_out_review,player_rate_shrunk_v1,2026-10-06 20:06:20 UTC
NBL,/matches/illawarra-hawks-v-tasmania-jackjumpers-men-09-10-2026,2026-10-09,2026-10-09 07:30 PM AEDT,illawarra hawks,tasmania jackjumpers,tasmania jackjumpers,Dakota Mathias,dakota mathias,assists,24.117781851512373,1.6689406459245841,0,4,1.2,12,0.7308386438710288,10,28.5333333333333,6.425000000000001,0.4,stable_active,4,TRUE,6,1.3533415841584175,FALSE,stable_active,2026-10-04,scenario_sensitive,official_roster_tracker,in_out_review,player_rate_shrunk_v1,2026-10-06 20:06:20 UTC
NBL,/matches/illawarra-hawks-v-tasmania-jackjumpers-men-09-10-2026,2026-10-09,2026-10-09 07:30 PM AEDT,illawarra hawks,tasmania jackjumpers,tasmania jackjumpers,Dakota Mathias,dakota mathias,threes,24.117781851512373,1.6887879017287468,0,4,1.2,12,0.7308386438710288,10,28.5333333333333,6.425000000000001,0.4,stable_active,4,TRUE,6,1.3533415841584175,FALSE,stable_active,2026-10-04,scenario_sensitive,official_roster_tracker,in_out_review,player_rate_shrunk_v1,2026-10-06 20:06:20 UTC
NBL,/matches/illawarra-hawks-v-tasmania-jackjumpers-men-09-10-2026,2026-10-09,2026-10-09 07:30 PM AEDT,illawarra hawks,tasmania jackjumpers,tasmania jackjumpers,Jed Richardson,jed richardson,points,1.6212190650779092,0.7338466848284884,-0,2,1.2,2,0.6193683005242173,2,2.35833333333333,0.025000000000000133,0.1,limited_recent_participation,1,FALSE,16,1.0214285714285716,FALSE,rotation_sensitive,2026-10-04,cold_start,official_roster_tracker,in_out_review,player_rate_shrunk_v1,2026-10-06 20:06:20 UTC
NBL,/matches/illawarra-hawks-v-tasmania-jackjumpers-men-09-10-2026,2026-10-09,2026-10-09 07:30 PM AEDT,illawarra hawks,tasmania jackjumpers,tasmania jackjumpers,Jed Richardson,jed richardson,rebounds,1.6212190650779092,0.2940216455686162,-0,1,1.2,2,0.6193683005242173,2,2.35833333333333,0.025000000000000133,0.1,limited_recent_participation,1,FALSE,16,1.0214285714285716,FALSE,rotation_sensitive,2026-10-04,cold_start,official_roster_tracker,in_out_review,player_rate_shrunk_v1,2026-10-06 20:06:20 UTC
NBL,/matches/illawarra-hawks-v-tasmania-jackjumpers-men-09-10-2026,2026-10-09,2026-10-09 07:30 PM AEDT,illawarra hawks,tasmania jackjumpers,tasmania jackjumpers,Jed Richardson,jed richardson,assists,1.6212190650779092,0.15050863838927694,-0,1,1.2,2,0.6193683005242173,2,2.35833333333333,0.025000000000000133,0.1,limited_recent_participation,1,FALSE,16,1.0214285714285716,FALSE,rotation_sensitive,2026-10-04,cold_start,official_roster_tracker,in_out_review,player_rate_shrunk_v1,2026-10-06 20:06:20 UTC
NBL,/matches/illawarra-hawks-v-tasmania-jackjumpers-men-09-10-2026,2026-10-09,2026-10-09 07:30 PM AEDT,illawarra hawks,tasmania jackjumpers,tasmania jackjumpers,Jed Richardson,jed richardson,threes,1.6212190650779092,0.07882503595791861,-0,0,1.2,2,0.6193683005242173,2,2.35833333333333,0.025000000000000133,0.1,limited_recent_participation,1,FALSE,16,1.0214285714285716,FALSE,rotation_sensitive,2026-10-04,cold_start,official_roster_tracker,in_out_review,player_rate_shrunk_v1,2026-10-06 20:06:20 UTC
NBL,/matches/south-east-melbourne-phoenix-v-melbourne-united-men-10-10-2026,2026-10-10,2026-10-10 07:30 PM AEDT,south east melbourne phoenix,melbourne united,south east melbourne phoenix,Akech Aliir,akech aliir,points,14.735304855786815,6.193765122182708,1,12,3.1658536585365855,48,0.9275581860523738,10,15.1583333333333,1.9916666666667,0.9,stable_active,4,TRUE,6,2.505102040816333,FALSE,stable_active,2026-10-04,scenario_sensitive,official_roster_tracker,in_out_review,player_rate_shrunk_v1,2026-10-06 20:06:20 UTC
NBL,/matches/south-east-melbourne-phoenix-v-melbourne-united-men-10-10-2026,2026-10-10,2026-10-10 07:30 PM AEDT,south east melbourne phoenix,melbourne united,south east melbourne phoenix,Akech Aliir,akech aliir,rebounds,14.735304855786815,2.930677893098998,0,6,1.7818181818181817,48,0.9275581860523738,10,15.1583333333333,1.9916666666667,0.9,stable_active,4,TRUE,6,2.505102040816333,FALSE,stable_active,2026-10-04,scenario_sensitive,official_roster_tracker,in_out_review,player_rate_shrunk_v1,2026-10-06 20:06:20 UTC
NBL,/matches/south-east-melbourne-phoenix-v-melbourne-united-men-10-10-2026,2026-10-10,2026-10-10 07:30 PM AEDT,south east melbourne phoenix,melbourne united,south east melbourne phoenix,Akech Aliir,akech aliir,assists,14.735304855786815,1.3417533455495942,-0,3,1.641073080481036,48,0.9275581860523738,10,15.1583333333333,1.9916666666667,0.9,stable_active,4,TRUE,6,2.505102040816333,FALSE,stable_active,2026-10-04,scenario_sensitive,official_roster_tracker,in_out_review,player_rate_shrunk_v1,2026-10-06 20:06:20 UTC
NBL,/matches/south-east-melbourne-phoenix-v-melbourne-united-men-10-10-2026,2026-10-10,2026-10-10 07:30 PM AEDT,south east melbourne phoenix,melbourne united,south east melbourne phoenix,Akech Aliir,akech aliir,threes,14.735304855786815,0.5204466128364101,-0,2,1.4528875379939208,48,0.9275581860523738,10,15.1583333333333,1.9916666666667,0.9,stable_active,4,TRUE,6,2.505102040816333,FALSE,stable_active,2026-10-04,scenario_sensitive,official_roster_tracker,in_out_review,player_rate_shrunk_v1,2026-10-06 20:06:20 UTC
NBL,/matches/south-east-melbourne-phoenix-v-melbourne-united-men-10-10-2026,2026-10-10,2026-10-10 07:30 PM AEDT,south east melbourne phoenix,melbourne united,south east melbourne phoenix,Ellis Biggar,ellis biggar,points,3.052208835341363,1.376325222983412,-0,4,2,3,0.5148998419756818,3,3.48333333333333,0.01666666666667016,0,limited_recent_participation,0,FALSE,294,,FALSE,rotation_sensitive,2026-10-04,scenario_sensitive,official_roster_tracker,in_out_review,player_rate_shrunk_v1,2026-10-06 20:06:20 UTC
NBL,/matches/south-east-melbourne-phoenix-v-melbourne-united-men-10-10-2026,2026-10-10,2026-10-10 07:30 PM AEDT,south east melbourne phoenix,melbourne united,south east melbourne phoenix,Ellis Biggar,ellis biggar,rebounds,3.052208835341363,0.5632258982924061,-0,2,1.2,3,0.5148998419756818,3,3.48333333333333,0.01666666666667016,0,limited_recent_participation,0,FALSE,294,,FALSE,rotation_sensitive,2026-10-04,scenario_sensitive,official_roster_tracker,in_out_review,player_rate_shrunk_v1,2026-10-06 20:06:20 UTC
NBL,/matches/south-east-melbourne-phoenix-v-melbourne-united-men-10-10-2026,2026-10-10,2026-10-10 07:30 PM AEDT,south east melbourne phoenix,melbourne united,south east melbourne phoenix,Ellis Biggar,ellis biggar,assists,3.052208835341363,0.27824353165617777,-0,1,1.2,3,0.5148998419756818,3,3.48333333333333,0.01666666666667016,0,limited_recent_participation,0,FALSE,294,,FALSE,rotation_sensitive,2026-10-04,scenario_sensitive,official_roster_tracker,in_out_review,player_rate_shrunk_v1,2026-10-06 20:06:20 UTC
NBL,/matches/south-east-melbourne-phoenix-v-melbourne-united-men-10-10-2026,2026-10-10,2026-10-10 07:30 PM AEDT,south east melbourne phoenix,melbourne united,south east melbourne phoenix,Ellis Biggar,ellis biggar,threes,3.052208835341363,0.14572290748608002,-0,1,1.2,3,0.5148998419756818,3,3.48333333333333,0.01666666666667016,0,limited_recent_participation,0,FALSE,294,,FALSE,rotation_sensitive,2026-10-04,scenario_sensitive,official_roster_tracker,in_out_review,player_rate_shrunk_v1,2026-10-06 20:06:20 UTC
NBL,/matches/south-east-melbourne-phoenix-v-melbourne-united-men-10-10-2026,2026-10-10,2026-10-10 07:30 PM AEDT,south east melbourne phoenix,melbourne united,south east melbourne phoenix,Daniel Foster,daniel foster,points,7.477181453085065,2.7457782232479233,-0,6,2.267125770206597,32,0.7347411480769864,10,6.80833333333333,2.5,0.5,limited_recent_participation,2,FALSE,16,1.1953124999999987,FALSE,rotation_sensitive,2026-10-04,questionable,official_roster_tracker,in_out_review,player_rate_shrunk_v1,2026-10-06 20:06:20 UTC
NBL,/matches/south-east-melbourne-phoenix-v-melbourne-united-men-10-10-2026,2026-10-10,2026-10-10 07:30 PM AEDT,south east melbourne phoenix,melbourne united,south east melbourne phoenix,Daniel Foster,daniel foster,rebounds,7.477181453085065,1.4067408143386795,-0,3,1.2299687825182104,32,0.7347411480769864,10,6.80833333333333,2.5,0.5,limited_recent_participation,2,FALSE,16,1.1953124999999987,FALSE,rotation_sensitive,2026-10-04,questionable,official_roster_tracker,in_out_review,player_rate_shrunk_v1,2026-10-06 20:06:20 UTC
NBL,/matches/south-east-melbourne-phoenix-v-melbourne-united-men-10-10-2026,2026-10-10,2026-10-10 07:30 PM AEDT,south east melbourne phoenix,melbourne united,south east melbourne phoenix,Daniel Foster,daniel foster,assists,7.477181453085065,0.6931756383959463,0,2,2.232480533926585,32,0.7347411480769864,10,6.80833333333333,2.5,0.5,limited_recent_participation,2,FALSE,16,1.1953124999999987,FALSE,rotation_sensitive,2026-10-04,questionable,official_roster_tracker,in_out_review,player_rate_shrunk_v1,2026-10-06 20:06:20 UTC
NBL,/matches/south-east-melbourne-phoenix-v-melbourne-united-men-10-10-2026,2026-10-10,2026-10-10 07:30 PM AEDT,south east melbourne phoenix,melbourne united,south east melbourne phoenix,Daniel Foster,daniel foster,threes,7.477181453085065,0.23976162783743585,-0,1,1.2838709677419353,32,0.7347411480769864,10,6.80833333333333,2.5,0.5,limited_recent_participation,2,FALSE,16,1.1953124999999987,FALSE,rotation_sensitive,2026-10-04,questionable,official_roster_tracker,in_out_review,player_rate_shrunk_v1,2026-10-06 20:06:20 UTC
NBL,/matches/south-east-melbourne-phoenix-v-melbourne-united-men-10-10-2026,2026-10-10,2026-10-10 07:30 PM AEDT,south east melbourne phoenix,melbourne united,south east melbourne phoenix,Angus Glover,angus glover,points,18.21102592186927,8.888921783245351,2,17,4.228799727983679,174,0.927966750809772,10,20.075,4.008333333333301,1,stable_active,4,TRUE,6,0.9042792792792793,FALSE,stable_active,2026-10-04,scenario_sensitive,official_roster_tracker,in_out_review,player_rate_shrunk_v1,2026-10-06 20:06:20 UTC
NBL,/matches/south-east-melbourne-phoenix-v-melbourne-united-men-10-10-2026,2026-10-10,2026-10-10 07:30 PM AEDT,south east melbourne phoenix,melbourne united,south east melbourne phoenix,Angus Glover,angus glover,rebounds,18.21102592186927,2.618408126562038,1,5,1.276509049559367,174,0.927966750809772,10,20.075,4.008333333333301,1,stable_active,4,TRUE,6,0.9042792792792793,FALSE,stable_active,2026-10-04,scenario_sensitive,official_roster_tracker,in_out_review,player_rate_shrunk_v1,2026-10-06 20:06:20 UTC
NBL,/matches/south-east-melbourne-phoenix-v-melbourne-united-men-10-10-2026,2026-10-10,2026-10-10 07:30 PM AEDT,south east melbourne phoenix,melbourne united,south east melbourne phoenix,Angus Glover,angus glover,assists,18.21102592186927,1.7968546597793884,-0,4,1.33289997399844,174,0.927966750809772,10,20.075,4.008333333333301,1,stable_active,4,TRUE,6,0.9042792792792793,FALSE,stable_active,2026-10-04,scenario_sensitive,official_roster_tracker,in_out_review,player_rate_shrunk_v1,2026-10-06 20:06:20 UTC
NBL,/matches/south-east-melbourne-phoenix-v-melbourne-united-men-10-10-2026,2026-10-10,2026-10-10 07:30 PM AEDT,south east melbourne phoenix,melbourne united,south east melbourne phoenix,Angus Glover,angus glover,threes,18.21102592186927,1.691889889305393,-0,4,1.6134309371303592,174,0.927966750809772,10,20.075,4.008333333333301,1,stable_active,4,TRUE,6,0.9042792792792793,FALSE,stable_active,2026-10-04,scenario_sensitive,official_roster_tracker,in_out_review,player_rate_shrunk_v1,2026-10-06 20:06:20 UTC
NBL,/matches/south-east-melbourne-phoenix-v-melbourne-united-men-10-10-2026,2026-10-10,2026-10-10 07:30 PM AEDT,south east melbourne phoenix,melbourne united,south east melbourne phoenix,Jordan Hunter,jordan hunter,points,16.12267250821468,8.213879533034723,2,15,3.331205107741421,180,0.941391392695275,10,19.5,1.8249999999999993,1,stable_active,4,TRUE,6,0.8064913722267892,FALSE,stable_active,2026-10-04,scenario_sensitive,official_roster_tracker,in_out_review,player_rate_shrunk_v1,2026-10-06 20:06:20 UTC
NBL,/matches/south-east-melbourne-phoenix-v-melbourne-united-men-10-10-2026,2026-10-10,2026-10-10 07:30 PM AEDT,south east melbourne phoenix,melbourne united,south east melbourne phoenix,Jordan Hunter,jordan hunter,rebounds,16.12267250821468,4.623076840315665,1,8,1.7148770895323473,180,0.941391392695275,10,19.5,1.8249999999999993,1,stable_active,4,TRUE,6,0.8064913722267892,FALSE,stable_active,2026-10-04,scenario_sensitive,official_roster_tracker,in_out_review,player_rate_shrunk_v1,2026-10-06 20:06:20 UTC
NBL,/matches/south-east-melbourne-phoenix-v-melbourne-united-men-10-10-2026,2026-10-10,2026-10-10 07:30 PM AEDT,south east melbourne phoenix,melbourne united,south east melbourne phoenix,Jordan Hunter,jordan hunter,assists,16.12267250821468,0.7910956029261517,-0,2,1.2102435071858075,180,0.941391392695275,10,19.5,1.8249999999999993,1,stable_active,4,TRUE,6,0.8064913722267892,FALSE,stable_active,2026-10-04,scenario_sensitive,official_roster_tracker,in_out_review,player_rate_shrunk_v1,2026-10-06 20:06:20 UTC
NBL,/matches/south-east-melbourne-phoenix-v-melbourne-united-men-10-10-2026,2026-10-10,2026-10-10 07:30 PM AEDT,south east melbourne phoenix,melbourne united,south east melbourne phoenix,Jordan Hunter,jordan hunter,threes,16.12267250821468,0.7500843388167181,-0,2,1.6021256301948494,180,0.941391392695275,10,19.5,1.8249999999999993,1,stable_active,4,TRUE,6,0.8064913722267892,FALSE,stable_active,2026-10-04,scenario_sensitive,official_roster_tracker,in_out_review,player_rate_shrunk_v1,2026-10-06 20:06:20 UTC
NBL,/matches/south-east-melbourne-phoenix-v-melbourne-united-men-10-10-2026,2026-10-10,2026-10-10 07:30 PM AEDT,south east melbourne phoenix,melbourne united,south east melbourne phoenix,Patrick Ryan,patrick ryan,points,1.9861263234757247,0.9258384144919753,0,3,2.539473684210526,9,0.6817113343920673,9,2.48333333333333,0.43333333333333,0.2,limited_recent_participation,1,FALSE,16,0.8255033557046991,FALSE,rotation_sensitive,2026-10-04,scenario_sensitive,official_roster_tracker,in_out_review,player_rate_shrunk_v1,2026-10-06 20:06:20 UTC
NBL,/matches/south-east-melbourne-phoenix-v-melbourne-united-men-10-10-2026,2026-10-10,2026-10-10 07:30 PM AEDT,south east melbourne phoenix,melbourne united,south east melbourne phoenix,Patrick Ryan,patrick ryan,rebounds,1.9861263234757247,0.33193305176775206,-0,1,1.2,9,0.6817113343920673,9,2.48333333333333,0.43333333333333,0.2,limited_recent_participation,1,FALSE,16,0.8255033557046991,FALSE,rotation_sensitive,2026-10-04,scenario_sensitive,official_roster_tracker,in_out_review,player_rate_shrunk_v1,2026-10-06 20:06:20 UTC
NBL,/matches/south-east-melbourne-phoenix-v-melbourne-united-men-10-10-2026,2026-10-10,2026-10-10 07:30 PM AEDT,south east melbourne phoenix,melbourne united,south east melbourne phoenix,Patrick Ryan,patrick ryan,assists,1.9861263234757247,0.17279500620966226,-0,1,1.2,9,0.6817113343920673,9,2.48333333333333,0.43333333333333,0.2,limited_recent_participation,1,FALSE,16,0.8255033557046991,FALSE,rotation_sensitive,2026-10-04,scenario_sensitive,official_roster_tracker,in_out_review,player_rate_shrunk_v1,2026-10-06 20:06:20 UTC
NBL,/matches/south-east-melbourne-phoenix-v-melbourne-united-men-10-10-2026,2026-10-10,2026-10-10 07:30 PM AEDT,south east melbourne phoenix,melbourne united,south east melbourne phoenix,Patrick Ryan,patrick ryan,threes,1.9861263234757247,0.11690553046272388,-0,1,1.2,9,0.6817113343920673,9,2.48333333333333,0.43333333333333,0.2,limited_recent_participation,1,FALSE,16,0.8255033557046991,FALSE,rotation_sensitive,2026-10-04,scenario_sensitive,official_roster_tracker,in_out_review,player_rate_shrunk_v1,2026-10-06 20:06:20 UTC
NBL,/matches/south-east-melbourne-phoenix-v-melbourne-united-men-10-10-2026,2026-10-10,2026-10-10 07:30 PM AEDT,south east melbourne phoenix,melbourne united,south east melbourne phoenix,Nathan Sobey,nathan sobey,points,26.111719605695516,17.03628168001437,8,27,3.2300934665500254,186,0.9022346159091359,10,29.866666666666653,1.4416666666667002,0.8,stable_active,3,TRUE,6,0.9344349680170576,FALSE,stable_active,2026-10-04,scenario_sensitive,official_roster_tracker,in_out_review,player_rate_shrunk_v1,2026-10-06 20:06:20 UTC
NBL,/matches/south-east-melbourne-phoenix-v-melbourne-united-men-10-10-2026,2026-10-10,2026-10-10 07:30 PM AEDT,south east melbourne phoenix,melbourne united,south east melbourne phoenix,Nathan Sobey,nathan sobey,rebounds,26.111719605695516,3.9509713431398756,1,7,1.2,186,0.9022346159091359,10,29.866666666666653,1.4416666666667002,0.8,stable_active,3,TRUE,6,0.9344349680170576,FALSE,stable_active,2026-10-04,scenario_sensitive,official_roster_tracker,in_out_review,player_rate_shrunk_v1,2026-10-06 20:06:20 UTC
NBL,/matches/south-east-melbourne-phoenix-v-melbourne-united-men-10-10-2026,2026-10-10,2026-10-10 07:30 PM AEDT,south east melbourne phoenix,melbourne united,south east melbourne phoenix,Nathan Sobey,nathan sobey,assists,26.111719605695516,4.018558504589182,1,7,1.381121825342931,186,0.9022346159091359,10,29.866666666666653,1.4416666666667002,0.8,stable_active,3,TRUE,6,0.9344349680170576,FALSE,stable_active,2026-10-04,scenario_sensitive,official_roster_tracker,in_out_review,player_rate_shrunk_v1,2026-10-06 20:06:20 UTC
NBL,/matches/south-east-melbourne-phoenix-v-melbourne-united-men-10-10-2026,2026-10-10,2026-10-10 07:30 PM AEDT,south east melbourne phoenix,melbourne united,south east melbourne phoenix,Nathan Sobey,nathan sobey,threes,26.111719605695516,2.207478224158251,0,4,1.2,186,0.9022346159091359,10,29.866666666666653,1.4416666666667002,0.8,stable_active,3,TRUE,6,0.9344349680170576,FALSE,stable_active,2026-10-04,scenario_sensitive,official_roster_tracker,in_out_review,player_rate_shrunk_v1,2026-10-06 20:06:20 UTC
NBL,/matches/south-east-melbourne-phoenix-v-melbourne-united-men-10-10-2026,2026-10-10,2026-10-10 07:30 PM AEDT,south east melbourne phoenix,melbourne united,south east melbourne phoenix,Dash Daniels,dash daniels,points,21.190215407082857,8.067869456998356,1,17,5.11749127242085,40,0.8131880570177761,10,20.51666666666665,4.60833333333335,0.6,stable_active,4,TRUE,6,1.5245202558635405,FALSE,stable_active,2026-10-04,scenario_sensitive,official_roster_tracker,in_out_review,player_rate_shrunk_v1,2026-10-06 20:06:20 UTC
NBL,/matches/south-east-melbourne-phoenix-v-melbourne-united-men-10-10-2026,2026-10-10,2026-10-10 07:30 PM AEDT,south east melbourne phoenix,melbourne united,south east melbourne phoenix,Dash Daniels,dash daniels,rebounds,21.190215407082857,3.9143351014025685,1,8,1.9593280282935457,40,0.8131880570177761,10,20.51666666666665,4.60833333333335,0.6,stable_active,4,TRUE,6,1.5245202558635405,FALSE,stable_active,2026-10-04,scenario_sensitive,official_roster_tracker,in_out_review,player_rate_shrunk_v1,2026-10-06 20:06:20 UTC
NBL,/matches/south-east-melbourne-phoenix-v-melbourne-united-men-10-10-2026,2026-10-10,2026-10-10 07:30 PM AEDT,south east melbourne phoenix,melbourne united,south east melbourne phoenix,Dash Daniels,dash daniels,assists,21.190215407082857,1.6159377498994933,-0,4,1.6092796092796091,40,0.8131880570177761,10,20.51666666666665,4.60833333333335,0.6,stable_active,4,TRUE,6,1.5245202558635405,FALSE,stable_active,2026-10-04,scenario_sensitive,official_roster_tracker,in_out_review,player_rate_shrunk_v1,2026-10-06 20:06:20 UTC
NBL,/matches/south-east-melbourne-phoenix-v-melbourne-united-men-10-10-2026,2026-10-10,2026-10-10 07:30 PM AEDT,south east melbourne phoenix,melbourne united,south east melbourne phoenix,Dash Daniels,dash daniels,threes,21.190215407082857,0.96133790195981,-0,2,1.2,40,0.8131880570177761,10,20.51666666666665,4.60833333333335,0.6,stable_active,4,TRUE,6,1.5245202558635405,FALSE,stable_active,2026-10-04,scenario_sensitive,official_roster_tracker,in_out_review,player_rate_shrunk_v1,2026-10-06 20:06:20 UTC
NBL,/matches/south-east-melbourne-phoenix-v-melbourne-united-men-10-10-2026,2026-10-10,2026-10-10 07:30 PM AEDT,south east melbourne phoenix,melbourne united,south east melbourne phoenix,Sam Davidson,sam davidson,points,3.125228185469153,1.4199972188773944,-0,3,1.5,1,0.32146652327382447,1,3.56666666666667,,0.1,limited_recent_participation,1,FALSE,16,,FALSE,rotation_sensitive,2026-10-04,cold_start,official_roster_tracker,in_out_review,player_rate_shrunk_v1,2026-10-06 20:06:20 UTC
NBL,/matches/south-east-melbourne-phoenix-v-melbourne-united-men-10-10-2026,2026-10-10,2026-10-10 07:30 PM AEDT,south east melbourne phoenix,melbourne united,south east melbourne phoenix,Sam Davidson,sam davidson,rebounds,3.125228185469153,0.5792284710325281,-0,2,1.5,1,0.32146652327382447,1,3.56666666666667,,0.1,limited_recent_participation,1,FALSE,16,,FALSE,rotation_sensitive,2026-10-04,cold_start,official_roster_tracker,in_out_review,player_rate_shrunk_v1,2026-10-06 20:06:20 UTC
NBL,/matches/south-east-melbourne-phoenix-v-melbourne-united-men-10-10-2026,2026-10-10,2026-10-10 07:30 PM AEDT,south east melbourne phoenix,melbourne united,south east melbourne phoenix,Sam Davidson,sam davidson,assists,3.125228185469153,0.2912350118195967,-0,1,1.5,1,0.32146652327382447,1,3.56666666666667,,0.1,limited_recent_participation,1,FALSE,16,,FALSE,rotation_sensitive,2026-10-04,cold_start,official_roster_tracker,in_out_review,player_rate_shrunk_v1,2026-10-06 20:06:20 UTC
NBL,/matches/south-east-melbourne-phoenix-v-melbourne-united-men-10-10-2026,2026-10-10,2026-10-10 07:30 PM AEDT,south east melbourne phoenix,melbourne united,south east melbourne phoenix,Sam Davidson,sam davidson,threes,3.125228185469153,0.1525268617440374,-0,1,1.5,1,0.32146652327382447,1,3.56666666666667,,0.1,limited_recent_participation,1,FALSE,16,,FALSE,rotation_sensitive,2026-10-04,cold_start,official_roster_tracker,in_out_review,player_rate_shrunk_v1,2026-10-06 20:06:20 UTC
NBL,/matches/south-east-melbourne-phoenix-v-melbourne-united-men-10-10-2026,2026-10-10,2026-10-10 07:30 PM AEDT,south east melbourne phoenix,melbourne united,south east melbourne phoenix,Hunter Goodrick,hunter goodrick,points,8.660094925155164,3.0982650201191153,-0,7,2.853073463268366,30,0.6350149499592816,10,6.70833333333333,2.7249999999999996,0.3,limited_recent_participation,2,FALSE,16,0.9047217537942666,FALSE,rotation_sensitive,2026-10-04,questionable,official_roster_tracker,in_out_review,player_rate_shrunk_v1,2026-10-06 20:06:20 UTC
NBL,/matches/south-east-melbourne-phoenix-v-melbourne-united-men-10-10-2026,2026-10-10,2026-10-10 07:30 PM AEDT,south east melbourne phoenix,melbourne united,south east melbourne phoenix,Hunter Goodrick,hunter goodrick,rebounds,8.660094925155164,2.1000867596004893,-0,5,2.3031275060144343,30,0.6350149499592816,10,6.70833333333333,2.7249999999999996,0.3,limited_recent_participation,2,FALSE,16,0.9047217537942666,FALSE,rotation_sensitive,2026-10-04,questionable,official_roster_tracker,in_out_review,player_rate_shrunk_v1,2026-10-06 20:06:20 UTC
NBL,/matches/south-east-melbourne-phoenix-v-melbourne-united-men-10-10-2026,2026-10-10,2026-10-10 07:30 PM AEDT,south east melbourne phoenix,melbourne united,south east melbourne phoenix,Hunter Goodrick,hunter goodrick,assists,8.660094925155164,0.708033006991728,-0,2,1.4682395644283122,30,0.6350149499592816,10,6.70833333333333,2.7249999999999996,0.3,limited_recent_participation,2,FALSE,16,0.9047217537942666,FALSE,rotation_sensitive,2026-10-04,questionable,official_roster_tracker,in_out_review,player_rate_shrunk_v1,2026-10-06 20:06:20 UTC
NBL,/matches/south-east-melbourne-phoenix-v-melbourne-united-men-10-10-2026,2026-10-10,2026-10-10 07:30 PM AEDT,south east melbourne phoenix,melbourne united,south east melbourne phoenix,Hunter Goodrick,hunter goodrick,threes,8.660094925155164,0.22182630864616534,-0,1,1.2,30,0.6350149499592816,10,6.70833333333333,2.7249999999999996,0.3,limited_recent_participation,2,FALSE,16,0.9047217537942666,FALSE,rotation_sensitive,2026-10-04,questionable,official_roster_tracker,in_out_review,player_rate_shrunk_v1,2026-10-06 20:06:20 UTC
NBL,/matches/south-east-melbourne-phoenix-v-melbourne-united-men-10-10-2026,2026-10-10,2026-10-10 07:30 PM AEDT,south east melbourne phoenix,melbourne united,south east melbourne phoenix,Tanner Krebs,tanner krebs,points,21.277838627236193,9.310611536163384,3,18,4.15208291187501,180,0.8311473216548954,10,20.00833333333335,2.6000000000000494,0.6,stable_active,4,TRUE,6,1.2723048327137558,FALSE,stable_active,2026-10-04,scenario_sensitive,official_roster_tracker,in_out_review,player_rate_shrunk_v1,2026-10-06 20:06:20 UTC
NBL,/matches/south-east-melbourne-phoenix-v-melbourne-united-men-10-10-2026,2026-10-10,2026-10-10 07:30 PM AEDT,south east melbourne phoenix,melbourne united,south east melbourne phoenix,Tanner Krebs,tanner krebs,rebounds,21.277838627236193,3.787663940639698,1,7,1.4985059113940498,180,0.8311473216548954,10,20.00833333333335,2.6000000000000494,0.6,stable_active,4,TRUE,6,1.2723048327137558,FALSE,stable_active,2026-10-04,scenario_sensitive,official_roster_tracker,in_out_review,player_rate_shrunk_v1,2026-10-06 20:06:20 UTC
NBL,/matches/south-east-melbourne-phoenix-v-melbourne-united-men-10-10-2026,2026-10-10,2026-10-10 07:30 PM AEDT,south east melbourne phoenix,melbourne united,south east melbourne phoenix,Tanner Krebs,tanner krebs,assists,21.277838627236193,1.2753828240121763,-0,3,1.3713869322322079,180,0.8311473216548954,10,20.00833333333335,2.6000000000000494,0.6,stable_active,4,TRUE,6,1.2723048327137558,FALSE,stable_active,2026-10-04,scenario_sensitive,official_roster_tracker,in_out_review,player_rate_shrunk_v1,2026-10-06 20:06:20 UTC
NBL,/matches/south-east-melbourne-phoenix-v-melbourne-united-men-10-10-2026,2026-10-10,2026-10-10 07:30 PM AEDT,south east melbourne phoenix,melbourne united,south east melbourne phoenix,Tanner Krebs,tanner krebs,threes,21.277838627236193,1.5935555236057959,-0,4,1.3105266461615717,180,0.8311473216548954,10,20.00833333333335,2.6000000000000494,0.6,stable_active,4,TRUE,6,1.2723048327137558,FALSE,stable_active,2026-10-04,scenario_sensitive,official_roster_tracker,in_out_review,player_rate_shrunk_v1,2026-10-06 20:06:20 UTC
NBL,/matches/south-east-melbourne-phoenix-v-melbourne-united-men-10-10-2026,2026-10-10,2026-10-10 07:30 PM AEDT,south east melbourne phoenix,melbourne united,south east melbourne phoenix,Skylar Mays,skylar mays,points,24.46148229280763,11.783808665092955,7,17,1.25,5,0.7670262240437842,5,27.9166666666667,0.9166666666666003,0.5,stable_active,4,TRUE,6,0.9452808338158674,FALSE,stable_active,2026-10-04,scenario_sensitive,official_roster_tracker,in_out_review,player_rate_shrunk_v1,2026-10-06 20:06:20 UTC
NBL,/matches/south-east-melbourne-phoenix-v-melbourne-united-men-10-10-2026,2026-10-10,2026-10-10 07:30 PM AEDT,south east melbourne phoenix,melbourne united,south east melbourne phoenix,Skylar Mays,skylar mays,rebounds,24.46148229280763,4.095277044686946,1,7,1.2,5,0.7670262240437842,5,27.9166666666667,0.9166666666666003,0.5,stable_active,4,TRUE,6,0.9452808338158674,FALSE,stable_active,2026-10-04,scenario_sensitive,official_roster_tracker,in_out_review,player_rate_shrunk_v1,2026-10-06 20:06:20 UTC
NBL,/matches/south-east-melbourne-phoenix-v-melbourne-united-men-10-10-2026,2026-10-10,2026-10-10 07:30 PM AEDT,south east melbourne phoenix,melbourne united,south east melbourne phoenix,Skylar Mays,skylar mays,assists,24.46148229280763,2.9633109870460856,1,5,1.2,5,0.7670262240437842,5,27.9166666666667,0.9166666666666003,0.5,stable_active,4,TRUE,6,0.9452808338158674,FALSE,stable_active,2026-10-04,scenario_sensitive,official_roster_tracker,in_out_review,player_rate_shrunk_v1,2026-10-06 20:06:20 UTC
NBL,/matches/south-east-melbourne-phoenix-v-melbourne-united-men-10-10-2026,2026-10-10,2026-10-10 07:30 PM AEDT,south east melbourne phoenix,melbourne united,south east melbourne phoenix,Skylar Mays,skylar mays,threes,24.46148229280763,1.4630180900576577,-0,3,1.2,5,0.7670262240437842,5,27.9166666666667,0.9166666666666003,0.5,stable_active,4,TRUE,6,0.9452808338158674,FALSE,stable_active,2026-10-04,scenario_sensitive,official_roster_tracker,in_out_review,player_rate_shrunk_v1,2026-10-06 20:06:20 UTC
NBL,/matches/south-east-melbourne-phoenix-v-melbourne-united-men-10-10-2026,2026-10-10,2026-10-10 07:30 PM AEDT,south east melbourne phoenix,melbourne united,south east melbourne phoenix,Yannis Morin,yannis morin,points,11.814530850675403,5.110185214204743,1,10,2.442307692307692,5,0.701365392576793,5,13.4833333333333,3.89999999999997,0.5,stable_active,4,TRUE,6,1.4532374100719438,FALSE,stable_active,2026-10-04,scenario_sensitive,official_roster_tracker,in_out_review,player_rate_shrunk_v1,2026-10-06 20:06:20 UTC
NBL,/matches/south-east-melbourne-phoenix-v-melbourne-united-men-10-10-2026,2026-10-10,2026-10-10 07:30 PM AEDT,south east melbourne phoenix,melbourne united,south east melbourne phoenix,Yannis Morin,yannis morin,rebounds,11.814530850675403,2.2838179455562377,0,4,1.2,5,0.701365392576793,5,13.4833333333333,3.89999999999997,0.5,stable_active,4,TRUE,6,1.4532374100719438,FALSE,stable_active,2026-10-04,scenario_sensitive,official_roster_tracker,in_out_review,player_rate_shrunk_v1,2026-10-06 20:06:20 UTC
NBL,/matches/south-east-melbourne-phoenix-v-melbourne-united-men-10-10-2026,2026-10-10,2026-10-10 07:30 PM AEDT,south east melbourne phoenix,melbourne united,south east melbourne phoenix,Yannis Morin,yannis morin,assists,11.814530850675403,0.94419273276506,-0,2,1.2,5,0.701365392576793,5,13.4833333333333,3.89999999999997,0.5,stable_active,4,TRUE,6,1.4532374100719438,FALSE,stable_active,2026-10-04,scenario_sensitive,official_roster_tracker,in_out_review,player_rate_shrunk_v1,2026-10-06 20:06:20 UTC
NBL,/matches/south-east-melbourne-phoenix-v-melbourne-united-men-10-10-2026,2026-10-10,2026-10-10 07:30 PM AEDT,south east melbourne phoenix,melbourne united,south east melbourne phoenix,Yannis Morin,yannis morin,threes,11.814530850675403,0.4618446901139586,-0,1,1.2,5,0.701365392576793,5,13.4833333333333,3.89999999999997,0.5,stable_active,4,TRUE,6,1.4532374100719438,FALSE,stable_active,2026-10-04,scenario_sensitive,official_roster_tracker,in_out_review,player_rate_shrunk_v1,2026-10-06 20:06:20 UTC
NBL,/matches/south-east-melbourne-phoenix-v-melbourne-united-men-10-10-2026,2026-10-10,2026-10-10 07:30 PM AEDT,south east melbourne phoenix,melbourne united,south east melbourne phoenix,D'Shawn Schwartz,d'shawn schwartz,points,21.774370208105154,9.582532238849526,4,16,2.465909090909091,5,0.762574297648527,5,24.85,1.1999999999999993,0.5,stable_active,4,TRUE,6,2.178316690442232,FALSE,stable_active,2026-10-04,scenario_sensitive,official_roster_tracker,in_out_review,player_rate_shrunk_v1,2026-10-06 20:06:20 UTC
NBL,/matches/south-east-melbourne-phoenix-v-melbourne-united-men-10-10-2026,2026-10-10,2026-10-10 07:30 PM AEDT,south east melbourne phoenix,melbourne united,south east melbourne phoenix,D'Shawn Schwartz,d'shawn schwartz,rebounds,21.774370208105154,3.9115342591024804,1,7,1.75,5,0.762574297648527,5,24.85,1.1999999999999993,0.5,stable_active,4,TRUE,6,2.178316690442232,FALSE,stable_active,2026-10-04,scenario_sensitive,official_roster_tracker,in_out_review,player_rate_shrunk_v1,2026-10-06 20:06:20 UTC
NBL,/matches/south-east-melbourne-phoenix-v-melbourne-united-men-10-10-2026,2026-10-10,2026-10-10 07:30 PM AEDT,south east melbourne phoenix,melbourne united,south east melbourne phoenix,D'Shawn Schwartz,d'shawn schwartz,assists,21.774370208105154,1.8587164795699498,0,4,1.2,5,0.762574297648527,5,24.85,1.1999999999999993,0.5,stable_active,4,TRUE,6,2.178316690442232,FALSE,stable_active,2026-10-04,scenario_sensitive,official_roster_tracker,in_out_review,player_rate_shrunk_v1,2026-10-06 20:06:20 UTC
NBL,/matches/south-east-melbourne-phoenix-v-melbourne-united-men-10-10-2026,2026-10-10,2026-10-10 07:30 PM AEDT,south east melbourne phoenix,melbourne united,south east melbourne phoenix,D'Shawn Schwartz,d'shawn schwartz,threes,21.774370208105154,1.0963864646874506,-0,3,1.4166666666666667,5,0.762574297648527,5,24.85,1.1999999999999993,0.5,stable_active,4,TRUE,6,2.178316690442232,FALSE,stable_active,2026-10-04,scenario_sensitive,official_roster_tracker,in_out_review,player_rate_shrunk_v1,2026-10-06 20:06:20 UTC
NBL,/matches/south-east-melbourne-phoenix-v-melbourne-united-men-10-10-2026,2026-10-10,2026-10-10 07:30 PM AEDT,south east melbourne phoenix,melbourne united,melbourne united,Kyle Bowen,kyle bowen,points,10.485378804876198,3.2527659493920895,0,8,3.7924324324324323,112,0.9325319105075918,10,12,1.8916666666666497,1,stable_active,4,TRUE,7,0.8694181326116335,FALSE,stable_active,2026-10-04,scenario_sensitive,official_roster_tracker,in_out_review,player_rate_shrunk_v1,2026-10-06 20:06:20 UTC
NBL,/matches/south-east-melbourne-phoenix-v-melbourne-united-men-10-10-2026,2026-10-10,2026-10-10 07:30 PM AEDT,south east melbourne phoenix,melbourne united,melbourne united,Kyle Bowen,kyle bowen,rebounds,10.485378804876198,2.470449968218524,0,5,1.4959696538643907,112,0.9325319105075918,10,12,1.8916666666666497,1,stable_active,4,TRUE,7,0.8694181326116335,FALSE,stable_active,2026-10-04,scenario_sensitive,official_roster_tracker,in_out_review,player_rate_shrunk_v1,2026-10-06 20:06:20 UTC
NBL,/matches/south-east-melbourne-phoenix-v-melbourne-united-men-10-10-2026,2026-10-10,2026-10-10 07:30 PM AEDT,south east melbourne phoenix,melbourne united,melbourne united,Kyle Bowen,kyle bowen,assists,10.485378804876198,0.9572954062202033,-0,2,1.2,112,0.9325319105075918,10,12,1.8916666666666497,1,stable_active,4,TRUE,7,0.8694181326116335,FALSE,stable_active,2026-10-04,scenario_sensitive,official_roster_tracker,in_out_review,player_rate_shrunk_v1,2026-10-06 20:06:20 UTC
NBL,/matches/south-east-melbourne-phoenix-v-melbourne-united-men-10-10-2026,2026-10-10,2026-10-10 07:30 PM AEDT,south east melbourne phoenix,melbourne united,melbourne united,Kyle Bowen,kyle bowen,threes,10.485378804876198,0.24129331341444746,-0,1,1.2348555452003727,112,0.9325319105075918,10,12,1.8916666666666497,1,stable_active,4,TRUE,7,0.8694181326116335,FALSE,stable_active,2026-10-04,scenario_sensitive,official_roster_tracker,in_out_review,player_rate_shrunk_v1,2026-10-06 20:06:20 UTC
NBL,/matches/south-east-melbourne-phoenix-v-melbourne-united-men-10-10-2026,2026-10-10,2026-10-10 07:30 PM AEDT,south east melbourne phoenix,melbourne united,melbourne united,Christian D'Angelo,christian d'angelo,points,2.1239997008451157,0.9689031821442927,-0,3,1.5,1,0.33207249372393666,1,2.36666666666667,,0.1,limited_recent_participation,1,FALSE,9,,FALSE,rotation_sensitive,2026-10-04,cold_start,official_roster_tracker,in_out_review,player_rate_shrunk_v1,2026-10-06 20:06:20 UTC
NBL,/matches/south-east-melbourne-phoenix-v-melbourne-united-men-10-10-2026,2026-10-10,2026-10-10 07:30 PM AEDT,south east melbourne phoenix,melbourne united,melbourne united,Christian D'Angelo,christian d'angelo,rebounds,2.1239997008451157,0.381174361017792,-0,1,1.5,1,0.33207249372393666,1,2.36666666666667,,0.1,limited_recent_participation,1,FALSE,9,,FALSE,rotation_sensitive,2026-10-04,cold_start,official_roster_tracker,in_out_review,player_rate_shrunk_v1,2026-10-06 20:06:20 UTC
NBL,/matches/south-east-melbourne-phoenix-v-melbourne-united-men-10-10-2026,2026-10-10,2026-10-10 07:30 PM AEDT,south east melbourne phoenix,melbourne united,melbourne united,Christian D'Angelo,christian d'angelo,assists,2.1239997008451157,0.19871766363522847,-0,1,1.5,1,0.33207249372393666,1,2.36666666666667,,0.1,limited_recent_participation,1,FALSE,9,,FALSE,rotation_sensitive,2026-10-04,cold_start,official_roster_tracker,in_out_review,player_rate_shrunk_v1,2026-10-06 20:06:20 UTC
NBL,/matches/south-east-melbourne-phoenix-v-melbourne-united-men-10-10-2026,2026-10-10,2026-10-10 07:30 PM AEDT,south east melbourne phoenix,melbourne united,melbourne united,Christian D'Angelo,christian d'angelo,threes,2.1239997008451157,0.10407327545550664,-0,0,1.5,1,0.33207249372393666,1,2.36666666666667,,0.1,limited_recent_participation,1,FALSE,9,,FALSE,rotation_sensitive,2026-10-04,cold_start,official_roster_tracker,in_out_review,player_rate_shrunk_v1,2026-10-06 20:06:20 UTC
NBL,/matches/south-east-melbourne-phoenix-v-melbourne-united-men-10-10-2026,2026-10-10,2026-10-10 07:30 PM AEDT,south east melbourne phoenix,melbourne united,melbourne united,Shea Ili,shea ili,points,7.478872186074339,3.365527191494589,-0,7,2.769449244751664,169,0.6924658801359652,10,14.883333333333301,4.55833333333335,0.5,limited_recent_participation,1,TRUE,7,2.0679999999999965,FALSE,rotation_sensitive,2026-10-04,scenario_sensitive,official_roster_tracker,in_out_review,player_rate_shrunk_v1,2026-10-06 20:06:20 UTC
NBL,/matches/south-east-melbourne-phoenix-v-melbourne-united-men-10-10-2026,2026-10-10,2026-10-10 07:30 PM AEDT,south east melbourne phoenix,melbourne united,melbourne united,Shea Ili,shea ili,rebounds,7.478872186074339,1.0134444765667137,-0,2,1.2,169,0.6924658801359652,10,14.883333333333301,4.55833333333335,0.5,limited_recent_participation,1,TRUE,7,2.0679999999999965,FALSE,rotation_sensitive,2026-10-04,scenario_sensitive,official_roster_tracker,in_out_review,player_rate_shrunk_v1,2026-10-06 20:06:20 UTC
NBL,/matches/south-east-melbourne-phoenix-v-melbourne-united-men-10-10-2026,2026-10-10,2026-10-10 07:30 PM AEDT,south east melbourne phoenix,melbourne united,melbourne united,Shea Ili,shea ili,assists,7.478872186074339,1.22763471090191,-0,3,1.5278397817460316,169,0.6924658801359652,10,14.883333333333301,4.55833333333335,0.5,limited_recent_participation,1,TRUE,7,2.0679999999999965,FALSE,rotation_sensitive,2026-10-04,scenario_sensitive,official_roster_tracker,in_out_review,player_rate_shrunk_v1,2026-10-06 20:06:20 UTC
NBL,/matches/south-east-melbourne-phoenix-v-melbourne-united-men-10-10-2026,2026-10-10,2026-10-10 07:30 PM AEDT,south east melbourne phoenix,melbourne united,melbourne united,Shea Ili,shea ili,threes,7.478872186074339,0.16094166012657868,-0,1,1.2,169,0.6924658801359652,10,14.883333333333301,4.55833333333335,0.5,limited_recent_participation,1,TRUE,7,2.0679999999999965,FALSE,rotation_sensitive,2026-10-04,scenario_sensitive,official_roster_tracker,in_out_review,player_rate_shrunk_v1,2026-10-06 20:06:20 UTC
NBL,/matches/south-east-melbourne-phoenix-v-melbourne-united-men-10-10-2026,2026-10-10,2026-10-10 07:30 PM AEDT,south east melbourne phoenix,melbourne united,melbourne united,Fabijan Krslovic,fabijan krslovic,points,12.37005459576693,3.668377416065787,-0,8,3.0166039382534224,211,0.934037856892193,10,13.9333333333333,2.25,1,role_declining,4,TRUE,7,0.6294458229942085,FALSE,rotation_sensitive,2026-10-04,scenario_sensitive,official_roster_tracker,in_out_review,player_rate_shrunk_v1,2026-10-06 20:06:20 UTC
NBL,/matches/south-east-melbourne-phoenix-v-melbourne-united-men-10-10-2026,2026-10-10,2026-10-10 07:30 PM AEDT,south east melbourne phoenix,melbourne united,melbourne united,Fabijan Krslovic,fabijan krslovic,rebounds,12.37005459576693,3.0761194047064087,1,6,1.6701298701298701,211,0.934037856892193,10,13.9333333333333,2.25,1,role_declining,4,TRUE,7,0.6294458229942085,FALSE,rotation_sensitive,2026-10-04,scenario_sensitive,official_roster_tracker,in_out_review,player_rate_shrunk_v1,2026-10-06 20:06:20 UTC
NBL,/matches/south-east-melbourne-phoenix-v-melbourne-united-men-10-10-2026,2026-10-10,2026-10-10 07:30 PM AEDT,south east melbourne phoenix,melbourne united,melbourne united,Fabijan Krslovic,fabijan krslovic,assists,12.37005459576693,1.03308352729251,-0,3,1.3530864197530865,211,0.934037856892193,10,13.9333333333333,2.25,1,role_declining,4,TRUE,7,0.6294458229942085,FALSE,rotation_sensitive,2026-10-04,scenario_sensitive,official_roster_tracker,in_out_review,player_rate_shrunk_v1,2026-10-06 20:06:20 UTC
NBL,/matches/south-east-melbourne-phoenix-v-melbourne-united-men-10-10-2026,2026-10-10,2026-10-10 07:30 PM AEDT,south east melbourne phoenix,melbourne united,melbourne united,Fabijan Krslovic,fabijan krslovic,threes,12.37005459576693,0.37147991666147456,-0,1,1.2,211,0.934037856892193,10,13.9333333333333,2.25,1,role_declining,4,TRUE,7,0.6294458229942085,FALSE,rotation_sensitive,2026-10-04,scenario_sensitive,official_roster_tracker,in_out_review,player_rate_shrunk_v1,2026-10-06 20:06:20 UTC
NBL,/matches/south-east-melbourne-phoenix-v-melbourne-united-men-10-10-2026,2026-10-10,2026-10-10 07:30 PM AEDT,south east melbourne phoenix,melbourne united,melbourne united,Malith Machar,malith machar,points,12.818786926931391,5.7461184048807405,1,12,4.068181818181818,25,0.6834208908775881,10,7.28333333333333,3.7249999999999845,0.7,stable_active,4,TRUE,7,2.9087837837837855,FALSE,stable_active,2026-10-04,scenario_sensitive,official_roster_tracker,in_out_review,player_rate_shrunk_v1,2026-10-06 20:06:20 UTC
NBL,/matches/south-east-melbourne-phoenix-v-melbourne-united-men-10-10-2026,2026-10-10,2026-10-10 07:30 PM AEDT,south east melbourne phoenix,melbourne united,melbourne united,Malith Machar,malith machar,rebounds,12.818786926931391,1.904436059506294,0,4,1.351190476190476,25,0.6834208908775881,10,7.28333333333333,3.7249999999999845,0.7,stable_active,4,TRUE,7,2.9087837837837855,FALSE,stable_active,2026-10-04,scenario_sensitive,official_roster_tracker,in_out_review,player_rate_shrunk_v1,2026-10-06 20:06:20 UTC
NBL,/matches/south-east-melbourne-phoenix-v-melbourne-united-men-10-10-2026,2026-10-10,2026-10-10 07:30 PM AEDT,south east melbourne phoenix,melbourne united,melbourne united,Malith Machar,malith machar,assists,12.818786926931391,0.8992615437452904,-0,2,1.2,25,0.6834208908775881,10,7.28333333333333,3.7249999999999845,0.7,stable_active,4,TRUE,7,2.9087837837837855,FALSE,stable_active,2026-10-04,scenario_sensitive,official_roster_tracker,in_out_review,player_rate_shrunk_v1,2026-10-06 20:06:20 UTC
NBL,/matches/south-east-melbourne-phoenix-v-melbourne-united-men-10-10-2026,2026-10-10,2026-10-10 07:30 PM AEDT,south east melbourne phoenix,melbourne united,melbourne united,Malith Machar,malith machar,threes,12.818786926931391,0.7132147019007787,-0,2,1.4583333333333333,25,0.6834208908775881,10,7.28333333333333,3.7249999999999845,0.7,stable_active,4,TRUE,7,2.9087837837837855,FALSE,stable_active,2026-10-04,scenario_sensitive,official_roster_tracker,in_out_review,player_rate_shrunk_v1,2026-10-06 20:06:20 UTC
NBL,/matches/south-east-melbourne-phoenix-v-melbourne-united-men-10-10-2026,2026-10-10,2026-10-10 07:30 PM AEDT,south east melbourne phoenix,melbourne united,melbourne united,Tom Wilson,tom wilson,points,13.461969934933816,5.330320270942896,1,11,3.633064516129032,25,0.6766978704085062,10,8.725,4.433333333333335,0.6,stable_active,4,TRUE,7,2.0010729613733873,FALSE,stable_active,2026-10-04,scenario_sensitive,official_roster_tracker,in_out_review,player_rate_shrunk_v1,2026-10-06 20:06:20 UTC
NBL,/matches/south-east-melbourne-phoenix-v-melbourne-united-men-10-10-2026,2026-10-10,2026-10-10 07:30 PM AEDT,south east melbourne phoenix,melbourne united,melbourne united,Tom Wilson,tom wilson,rebounds,13.461969934933816,2.513132883635395,-0,6,2.03125,25,0.6766978704085062,10,8.725,4.433333333333335,0.6,stable_active,4,TRUE,7,2.0010729613733873,FALSE,stable_active,2026-10-04,scenario_sensitive,official_roster_tracker,in_out_review,player_rate_shrunk_v1,2026-10-06 20:06:20 UTC
NBL,/matches/south-east-melbourne-phoenix-v-melbourne-united-men-10-10-2026,2026-10-10,2026-10-10 07:30 PM AEDT,south east melbourne phoenix,melbourne united,melbourne united,Tom Wilson,tom wilson,assists,13.461969934933816,1.2341028559352258,-0,3,1.2,25,0.6766978704085062,10,8.725,4.433333333333335,0.6,stable_active,4,TRUE,7,2.0010729613733873,FALSE,stable_active,2026-10-04,scenario_sensitive,official_roster_tracker,in_out_review,player_rate_shrunk_v1,2026-10-06 20:06:20 UTC
NBL,/matches/south-east-melbourne-phoenix-v-melbourne-united-men-10-10-2026,2026-10-10,2026-10-10 07:30 PM AEDT,south east melbourne phoenix,melbourne united,melbourne united,Tom Wilson,tom wilson,threes,13.461969934933816,0.608283596623063,-0,2,1.2,25,0.6766978704085062,10,8.725,4.433333333333335,0.6,stable_active,4,TRUE,7,2.0010729613733873,FALSE,stable_active,2026-10-04,scenario_sensitive,official_roster_tracker,in_out_review,player_rate_shrunk_v1,2026-10-06 20:06:20 UTC
NBL,/matches/south-east-melbourne-phoenix-v-melbourne-united-men-10-10-2026,2026-10-10,2026-10-10 07:30 PM AEDT,south east melbourne phoenix,melbourne united,melbourne united,Cole Anthony,cole anthony,points,22.174856031710437,13.12544390051667,3,26,6.663299663299663,4,0.712281097134759,4,24.70833333333335,2.4416666666667,0.4,stable_active,4,TRUE,7,,FALSE,stable_active,2026-10-04,scenario_sensitive,official_roster_tracker,in_out_review,player_rate_shrunk_v1,2026-10-06 20:06:20 UTC
NBL,/matches/south-east-melbourne-phoenix-v-melbourne-united-men-10-10-2026,2026-10-10,2026-10-10 07:30 PM AEDT,south east melbourne phoenix,melbourne united,melbourne united,Cole Anthony,cole anthony,rebounds,22.174856031710437,3.892418081386073,1,7,1.2,4,0.712281097134759,4,24.70833333333335,2.4416666666667,0.4,stable_active,4,TRUE,7,,FALSE,stable_active,2026-10-04,scenario_sensitive,official_roster_tracker,in_out_review,player_rate_shrunk_v1,2026-10-06 20:06:20 UTC
NBL,/matches/south-east-melbourne-phoenix-v-melbourne-united-men-10-10-2026,2026-10-10,2026-10-10 07:30 PM AEDT,south east melbourne phoenix,melbourne united,melbourne united,Cole Anthony,cole anthony,assists,22.174856031710437,2.1211241910712215,-0,5,2.2666666666666666,4,0.712281097134759,4,24.70833333333335,2.4416666666667,0.4,stable_active,4,TRUE,7,,FALSE,stable_active,2026-10-04,scenario_sensitive,official_roster_tracker,in_out_review,player_rate_shrunk_v1,2026-10-06 20:06:20 UTC
NBL,/matches/south-east-melbourne-phoenix-v-melbourne-united-men-10-10-2026,2026-10-10,2026-10-10 07:30 PM AEDT,south east melbourne phoenix,melbourne united,melbourne united,Cole Anthony,cole anthony,threes,22.174856031710437,1.2639352665788062,-0,3,1.2,4,0.712281097134759,4,24.70833333333335,2.4416666666667,0.4,stable_active,4,TRUE,7,,FALSE,stable_active,2026-10-04,scenario_sensitive,official_roster_tracker,in_out_review,player_rate_shrunk_v1,2026-10-06 20:06:20 UTC
NBL,/matches/south-east-melbourne-phoenix-v-melbourne-united-men-10-10-2026,2026-10-10,2026-10-10 07:30 PM AEDT,south east melbourne phoenix,melbourne united,melbourne united,Jensen Bradtke,jensen bradtke,points,6.2672948919302955,2.684580463444227,0,7,3.9206349206349205,8,0.4897547152872533,8,5.95833333333333,1.8749999999999996,0,limited_recent_participation,0,FALSE,232,,FALSE,rotation_sensitive,2026-10-04,scenario_sensitive,official_roster_tracker,in_out_review,player_rate_shrunk_v1,2026-10-06 20:06:20 UTC
NBL,/matches/south-east-melbourne-phoenix-v-melbourne-united-men-10-10-2026,2026-10-10,2026-10-10 07:30 PM AEDT,south east melbourne phoenix,melbourne united,melbourne united,Jensen Bradtke,jensen bradtke,rebounds,6.2672948919302955,1.155883662437608,-0,3,1.380952380952381,8,0.4897547152872533,8,5.95833333333333,1.8749999999999996,0,limited_recent_participation,0,FALSE,232,,FALSE,rotation_sensitive,2026-10-04,scenario_sensitive,official_roster_tracker,in_out_review,player_rate_shrunk_v1,2026-10-06 20:06:20 UTC
NBL,/matches/south-east-melbourne-phoenix-v-melbourne-united-men-10-10-2026,2026-10-10,2026-10-10 07:30 PM AEDT,south east melbourne phoenix,melbourne united,melbourne united,Jensen Bradtke,jensen bradtke,assists,6.2672948919302955,0.5168694230792176,-0,2,1.2,8,0.4897547152872533,8,5.95833333333333,1.8749999999999996,0,limited_recent_participation,0,FALSE,232,,FALSE,rotation_sensitive,2026-10-04,scenario_sensitive,official_roster_tracker,in_out_review,player_rate_shrunk_v1,2026-10-06 20:06:20 UTC
NBL,/matches/south-east-melbourne-phoenix-v-melbourne-united-men-10-10-2026,2026-10-10,2026-10-10 07:30 PM AEDT,south east melbourne phoenix,melbourne united,melbourne united,Jensen Bradtke,jensen bradtke,threes,6.2672948919302955,0.2889682018037037,-0,1,1.2,8,0.4897547152872533,8,5.95833333333333,1.8749999999999996,0,limited_recent_participation,0,FALSE,232,,FALSE,rotation_sensitive,2026-10-04,scenario_sensitive,official_roster_tracker,in_out_review,player_rate_shrunk_v1,2026-10-06 20:06:20 UTC
NBL,/matches/south-east-melbourne-phoenix-v-melbourne-united-men-10-10-2026,2026-10-10,2026-10-10 07:30 PM AEDT,south east melbourne phoenix,melbourne united,melbourne united,Jai Fa'ale,jai fa'ale,points,7.179717298631369,3.3010031043120636,1,6,1.5,0,0,0,,,0,limited_recent_participation,0,FALSE,Inf,,FALSE,rotation_sensitive,2026-10-04,cold_start,official_roster_tracker,in_out_review,player_rate_shrunk_v1,2026-10-06 20:06:20 UTC
NBL,/matches/south-east-melbourne-phoenix-v-melbourne-united-men-10-10-2026,2026-10-10,2026-10-10 07:30 PM AEDT,south east melbourne phoenix,melbourne united,melbourne united,Jai Fa'ale,jai fa'ale,rebounds,7.179717298631369,1.2986413629267182,-0,3,1.5,0,0,0,,,0,limited_recent_participation,0,FALSE,Inf,,FALSE,rotation_sensitive,2026-10-04,cold_start,official_roster_tracker,in_out_review,player_rate_shrunk_v1,2026-10-06 20:06:20 UTC
NBL,/matches/south-east-melbourne-phoenix-v-melbourne-united-men-10-10-2026,2026-10-10,2026-10-10 07:30 PM AEDT,south east melbourne phoenix,melbourne united,melbourne united,Jai Fa'ale,jai fa'ale,assists,7.179717298631369,0.6770208175906687,-0,2,1.5,0,0,0,,,0,limited_recent_participation,0,FALSE,Inf,,FALSE,rotation_sensitive,2026-10-04,cold_start,official_roster_tracker,in_out_review,player_rate_shrunk_v1,2026-10-06 20:06:20 UTC
NBL,/matches/south-east-melbourne-phoenix-v-melbourne-united-men-10-10-2026,2026-10-10,2026-10-10 07:30 PM AEDT,south east melbourne phoenix,melbourne united,melbourne united,Jai Fa'ale,jai fa'ale,threes,7.179717298631369,0.35457227480071346,-0,1,1.5,0,0,0,,,0,limited_recent_participation,0,FALSE,Inf,,FALSE,rotation_sensitive,2026-10-04,cold_start,official_roster_tracker,in_out_review,player_rate_shrunk_v1,2026-10-06 20:06:20 UTC
NBL,/matches/south-east-melbourne-phoenix-v-melbourne-united-men-10-10-2026,2026-10-10,2026-10-10 07:30 PM AEDT,south east melbourne phoenix,melbourne united,melbourne united,Will Hynes,will hynes,points,7.179717298631369,3.3010031043120636,1,6,1.5,0,0,0,,,0,limited_recent_participation,0,FALSE,Inf,,FALSE,rotation_sensitive,2026-10-04,cold_start,official_roster_tracker,in_out_review,player_rate_shrunk_v1,2026-10-06 20:06:20 UTC
NBL,/matches/south-east-melbourne-phoenix-v-melbourne-united-men-10-10-2026,2026-10-10,2026-10-10 07:30 PM AEDT,south east melbourne phoenix,melbourne united,melbourne united,Will Hynes,will hynes,rebounds,7.179717298631369,1.2986413629267182,-0,3,1.5,0,0,0,,,0,limited_recent_participation,0,FALSE,Inf,,FALSE,rotation_sensitive,2026-10-04,cold_start,official_roster_tracker,in_out_review,player_rate_shrunk_v1,2026-10-06 20:06:20 UTC
NBL,/matches/south-east-melbourne-phoenix-v-melbourne-united-men-10-10-2026,2026-10-10,2026-10-10 07:30 PM AEDT,south east melbourne phoenix,melbourne united,melbourne united,Will Hynes,will hynes,assists,7.179717298631369,0.6770208175906687,-0,2,1.5,0,0,0,,,0,limited_recent_participation,0,FALSE,Inf,,FALSE,rotation_sensitive,2026-10-04,cold_start,official_roster_tracker,in_out_review,player_rate_shrunk_v1,2026-10-06 20:06:20 UTC
NBL,/matches/south-east-melbourne-phoenix-v-melbourne-united-men-10-10-2026,2026-10-10,2026-10-10 07:30 PM AEDT,south east melbourne phoenix,melbourne united,melbourne united,Will Hynes,will hynes,threes,7.179717298631369,0.35457227480071346,-0,1,1.5,0,0,0,,,0,limited_recent_participation,0,FALSE,Inf,,FALSE,rotation_sensitive,2026-10-04,cold_start,official_roster_tracker,in_out_review,player_rate_shrunk_v1,2026-10-06 20:06:20 UTC
NBL,/matches/south-east-melbourne-phoenix-v-melbourne-united-men-10-10-2026,2026-10-10,2026-10-10 07:30 PM AEDT,south east melbourne phoenix,melbourne united,melbourne united,Joe Ingles,joe ingles,points,21.935532121756026,10.10749270346359,5,16,2.214814814814815,4,0.7320392335901608,4,24.44166666666665,0.7000000000000011,0.4,stable_active,4,TRUE,7,,FALSE,stable_active,2026-10-04,scenario_sensitive,official_roster_tracker,in_out_review,player_rate_shrunk_v1,2026-10-06 20:06:20 UTC
NBL,/matches/south-east-melbourne-phoenix-v-melbourne-united-men-10-10-2026,2026-10-10,2026-10-10 07:30 PM AEDT,south east melbourne phoenix,melbourne united,melbourne united,Joe Ingles,joe ingles,rebounds,21.935532121756026,3.8269998892540555,1,7,1.2,4,0.7320392335901608,4,24.44166666666665,0.7000000000000011,0.4,stable_active,4,TRUE,7,,FALSE,stable_active,2026-10-04,scenario_sensitive,official_roster_tracker,in_out_review,player_rate_shrunk_v1,2026-10-06 20:06:20 UTC
NBL,/matches/south-east-melbourne-phoenix-v-melbourne-united-men-10-10-2026,2026-10-10,2026-10-10 07:30 PM AEDT,south east melbourne phoenix,melbourne united,melbourne united,Joe Ingles,joe ingles,assists,21.935532121756026,2.4471042999270614,0,5,1.5,4,0.7320392335901608,4,24.44166666666665,0.7000000000000011,0.4,stable_active,4,TRUE,7,,FALSE,stable_active,2026-10-04,scenario_sensitive,official_roster_tracker,in_out_review,player_rate_shrunk_v1,2026-10-06 20:06:20 UTC
NBL,/matches/south-east-melbourne-phoenix-v-melbourne-united-men-10-10-2026,2026-10-10,2026-10-10 07:30 PM AEDT,south east melbourne phoenix,melbourne united,melbourne united,Joe Ingles,joe ingles,threes,21.935532121756026,1.0948748393723147,-0,3,1.2,4,0.7320392335901608,4,24.44166666666665,0.7000000000000011,0.4,stable_active,4,TRUE,7,,FALSE,stable_active,2026-10-04,scenario_sensitive,official_roster_tracker,in_out_review,player_rate_shrunk_v1,2026-10-06 20:06:20 UTC
NBL,/matches/south-east-melbourne-phoenix-v-melbourne-united-men-10-10-2026,2026-10-10,2026-10-10 07:30 PM AEDT,south east melbourne phoenix,melbourne united,melbourne united,Josh Oduro,josh oduro,points,24.971954229302227,12.680269545674195,7,19,1.6862745098039216,4,0.7181184430635349,4,27.825,2.158333333333351,0.4,stable_active,4,TRUE,7,,FALSE,stable_active,2026-10-04,scenario_sensitive,official_roster_tracker,in_out_review,player_rate_shrunk_v1,2026-10-06 20:06:20 UTC
NBL,/matches/south-east-melbourne-phoenix-v-melbourne-united-men-10-10-2026,2026-10-10,2026-10-10 07:30 PM AEDT,south east melbourne phoenix,melbourne united,melbourne united,Josh Oduro,josh oduro,rebounds,24.971954229302227,5.373259984455236,2,9,1.2,4,0.7181184430635349,4,27.825,2.158333333333351,0.4,stable_active,4,TRUE,7,,FALSE,stable_active,2026-10-04,scenario_sensitive,official_roster_tracker,in_out_review,player_rate_shrunk_v1,2026-10-06 20:06:20 UTC
NBL,/matches/south-east-melbourne-phoenix-v-melbourne-united-men-10-10-2026,2026-10-10,2026-10-10 07:30 PM AEDT,south east melbourne phoenix,melbourne united,melbourne united,Josh Oduro,josh oduro,assists,24.971954229302227,1.9266299396934286,0,4,1.222222222222222,4,0.7181184430635349,4,27.825,2.158333333333351,0.4,stable_active,4,TRUE,7,,FALSE,stable_active,2026-10-04,scenario_sensitive,official_roster_tracker,in_out_review,player_rate_shrunk_v1,2026-10-06 20:06:20 UTC
NBL,/matches/south-east-melbourne-phoenix-v-melbourne-united-men-10-10-2026,2026-10-10,2026-10-10 07:30 PM AEDT,south east melbourne phoenix,melbourne united,melbourne united,Josh Oduro,josh oduro,threes,24.971954229302227,0.9122771741767217,-0,2,1.2,4,0.7181184430635349,4,27.825,2.158333333333351,0.4,stable_active,4,TRUE,7,,FALSE,stable_active,2026-10-04,scenario_sensitive,official_roster_tracker,in_out_review,player_rate_shrunk_v1,2026-10-06 20:06:20 UTC
NBL,/matches/south-east-melbourne-phoenix-v-melbourne-united-men-10-10-2026,2026-10-10,2026-10-10 07:30 PM AEDT,south east melbourne phoenix,melbourne united,melbourne united,Austin Shelley,austin shelley,points,5.452097823648195,2.409129488070133,0,5,1.2,2,0.5225536339488631,2,6.075,3.74166666666667,0.2,limited_recent_participation,2,FALSE,9,,FALSE,rotation_sensitive,2026-10-04,cold_start,official_roster_tracker,in_out_review,player_rate_shrunk_v1,2026-10-06 20:06:20 UTC
NBL,/matches/south-east-melbourne-phoenix-v-melbourne-united-men-10-10-2026,2026-10-10,2026-10-10 07:30 PM AEDT,south east melbourne phoenix,melbourne united,melbourne united,Austin Shelley,austin shelley,rebounds,5.452097823648195,0.9652373324215641,-0,2,1.2,2,0.5225536339488631,2,6.075,3.74166666666667,0.2,limited_recent_participation,2,FALSE,9,,FALSE,rotation_sensitive,2026-10-04,cold_start,official_roster_tracker,in_out_review,player_rate_shrunk_v1,2026-10-06 20:06:20 UTC
NBL,/matches/south-east-melbourne-phoenix-v-melbourne-united-men-10-10-2026,2026-10-10,2026-10-10 07:30 PM AEDT,south east melbourne phoenix,melbourne united,melbourne united,Austin Shelley,austin shelley,assists,5.452097823648195,0.494101569781753,-0,2,1.2,2,0.5225536339488631,2,6.075,3.74166666666667,0.2,limited_recent_participation,2,FALSE,9,,FALSE,rotation_sensitive,2026-10-04,cold_start,official_roster_tracker,in_out_review,player_rate_shrunk_v1,2026-10-06 20:06:20 UTC
NBL,/matches/south-east-melbourne-phoenix-v-melbourne-united-men-10-10-2026,2026-10-10,2026-10-10 07:30 PM AEDT,south east melbourne phoenix,melbourne united,melbourne united,Austin Shelley,austin shelley,threes,5.452097823648195,0.25877301410551834,-0,1,1.2,2,0.5225536339488631,2,6.075,3.74166666666667,0.2,limited_recent_participation,2,FALSE,9,,FALSE,rotation_sensitive,2026-10-04,cold_start,official_roster_tracker,in_out_review,player_rate_shrunk_v1,2026-10-06 20:06:20 UTC
NBL,/matches/south-east-melbourne-phoenix-v-melbourne-united-men-10-10-2026,2026-10-10,2026-10-10 07:30 PM AEDT,south east melbourne phoenix,melbourne united,melbourne united,Luke Travers,luke travers,points,24.18667264976442,10.6297605393869,3,19,3.832627062178514,133,0.7819302012918012,10,26.43333333333335,1.9916666666666494,0.4,stable_active,4,TRUE,7,0.9442456768038158,FALSE,stable_active,2026-10-04,scenario_sensitive,official_roster_tracker,in_out_review,player_rate_shrunk_v1,2026-10-06 20:06:20 UTC
NBL,/matches/south-east-melbourne-phoenix-v-melbourne-united-men-10-10-2026,2026-10-10,2026-10-10 07:30 PM AEDT,south east melbourne phoenix,melbourne united,melbourne united,Luke Travers,luke travers,rebounds,24.18667264976442,4.88701390601249,1,9,1.8746917450365728,133,0.7819302012918012,10,26.43333333333335,1.9916666666666494,0.4,stable_active,4,TRUE,7,0.9442456768038158,FALSE,stable_active,2026-10-04,scenario_sensitive,official_roster_tracker,in_out_review,player_rate_shrunk_v1,2026-10-06 20:06:20 UTC
NBL,/matches/south-east-melbourne-phoenix-v-melbourne-united-men-10-10-2026,2026-10-10,2026-10-10 07:30 PM AEDT,south east melbourne phoenix,melbourne united,melbourne united,Luke Travers,luke travers,assists,24.18667264976442,2.6310813644354027,0,5,1.4866209262435677,133,0.7819302012918012,10,26.43333333333335,1.9916666666666494,0.4,stable_active,4,TRUE,7,0.9442456768038158,FALSE,stable_active,2026-10-04,scenario_sensitive,official_roster_tracker,in_out_review,player_rate_shrunk_v1,2026-10-06 20:06:20 UTC
NBL,/matches/south-east-melbourne-phoenix-v-melbourne-united-men-10-10-2026,2026-10-10,2026-10-10 07:30 PM AEDT,south east melbourne phoenix,melbourne united,melbourne united,Luke Travers,luke travers,threes,24.18667264976442,0.9989674566562956,-0,3,1.4105003523608175,133,0.7819302012918012,10,26.43333333333335,1.9916666666666494,0.4,stable_active,4,TRUE,7,0.9442456768038158,FALSE,stable_active,2026-10-04,scenario_sensitive,official_roster_tracker,in_out_review,player_rate_shrunk_v1,2026-10-06 20:06:20 UTC
NBL,/matches/south-east-melbourne-phoenix-v-melbourne-united-men-10-10-2026,2026-10-10,2026-10-10 07:30 PM AEDT,south east melbourne phoenix,melbourne united,melbourne united,Sam Waardenburg,sam waardenburg,points,21.913095505197855,10.23615490600315,4,18,2.9770236832803114,93,0.7490738860429225,10,26.94166666666665,3.533333333333349,0.4,stable_active,4,TRUE,7,0.8497159090909101,FALSE,stable_active,2026-10-04,scenario_sensitive,official_roster_tracker,in_out_review,player_rate_shrunk_v1,2026-10-06 20:06:20 UTC
NBL,/matches/south-east-melbourne-phoenix-v-melbourne-united-men-10-10-2026,2026-10-10,2026-10-10 07:30 PM AEDT,south east melbourne phoenix,melbourne united,melbourne united,Sam Waardenburg,sam waardenburg,rebounds,21.913095505197855,4.377357794815248,1,8,1.5668611818854277,93,0.7490738860429225,10,26.94166666666665,3.533333333333349,0.4,stable_active,4,TRUE,7,0.8497159090909101,FALSE,stable_active,2026-10-04,scenario_sensitive,official_roster_tracker,in_out_review,player_rate_shrunk_v1,2026-10-06 20:06:20 UTC
NBL,/matches/south-east-melbourne-phoenix-v-melbourne-united-men-10-10-2026,2026-10-10,2026-10-10 07:30 PM AEDT,south east melbourne phoenix,melbourne united,melbourne united,Sam Waardenburg,sam waardenburg,assists,21.913095505197855,2.2252457251135738,-0,5,1.6909610983981695,93,0.7490738860429225,10,26.94166666666665,3.533333333333349,0.4,stable_active,4,TRUE,7,0.8497159090909101,FALSE,stable_active,2026-10-04,scenario_sensitive,official_roster_tracker,in_out_review,player_rate_shrunk_v1,2026-10-06 20:06:20 UTC
NBL,/matches/south-east-melbourne-phoenix-v-melbourne-united-men-10-10-2026,2026-10-10,2026-10-10 07:30 PM AEDT,south east melbourne phoenix,melbourne united,melbourne united,Sam Waardenburg,sam waardenburg,threes,21.913095505197855,0.9799296234501457,-0,2,1.2,93,0.7490738860429225,10,26.94166666666665,3.533333333333349,0.4,stable_active,4,TRUE,7,0.8497159090909101,FALSE,stable_active,2026-10-04,scenario_sensitive,official_roster_tracker,in_out_review,player_rate_shrunk_v1,2026-10-06 20:06:20 UTC
NBL,/matches/perth-wildcats-v-nz-breakers-men-10-10-2026,2026-10-10,2026-10-10 09:30 PM AEDT,perth wildcats,nz breakers,perth wildcats,Cameron Huefner,cameron huefner,points,8.212560386473426,3.4493287512280744,0,9,4.839285714285714,9,0.6860560265933433,9,5.23333333333333,3.15,0.7,stable_active,4,TRUE,8,1.2770700636942678,FALSE,stable_active,2026-10-04,scenario_sensitive,last_completed_proxy,in_out_review,player_rate_shrunk_v1,2026-10-06 20:06:20 UTC
NBL,/matches/perth-wildcats-v-nz-breakers-men-10-10-2026,2026-10-10,2026-10-10 09:30 PM AEDT,perth wildcats,nz breakers,perth wildcats,Cameron Huefner,cameron huefner,rebounds,8.212560386473426,1.4816872077059164,0,4,3.227272727272727,9,0.6860560265933433,9,5.23333333333333,3.15,0.7,stable_active,4,TRUE,8,1.2770700636942678,FALSE,stable_active,2026-10-04,scenario_sensitive,last_completed_proxy,in_out_review,player_rate_shrunk_v1,2026-10-06 20:06:20 UTC
NBL,/matches/perth-wildcats-v-nz-breakers-men-10-10-2026,2026-10-10,2026-10-10 09:30 PM AEDT,perth wildcats,nz breakers,perth wildcats,Cameron Huefner,cameron huefner,assists,8.212560386473426,0.7103628254262304,-0,2,1.5,9,0.6860560265933433,9,5.23333333333333,3.15,0.7,stable_active,4,TRUE,8,1.2770700636942678,FALSE,stable_active,2026-10-04,scenario_sensitive,last_completed_proxy,in_out_review,player_rate_shrunk_v1,2026-10-06 20:06:20 UTC
NBL,/matches/perth-wildcats-v-nz-breakers-men-10-10-2026,2026-10-10,2026-10-10 09:30 PM AEDT,perth wildcats,nz breakers,perth wildcats,Cameron Huefner,cameron huefner,threes,8.212560386473426,0.40447346273296686,-0,1,1.2,9,0.6860560265933433,9,5.23333333333333,3.15,0.7,stable_active,4,TRUE,8,1.2770700636942678,FALSE,stable_active,2026-10-04,scenario_sensitive,last_completed_proxy,in_out_review,player_rate_shrunk_v1,2026-10-06 20:06:20 UTC
NBL,/matches/perth-wildcats-v-nz-breakers-men-10-10-2026,2026-10-10,2026-10-10 09:30 PM AEDT,perth wildcats,nz breakers,perth wildcats,Kristian Doolittle,kristian doolittle,points,31.088377379937505,15.810598246955973,6,27,4.301369552914545,96,0.9622284947159458,10,36.849999999999994,1.100000000000005,1,stable_active,4,TRUE,8,0.9497354497354498,FALSE,stable_active,2026-10-04,scenario_sensitive,last_completed_proxy,in_out_review,player_rate_shrunk_v1,2026-10-06 20:06:20 UTC
NBL,/matches/perth-wildcats-v-nz-breakers-men-10-10-2026,2026-10-10,2026-10-10 09:30 PM AEDT,perth wildcats,nz breakers,perth wildcats,Kristian Doolittle,kristian doolittle,rebounds,31.088377379937505,6.837311234091057,3,11,1.3038745800671891,96,0.9622284947159458,10,36.849999999999994,1.100000000000005,1,stable_active,4,TRUE,8,0.9497354497354498,FALSE,stable_active,2026-10-04,scenario_sensitive,last_completed_proxy,in_out_review,player_rate_shrunk_v1,2026-10-06 20:06:20 UTC
NBL,/matches/perth-wildcats-v-nz-breakers-men-10-10-2026,2026-10-10,2026-10-10 09:30 PM AEDT,perth wildcats,nz breakers,perth wildcats,Kristian Doolittle,kristian doolittle,assists,31.088377379937505,3.6155839633039433,1,6,1.2610526315789472,96,0.9622284947159458,10,36.849999999999994,1.100000000000005,1,stable_active,4,TRUE,8,0.9497354497354498,FALSE,stable_active,2026-10-04,scenario_sensitive,last_completed_proxy,in_out_review,player_rate_shrunk_v1,2026-10-06 20:06:20 UTC
NBL,/matches/perth-wildcats-v-nz-breakers-men-10-10-2026,2026-10-10,2026-10-10 09:30 PM AEDT,perth wildcats,nz breakers,perth wildcats,Kristian Doolittle,kristian doolittle,threes,31.088377379937505,1.400761212068073,-0,3,1.2,96,0.9622284947159458,10,36.849999999999994,1.100000000000005,1,stable_active,4,TRUE,8,0.9497354497354498,FALSE,stable_active,2026-10-04,scenario_sensitive,last_completed_proxy,in_out_review,player_rate_shrunk_v1,2026-10-06 20:06:20 UTC
NBL,/matches/perth-wildcats-v-nz-breakers-men-10-10-2026,2026-10-10,2026-10-10 09:30 PM AEDT,perth wildcats,nz breakers,perth wildcats,Jo Lual-Acuil Jr.,jo lual-acuil jr.,points,6.8201193520886605,3.135671533657046,1,6,1.5,0,0,0,,,0,limited_recent_participation,0,FALSE,Inf,,FALSE,rotation_sensitive,2026-10-04,cold_start,last_completed_proxy,in_out_review,player_rate_shrunk_v1,2026-10-06 20:06:20 UTC
NBL,/matches/perth-wildcats-v-nz-breakers-men-10-10-2026,2026-10-10,2026-10-10 09:30 PM AEDT,perth wildcats,nz breakers,perth wildcats,Jo Lual-Acuil Jr.,jo lual-acuil jr.,rebounds,6.8201193520886605,1.2335985836667478,-0,3,1.5,0,0,0,,,0,limited_recent_participation,0,FALSE,Inf,,FALSE,rotation_sensitive,2026-10-04,cold_start,last_completed_proxy,in_out_review,player_rate_shrunk_v1,2026-10-06 20:06:20 UTC
NBL,/matches/perth-wildcats-v-nz-breakers-men-10-10-2026,2026-10-10,2026-10-10 09:30 PM AEDT,perth wildcats,nz breakers,perth wildcats,Jo Lual-Acuil Jr.,jo lual-acuil jr.,assists,6.8201193520886605,0.6431120596763873,-0,2,1.5,0,0,0,,,0,limited_recent_participation,0,FALSE,Inf,,FALSE,rotation_sensitive,2026-10-04,cold_start,last_completed_proxy,in_out_review,player_rate_shrunk_v1,2026-10-06 20:06:20 UTC
NBL,/matches/perth-wildcats-v-nz-breakers-men-10-10-2026,2026-10-10,2026-10-10 09:30 PM AEDT,perth wildcats,nz breakers,perth wildcats,Jo Lual-Acuil Jr.,jo lual-acuil jr.,threes,6.8201193520886605,0.33681343324526414,-0,1,1.5,0,0,0,,,0,limited_recent_participation,0,FALSE,Inf,,FALSE,rotation_sensitive,2026-10-04,cold_start,last_completed_proxy,in_out_review,player_rate_shrunk_v1,2026-10-06 20:06:20 UTC
NBL,/matches/perth-wildcats-v-nz-breakers-men-10-10-2026,2026-10-10,2026-10-10 09:30 PM AEDT,perth wildcats,nz breakers,perth wildcats,Elijah Pepper,elijah pepper,points,30.164819551008776,13.576960747519223,4,25,4.990572669009716,71,0.9567329378640822,10,34.89166666666665,2.1499999999999986,1,stable_active,4,TRUE,8,0.9966793168880461,FALSE,stable_active,2026-10-04,scenario_sensitive,last_completed_proxy,in_out_review,player_rate_shrunk_v1,2026-10-06 20:06:20 UTC
NBL,/matches/perth-wildcats-v-nz-breakers-men-10-10-2026,2026-10-10,2026-10-10 09:30 PM AEDT,perth wildcats,nz breakers,perth wildcats,Elijah Pepper,elijah pepper,rebounds,30.164819551008776,4.204820537247959,1,8,1.6045486851457003,71,0.9567329378640822,10,34.89166666666665,2.1499999999999986,1,stable_active,4,TRUE,8,0.9966793168880461,FALSE,stable_active,2026-10-04,scenario_sensitive,last_completed_proxy,in_out_review,player_rate_shrunk_v1,2026-10-06 20:06:20 UTC
NBL,/matches/perth-wildcats-v-nz-breakers-men-10-10-2026,2026-10-10,2026-10-10 09:30 PM AEDT,perth wildcats,nz breakers,perth wildcats,Elijah Pepper,elijah pepper,assists,30.164819551008776,2.250834465384921,0,4,1.2,71,0.9567329378640822,10,34.89166666666665,2.1499999999999986,1,stable_active,4,TRUE,8,0.9966793168880461,FALSE,stable_active,2026-10-04,scenario_sensitive,last_completed_proxy,in_out_review,player_rate_shrunk_v1,2026-10-06 20:06:20 UTC
NBL,/matches/perth-wildcats-v-nz-breakers-men-10-10-2026,2026-10-10,2026-10-10 09:30 PM AEDT,perth wildcats,nz breakers,perth wildcats,Elijah Pepper,elijah pepper,threes,30.164819551008776,2.225575825821968,0,5,1.5161592505854802,71,0.9567329378640822,10,34.89166666666665,2.1499999999999986,1,stable_active,4,TRUE,8,0.9966793168880461,FALSE,stable_active,2026-10-04,scenario_sensitive,last_completed_proxy,in_out_review,player_rate_shrunk_v1,2026-10-06 20:06:20 UTC
NBL,/matches/perth-wildcats-v-nz-breakers-men-10-10-2026,2026-10-10,2026-10-10 09:30 PM AEDT,perth wildcats,nz breakers,perth wildcats,Jaron Rillie,jaron rillie,points,10.343847684001108,4.511780436514351,1,10,3.3233082706766917,15,0.5836281778796435,10,19.6583333333333,5.300000000000001,0.1,limited_recent_participation,1,TRUE,8,0.5047258979206058,FALSE,rotation_sensitive,2026-10-04,scenario_sensitive,last_completed_proxy,in_out_review,player_rate_shrunk_v1,2026-10-06 20:06:20 UTC
NBL,/matches/perth-wildcats-v-nz-breakers-men-10-10-2026,2026-10-10,2026-10-10 09:30 PM AEDT,perth wildcats,nz breakers,perth wildcats,Jaron Rillie,jaron rillie,rebounds,10.343847684001108,1.7060483808034888,0,4,1.2264808362369337,15,0.5836281778796435,10,19.6583333333333,5.300000000000001,0.1,limited_recent_participation,1,TRUE,8,0.5047258979206058,FALSE,rotation_sensitive,2026-10-04,scenario_sensitive,last_completed_proxy,in_out_review,player_rate_shrunk_v1,2026-10-06 20:06:20 UTC
NBL,/matches/perth-wildcats-v-nz-breakers-men-10-10-2026,2026-10-10,2026-10-10 09:30 PM AEDT,perth wildcats,nz breakers,perth wildcats,Jaron Rillie,jaron rillie,assists,10.343847684001108,1.187157176415752,-0,3,1.2,15,0.5836281778796435,10,19.6583333333333,5.300000000000001,0.1,limited_recent_participation,1,TRUE,8,0.5047258979206058,FALSE,rotation_sensitive,2026-10-04,scenario_sensitive,last_completed_proxy,in_out_review,player_rate_shrunk_v1,2026-10-06 20:06:20 UTC
NBL,/matches/perth-wildcats-v-nz-breakers-men-10-10-2026,2026-10-10,2026-10-10 09:30 PM AEDT,perth wildcats,nz breakers,perth wildcats,Jaron Rillie,jaron rillie,threes,10.343847684001108,0.5339624770796911,-0,2,1.4285714285714286,15,0.5836281778796435,10,19.6583333333333,5.300000000000001,0.1,limited_recent_participation,1,TRUE,8,0.5047258979206058,FALSE,rotation_sensitive,2026-10-04,scenario_sensitive,last_completed_proxy,in_out_review,player_rate_shrunk_v1,2026-10-06 20:06:20 UTC
NBL,/matches/perth-wildcats-v-nz-breakers-men-10-10-2026,2026-10-10,2026-10-10 09:30 PM AEDT,perth wildcats,nz breakers,perth wildcats,Jesse Wagstaff,jesse wagstaff,points,10.79852230747374,4.313480646269698,1,9,3.00225641025641,209,0.9253058414163833,10,12.9916666666667,2.041666666666699,1,stable_active,4,TRUE,8,0.9017521902377963,FALSE,stable_active,2026-10-04,scenario_sensitive,last_completed_proxy,in_out_review,player_rate_shrunk_v1,2026-10-06 20:06:20 UTC
NBL,/matches/perth-wildcats-v-nz-breakers-men-10-10-2026,2026-10-10,2026-10-10 09:30 PM AEDT,perth wildcats,nz breakers,perth wildcats,Jesse Wagstaff,jesse wagstaff,rebounds,10.79852230747374,1.9334544703115513,-0,4,1.6462159922662618,209,0.9253058414163833,10,12.9916666666667,2.041666666666699,1,stable_active,4,TRUE,8,0.9017521902377963,FALSE,stable_active,2026-10-04,scenario_sensitive,last_completed_proxy,in_out_review,player_rate_shrunk_v1,2026-10-06 20:06:20 UTC
NBL,/matches/perth-wildcats-v-nz-breakers-men-10-10-2026,2026-10-10,2026-10-10 09:30 PM AEDT,perth wildcats,nz breakers,perth wildcats,Jesse Wagstaff,jesse wagstaff,assists,10.79852230747374,1.016960348221686,-0,2,1.2,209,0.9253058414163833,10,12.9916666666667,2.041666666666699,1,stable_active,4,TRUE,8,0.9017521902377963,FALSE,stable_active,2026-10-04,scenario_sensitive,last_completed_proxy,in_out_review,player_rate_shrunk_v1,2026-10-06 20:06:20 UTC
NBL,/matches/perth-wildcats-v-nz-breakers-men-10-10-2026,2026-10-10,2026-10-10 09:30 PM AEDT,perth wildcats,nz breakers,perth wildcats,Jesse Wagstaff,jesse wagstaff,threes,10.79852230747374,0.5480754932686334,-0,2,1.2849493321050207,209,0.9253058414163833,10,12.9916666666667,2.041666666666699,1,stable_active,4,TRUE,8,0.9017521902377963,FALSE,stable_active,2026-10-04,scenario_sensitive,last_completed_proxy,in_out_review,player_rate_shrunk_v1,2026-10-06 20:06:20 UTC
NBL,/matches/perth-wildcats-v-nz-breakers-men-10-10-2026,2026-10-10,2026-10-10 09:30 PM AEDT,perth wildcats,nz breakers,perth wildcats,Dylan Windler,dylan windler,points,29.80960500142088,13.157066825849455,5,22,3.3754466116089734,64,0.8952107292142469,10,29.700000000000003,4.716666666666699,0.8,stable_active,4,TRUE,8,1.276028277634964,FALSE,stable_active,2026-10-04,scenario_sensitive,last_completed_proxy,in_out_review,player_rate_shrunk_v1,2026-10-06 20:06:20 UTC
NBL,/matches/perth-wildcats-v-nz-breakers-men-10-10-2026,2026-10-10,2026-10-10 09:30 PM AEDT,perth wildcats,nz breakers,perth wildcats,Dylan Windler,dylan windler,rebounds,29.80960500142088,6.434342398749659,2,11,1.8607114977138397,64,0.8952107292142469,10,29.700000000000003,4.716666666666699,0.8,stable_active,4,TRUE,8,1.276028277634964,FALSE,stable_active,2026-10-04,scenario_sensitive,last_completed_proxy,in_out_review,player_rate_shrunk_v1,2026-10-06 20:06:20 UTC
NBL,/matches/perth-wildcats-v-nz-breakers-men-10-10-2026,2026-10-10,2026-10-10 09:30 PM AEDT,perth wildcats,nz breakers,perth wildcats,Dylan Windler,dylan windler,assists,29.80960500142088,2.2230024575549585,0,5,1.3261610817166372,64,0.8952107292142469,10,29.700000000000003,4.716666666666699,0.8,stable_active,4,TRUE,8,1.276028277634964,FALSE,stable_active,2026-10-04,scenario_sensitive,last_completed_proxy,in_out_review,player_rate_shrunk_v1,2026-10-06 20:06:20 UTC
NBL,/matches/perth-wildcats-v-nz-breakers-men-10-10-2026,2026-10-10,2026-10-10 09:30 PM AEDT,perth wildcats,nz breakers,perth wildcats,Dylan Windler,dylan windler,threes,29.80960500142088,1.8347154220067432,0,4,1.2440976390556222,64,0.8952107292142469,10,29.700000000000003,4.716666666666699,0.8,stable_active,4,TRUE,8,1.276028277634964,FALSE,stable_active,2026-10-04,scenario_sensitive,last_completed_proxy,in_out_review,player_rate_shrunk_v1,2026-10-06 20:06:20 UTC
NBL,/matches/perth-wildcats-v-nz-breakers-men-10-10-2026,2026-10-10,2026-10-10 09:30 PM AEDT,perth wildcats,nz breakers,perth wildcats,Angus Brandt,angus brandt,points,9.029553850525716,3.760494387666558,1,7,1.2,4,0.6342097399659635,4,10.591666666666665,4.208333333333335,0.4,stable_active,4,TRUE,8,,FALSE,stable_active,2026-10-04,scenario_sensitive,last_completed_proxy,in_out_review,player_rate_shrunk_v1,2026-10-06 20:06:20 UTC
NBL,/matches/perth-wildcats-v-nz-breakers-men-10-10-2026,2026-10-10,2026-10-10 09:30 PM AEDT,perth wildcats,nz breakers,perth wildcats,Angus Brandt,angus brandt,rebounds,9.029553850525716,1.6006273564925242,-0,4,1.6666666666666665,4,0.6342097399659635,4,10.591666666666665,4.208333333333335,0.4,stable_active,4,TRUE,8,,FALSE,stable_active,2026-10-04,scenario_sensitive,last_completed_proxy,in_out_review,player_rate_shrunk_v1,2026-10-06 20:06:20 UTC
NBL,/matches/perth-wildcats-v-nz-breakers-men-10-10-2026,2026-10-10,2026-10-10 09:30 PM AEDT,perth wildcats,nz breakers,perth wildcats,Angus Brandt,angus brandt,assists,9.029553850525716,0.7913633648835836,-0,2,1.2,4,0.6342097399659635,4,10.591666666666665,4.208333333333335,0.4,stable_active,4,TRUE,8,,FALSE,stable_active,2026-10-04,scenario_sensitive,last_completed_proxy,in_out_review,player_rate_shrunk_v1,2026-10-06 20:06:20 UTC
NBL,/matches/perth-wildcats-v-nz-breakers-men-10-10-2026,2026-10-10,2026-10-10 09:30 PM AEDT,perth wildcats,nz breakers,perth wildcats,Angus Brandt,angus brandt,threes,9.029553850525716,0.3870893678156926,-0,1,1.2,4,0.6342097399659635,4,10.591666666666665,4.208333333333335,0.4,stable_active,4,TRUE,8,,FALSE,stable_active,2026-10-04,scenario_sensitive,last_completed_proxy,in_out_review,player_rate_shrunk_v1,2026-10-06 20:06:20 UTC
NBL,/matches/perth-wildcats-v-nz-breakers-men-10-10-2026,2026-10-10,2026-10-10 09:30 PM AEDT,perth wildcats,nz breakers,perth wildcats,Anthony Dell'Orso,anthony dell'orso,points,23.039215686274506,10.999369125663016,2,23,6.941520467836257,4,0.6793025598832109,4,27.025,5.283333333333349,0.4,stable_active,4,TRUE,8,,FALSE,stable_active,2026-10-04,scenario_sensitive,last_completed_proxy,in_out_review,player_rate_shrunk_v1,2026-10-06 20:06:20 UTC
NBL,/matches/perth-wildcats-v-nz-breakers-men-10-10-2026,2026-10-10,2026-10-10 09:30 PM AEDT,perth wildcats,nz breakers,perth wildcats,Anthony Dell'Orso,anthony dell'orso,rebounds,23.039215686274506,3.908310800707537,0,10,6.288888888888889,4,0.6793025598832109,4,27.025,5.283333333333349,0.4,stable_active,4,TRUE,8,,FALSE,stable_active,2026-10-04,scenario_sensitive,last_completed_proxy,in_out_review,player_rate_shrunk_v1,2026-10-06 20:06:20 UTC
NBL,/matches/perth-wildcats-v-nz-breakers-men-10-10-2026,2026-10-10,2026-10-10 09:30 PM AEDT,perth wildcats,nz breakers,perth wildcats,Anthony Dell'Orso,anthony dell'orso,assists,23.039215686274506,2.2733883571236415,-0,6,2.888888888888889,4,0.6793025598832109,4,27.025,5.283333333333349,0.4,stable_active,4,TRUE,8,,FALSE,stable_active,2026-10-04,scenario_sensitive,last_completed_proxy,in_out_review,player_rate_shrunk_v1,2026-10-06 20:06:20 UTC
NBL,/matches/perth-wildcats-v-nz-breakers-men-10-10-2026,2026-10-10,2026-10-10 09:30 PM AEDT,perth wildcats,nz breakers,perth wildcats,Anthony Dell'Orso,anthony dell'orso,threes,23.039215686274506,1.2309916080294363,-0,3,1.2,4,0.6793025598832109,4,27.025,5.283333333333349,0.4,stable_active,4,TRUE,8,,FALSE,stable_active,2026-10-04,scenario_sensitive,last_completed_proxy,in_out_review,player_rate_shrunk_v1,2026-10-06 20:06:20 UTC
NBL,/matches/perth-wildcats-v-nz-breakers-men-10-10-2026,2026-10-10,2026-10-10 09:30 PM AEDT,perth wildcats,nz breakers,perth wildcats,Alex Higgins-Titsha,alex higgins-titsha,points,16.439329354930347,6.571115661088538,1,13,3.99327731092437,29,0.6990968922461864,10,17.29166666666665,3.241666666666651,0.2,limited_recent_participation,2,FALSE,14,0.2279016141429672,FALSE,rotation_sensitive,2026-10-04,scenario_sensitive,last_completed_proxy,in_out_review,player_rate_shrunk_v1,2026-10-06 20:06:20 UTC
NBL,/matches/perth-wildcats-v-nz-breakers-men-10-10-2026,2026-10-10,2026-10-10 09:30 PM AEDT,perth wildcats,nz breakers,perth wildcats,Alex Higgins-Titsha,alex higgins-titsha,rebounds,16.439329354930347,3.6120057785872604,1,7,2.260248447204969,29,0.6990968922461864,10,17.29166666666665,3.241666666666651,0.2,limited_recent_participation,2,FALSE,14,0.2279016141429672,FALSE,rotation_sensitive,2026-10-04,scenario_sensitive,last_completed_proxy,in_out_review,player_rate_shrunk_v1,2026-10-06 20:06:20 UTC
NBL,/matches/perth-wildcats-v-nz-breakers-men-10-10-2026,2026-10-10,2026-10-10 09:30 PM AEDT,perth wildcats,nz breakers,perth wildcats,Alex Higgins-Titsha,alex higgins-titsha,assists,16.439329354930347,0.9877872050654232,-0,2,1.2,29,0.6990968922461864,10,17.29166666666665,3.241666666666651,0.2,limited_recent_participation,2,FALSE,14,0.2279016141429672,FALSE,rotation_sensitive,2026-10-04,scenario_sensitive,last_completed_proxy,in_out_review,player_rate_shrunk_v1,2026-10-06 20:06:20 UTC
NBL,/matches/perth-wildcats-v-nz-breakers-men-10-10-2026,2026-10-10,2026-10-10 09:30 PM AEDT,perth wildcats,nz breakers,perth wildcats,Alex Higgins-Titsha,alex higgins-titsha,threes,16.439329354930347,0.5722342168335149,-0,2,1.4702380952380951,29,0.6990968922461864,10,17.29166666666665,3.241666666666651,0.2,limited_recent_participation,2,FALSE,14,0.2279016141429672,FALSE,rotation_sensitive,2026-10-04,scenario_sensitive,last_completed_proxy,in_out_review,player_rate_shrunk_v1,2026-10-06 20:06:20 UTC
NBL,/matches/perth-wildcats-v-nz-breakers-men-10-10-2026,2026-10-10,2026-10-10 09:30 PM AEDT,perth wildcats,nz breakers,perth wildcats,Tana Kopa,tana kopa,points,6.8201193520886605,3.135671533657046,1,6,1.5,0,0,0,,,0,limited_recent_participation,0,FALSE,Inf,,FALSE,rotation_sensitive,2026-10-04,cold_start,last_completed_proxy,in_out_review,player_rate_shrunk_v1,2026-10-06 20:06:20 UTC
NBL,/matches/perth-wildcats-v-nz-breakers-men-10-10-2026,2026-10-10,2026-10-10 09:30 PM AEDT,perth wildcats,nz breakers,perth wildcats,Tana Kopa,tana kopa,rebounds,6.8201193520886605,1.2335985836667478,-0,3,1.5,0,0,0,,,0,limited_recent_participation,0,FALSE,Inf,,FALSE,rotation_sensitive,2026-10-04,cold_start,last_completed_proxy,in_out_review,player_rate_shrunk_v1,2026-10-06 20:06:20 UTC
NBL,/matches/perth-wildcats-v-nz-breakers-men-10-10-2026,2026-10-10,2026-10-10 09:30 PM AEDT,perth wildcats,nz breakers,perth wildcats,Tana Kopa,tana kopa,assists,6.8201193520886605,0.6431120596763873,-0,2,1.5,0,0,0,,,0,limited_recent_participation,0,FALSE,Inf,,FALSE,rotation_sensitive,2026-10-04,cold_start,last_completed_proxy,in_out_review,player_rate_shrunk_v1,2026-10-06 20:06:20 UTC
NBL,/matches/perth-wildcats-v-nz-breakers-men-10-10-2026,2026-10-10,2026-10-10 09:30 PM AEDT,perth wildcats,nz breakers,perth wildcats,Tana Kopa,tana kopa,threes,6.8201193520886605,0.33681343324526414,-0,1,1.5,0,0,0,,,0,limited_recent_participation,0,FALSE,Inf,,FALSE,rotation_sensitive,2026-10-04,cold_start,last_completed_proxy,in_out_review,player_rate_shrunk_v1,2026-10-06 20:06:20 UTC
NBL,/matches/perth-wildcats-v-nz-breakers-men-10-10-2026,2026-10-10,2026-10-10 09:30 PM AEDT,perth wildcats,nz breakers,perth wildcats,Marley Sam,marley sam,points,5.527138391588521,2.4359148203867385,0,5,1.2,2,0.6295954091789249,2,6.483333333333335,0.5166666666666648,0.2,limited_recent_participation,2,TRUE,8,,FALSE,rotation_sensitive,2026-10-04,cold_start,last_completed_proxy,in_out_review,player_rate_shrunk_v1,2026-10-06 20:06:20 UTC
NBL,/matches/perth-wildcats-v-nz-breakers-men-10-10-2026,2026-10-10,2026-10-10 09:30 PM AEDT,perth wildcats,nz breakers,perth wildcats,Marley Sam,marley sam,rebounds,5.527138391588521,0.9936295636505118,-0,2,1.2,2,0.6295954091789249,2,6.483333333333335,0.5166666666666648,0.2,limited_recent_participation,2,TRUE,8,,FALSE,rotation_sensitive,2026-10-04,cold_start,last_completed_proxy,in_out_review,player_rate_shrunk_v1,2026-10-06 20:06:20 UTC
NBL,/matches/perth-wildcats-v-nz-breakers-men-10-10-2026,2026-10-10,2026-10-10 09:30 PM AEDT,perth wildcats,nz breakers,perth wildcats,Marley Sam,marley sam,assists,5.527138391588521,0.5172555902665147,-0,2,1.2,2,0.6295954091789249,2,6.483333333333335,0.5166666666666648,0.2,limited_recent_participation,2,TRUE,8,,FALSE,rotation_sensitive,2026-10-04,cold_start,last_completed_proxy,in_out_review,player_rate_shrunk_v1,2026-10-06 20:06:20 UTC
NBL,/matches/perth-wildcats-v-nz-breakers-men-10-10-2026,2026-10-10,2026-10-10 09:30 PM AEDT,perth wildcats,nz breakers,perth wildcats,Marley Sam,marley sam,threes,5.527138391588521,0.26165012021862244,-0,1,1.2,2,0.6295954091789249,2,6.483333333333335,0.5166666666666648,0.2,limited_recent_participation,2,TRUE,8,,FALSE,rotation_sensitive,2026-10-04,cold_start,last_completed_proxy,in_out_review,player_rate_shrunk_v1,2026-10-06 20:06:20 UTC
NBL,/matches/perth-wildcats-v-nz-breakers-men-10-10-2026,2026-10-10,2026-10-10 09:30 PM AEDT,perth wildcats,nz breakers,perth wildcats,Jimmy Whitt,jimmy whitt,points,11.90679170218815,4.917029598219236,2,8,1.2,3,0.6222073710289531,3,13.9666666666667,3.7333333333334,0.3,stable_active,3,TRUE,8,,FALSE,stable_active,2026-10-04,scenario_sensitive,last_completed_proxy,in_out_review,player_rate_shrunk_v1,2026-10-06 20:06:20 UTC
NBL,/matches/perth-wildcats-v-nz-breakers-men-10-10-2026,2026-10-10,2026-10-10 09:30 PM AEDT,perth wildcats,nz breakers,perth wildcats,Jimmy Whitt,jimmy whitt,rebounds,11.90679170218815,2.024573116028314,0,4,1.4000000000000001,3,0.6222073710289531,3,13.9666666666667,3.7333333333334,0.3,stable_active,3,TRUE,8,,FALSE,stable_active,2026-10-04,scenario_sensitive,last_completed_proxy,in_out_review,player_rate_shrunk_v1,2026-10-06 20:06:20 UTC
NBL,/matches/perth-wildcats-v-nz-breakers-men-10-10-2026,2026-10-10,2026-10-10 09:30 PM AEDT,perth wildcats,nz breakers,perth wildcats,Jimmy Whitt,jimmy whitt,assists,11.90679170218815,1.0005835872925501,-0,2,1.2,3,0.6222073710289531,3,13.9666666666667,3.7333333333334,0.3,stable_active,3,TRUE,8,,FALSE,stable_active,2026-10-04,scenario_sensitive,last_completed_proxy,in_out_review,player_rate_shrunk_v1,2026-10-06 20:06:20 UTC
NBL,/matches/perth-wildcats-v-nz-breakers-men-10-10-2026,2026-10-10,2026-10-10 09:30 PM AEDT,perth wildcats,nz breakers,perth wildcats,Jimmy Whitt,jimmy whitt,threes,11.90679170218815,0.5061382048456605,-0,2,1.2,3,0.6222073710289531,3,13.9666666666667,3.7333333333334,0.3,stable_active,3,TRUE,8,,FALSE,stable_active,2026-10-04,scenario_sensitive,last_completed_proxy,in_out_review,player_rate_shrunk_v1,2026-10-06 20:06:20 UTC
NBL,/matches/perth-wildcats-v-nz-breakers-men-10-10-2026,2026-10-10,2026-10-10 09:30 PM AEDT,perth wildcats,nz breakers,nz breakers,Parker Jackson-Cartwright,parker jackson-cartwright,points,31.31923464249746,18.300352838420626,11,26,1.9663177292621126,90,0.6637058917633665,10,35.05,1.9333333333333051,0,limited_recent_participation,0,FALSE,6,,FALSE,rotation_sensitive,2026-10-04,scenario_sensitive,last_completed_proxy,in_out_review,player_rate_shrunk_v1,2026-10-06 20:06:20 UTC
NBL,/matches/perth-wildcats-v-nz-breakers-men-10-10-2026,2026-10-10,2026-10-10 09:30 PM AEDT,perth wildcats,nz breakers,nz breakers,Parker Jackson-Cartwright,parker jackson-cartwright,rebounds,31.31923464249746,4.368407297195415,2,7,1.2649248680113712,90,0.6637058917633665,10,35.05,1.9333333333333051,0,limited_recent_participation,0,FALSE,6,,FALSE,rotation_sensitive,2026-10-04,scenario_sensitive,last_completed_proxy,in_out_review,player_rate_shrunk_v1,2026-10-06 20:06:20 UTC
NBL,/matches/perth-wildcats-v-nz-breakers-men-10-10-2026,2026-10-10,2026-10-10 09:30 PM AEDT,perth wildcats,nz breakers,nz breakers,Parker Jackson-Cartwright,parker jackson-cartwright,assists,31.31923464249746,6.662012608242883,3,10,1.2,90,0.6637058917633665,10,35.05,1.9333333333333051,0,limited_recent_participation,0,FALSE,6,,FALSE,rotation_sensitive,2026-10-04,scenario_sensitive,last_completed_proxy,in_out_review,player_rate_shrunk_v1,2026-10-06 20:06:20 UTC
NBL,/matches/perth-wildcats-v-nz-breakers-men-10-10-2026,2026-10-10,2026-10-10 09:30 PM AEDT,perth wildcats,nz breakers,nz breakers,Parker Jackson-Cartwright,parker jackson-cartwright,threes,31.31923464249746,1.6099237294479882,-0,4,1.5617977528089888,90,0.6637058917633665,10,35.05,1.9333333333333051,0,limited_recent_participation,0,FALSE,6,,FALSE,rotation_sensitive,2026-10-04,scenario_sensitive,last_completed_proxy,in_out_review,player_rate_shrunk_v1,2026-10-06 20:06:20 UTC
NBL,/matches/perth-wildcats-v-nz-breakers-men-10-10-2026,2026-10-10,2026-10-10 09:30 PM AEDT,perth wildcats,nz breakers,nz breakers,Sam Mennenga,sam mennenga,points,27.62192490289167,15.570895705742458,5,28,5.459095007787523,89,0.6610828651116751,10,31.90833333333335,1.5,0,limited_recent_participation,0,FALSE,6,,FALSE,rotation_sensitive,2026-10-04,scenario_sensitive,last_completed_proxy,in_out_review,player_rate_shrunk_v1,2026-10-06 20:06:20 UTC
NBL,/matches/perth-wildcats-v-nz-breakers-men-10-10-2026,2026-10-10,2026-10-10 09:30 PM AEDT,perth wildcats,nz breakers,nz breakers,Sam Mennenga,sam mennenga,rebounds,27.62192490289167,6.284211144109683,3,10,1.4568981742894789,89,0.6610828651116751,10,31.90833333333335,1.5,0,limited_recent_participation,0,FALSE,6,,FALSE,rotation_sensitive,2026-10-04,scenario_sensitive,last_completed_proxy,in_out_review,player_rate_shrunk_v1,2026-10-06 20:06:20 UTC
NBL,/matches/perth-wildcats-v-nz-breakers-men-10-10-2026,2026-10-10,2026-10-10 09:30 PM AEDT,perth wildcats,nz breakers,nz breakers,Sam Mennenga,sam mennenga,assists,27.62192490289167,1.8203426351658767,0,4,1.2,89,0.6610828651116751,10,31.90833333333335,1.5,0,limited_recent_participation,0,FALSE,6,,FALSE,rotation_sensitive,2026-10-04,scenario_sensitive,last_completed_proxy,in_out_review,player_rate_shrunk_v1,2026-10-06 20:06:20 UTC
NBL,/matches/perth-wildcats-v-nz-breakers-men-10-10-2026,2026-10-10,2026-10-10 09:30 PM AEDT,perth wildcats,nz breakers,nz breakers,Sam Mennenga,sam mennenga,threes,27.62192490289167,0.9051945744006952,-0,2,1.4292929292929293,89,0.6610828651116751,10,31.90833333333335,1.5,0,limited_recent_participation,0,FALSE,6,,FALSE,rotation_sensitive,2026-10-04,scenario_sensitive,last_completed_proxy,in_out_review,player_rate_shrunk_v1,2026-10-06 20:06:20 UTC
NBL,/matches/perth-wildcats-v-nz-breakers-men-10-10-2026,2026-10-10,2026-10-10 09:30 PM AEDT,perth wildcats,nz breakers,nz breakers,Mojave King,mojave king,points,21.234354769097973,9.463503048171495,2,19,5.467721782590588,99,0.6278813604394351,10,30.19166666666665,2.16666666666665,0,limited_recent_participation,0,FALSE,6,,FALSE,rotation_sensitive,2026-10-04,scenario_sensitive,last_completed_proxy,in_out_review,player_rate_shrunk_v1,2026-10-06 20:06:20 UTC
NBL,/matches/perth-wildcats-v-nz-breakers-men-10-10-2026,2026-10-10,2026-10-10 09:30 PM AEDT,perth wildcats,nz breakers,nz breakers,Mojave King,mojave king,rebounds,21.234354769097973,3.15922729461649,0,7,2.172664916589042,99,0.6278813604394351,10,30.19166666666665,2.16666666666665,0,limited_recent_participation,0,FALSE,6,,FALSE,rotation_sensitive,2026-10-04,scenario_sensitive,last_completed_proxy,in_out_review,player_rate_shrunk_v1,2026-10-06 20:06:20 UTC
NBL,/matches/perth-wildcats-v-nz-breakers-men-10-10-2026,2026-10-10,2026-10-10 09:30 PM AEDT,perth wildcats,nz breakers,nz breakers,Mojave King,mojave king,assists,21.234354769097973,1.342707141438111,-0,3,1.2,99,0.6278813604394351,10,30.19166666666665,2.16666666666665,0,limited_recent_participation,0,FALSE,6,,FALSE,rotation_sensitive,2026-10-04,scenario_sensitive,last_completed_proxy,in_out_review,player_rate_shrunk_v1,2026-10-06 20:06:20 UTC
NBL,/matches/perth-wildcats-v-nz-breakers-men-10-10-2026,2026-10-10,2026-10-10 09:30 PM AEDT,perth wildcats,nz breakers,nz breakers,Mojave King,mojave king,threes,21.234354769097973,1.4835486044995663,-0,3,1.471938775510204,99,0.6278813604394351,10,30.19166666666665,2.16666666666665,0,limited_recent_participation,0,FALSE,6,,FALSE,rotation_sensitive,2026-10-04,scenario_sensitive,last_completed_proxy,in_out_review,player_rate_shrunk_v1,2026-10-06 20:06:20 UTC
NBL,/matches/perth-wildcats-v-nz-breakers-men-10-10-2026,2026-10-10,2026-10-10 09:30 PM AEDT,perth wildcats,nz breakers,nz breakers,Dejan Vasiljevic,dejan vasiljevic,points,23.59372752121994,11.140170701696956,4,20,3.756265922294997,183,0.6381830671188597,10,28.4333333333333,3.0500000000000007,0,limited_recent_participation,0,FALSE,6,,FALSE,rotation_sensitive,2026-10-04,scenario_sensitive,last_completed_proxy,in_out_review,player_rate_shrunk_v1,2026-10-06 20:06:20 UTC
NBL,/matches/perth-wildcats-v-nz-breakers-men-10-10-2026,2026-10-10,2026-10-10 09:30 PM AEDT,perth wildcats,nz breakers,nz breakers,Dejan Vasiljevic,dejan vasiljevic,rebounds,23.59372752121994,2.636356076437441,0,5,1.3359854431283003,183,0.6381830671188597,10,28.4333333333333,3.0500000000000007,0,limited_recent_participation,0,FALSE,6,,FALSE,rotation_sensitive,2026-10-04,scenario_sensitive,last_completed_proxy,in_out_review,player_rate_shrunk_v1,2026-10-06 20:06:20 UTC
NBL,/matches/perth-wildcats-v-nz-breakers-men-10-10-2026,2026-10-10,2026-10-10 09:30 PM AEDT,perth wildcats,nz breakers,nz breakers,Dejan Vasiljevic,dejan vasiljevic,assists,23.59372752121994,1.3686528560744382,-0,3,1.2797110297110297,183,0.6381830671188597,10,28.4333333333333,3.0500000000000007,0,limited_recent_participation,0,FALSE,6,,FALSE,rotation_sensitive,2026-10-04,scenario_sensitive,last_completed_proxy,in_out_review,player_rate_shrunk_v1,2026-10-06 20:06:20 UTC
NBL,/matches/perth-wildcats-v-nz-breakers-men-10-10-2026,2026-10-10,2026-10-10 09:30 PM AEDT,perth wildcats,nz breakers,nz breakers,Dejan Vasiljevic,dejan vasiljevic,threes,23.59372752121994,2.1329841701221057,0,4,1.2062041097915537,183,0.6381830671188597,10,28.4333333333333,3.0500000000000007,0,limited_recent_participation,0,FALSE,6,,FALSE,rotation_sensitive,2026-10-04,scenario_sensitive,last_completed_proxy,in_out_review,player_rate_shrunk_v1,2026-10-06 20:06:20 UTC
NBL,/matches/perth-wildcats-v-nz-breakers-men-10-10-2026,2026-10-10,2026-10-10 09:30 PM AEDT,perth wildcats,nz breakers,nz breakers,Charles Bediako,charles bediako,points,18.702344986332932,7.573558949361335,4,12,1.259259259259259,5,0.6073906929891233,5,21.6666666666667,1.2666666666666018,0,limited_recent_participation,0,FALSE,6,,FALSE,rotation_sensitive,2026-10-04,scenario_sensitive,last_completed_proxy,in_out_review,player_rate_shrunk_v1,2026-10-06 20:06:20 UTC
NBL,/matches/perth-wildcats-v-nz-breakers-men-10-10-2026,2026-10-10,2026-10-10 09:30 PM AEDT,perth wildcats,nz breakers,nz breakers,Charles Bediako,charles bediako,rebounds,18.702344986332932,3.8693313165178513,1,7,1.2,5,0.6073906929891233,5,21.6666666666667,1.2666666666666018,0,limited_recent_participation,0,FALSE,6,,FALSE,rotation_sensitive,2026-10-04,scenario_sensitive,last_completed_proxy,in_out_review,player_rate_shrunk_v1,2026-10-06 20:06:20 UTC
NBL,/matches/perth-wildcats-v-nz-breakers-men-10-10-2026,2026-10-10,2026-10-10 09:30 PM AEDT,perth wildcats,nz breakers,nz breakers,Charles Bediako,charles bediako,assists,18.702344986332932,1.5745370108611911,-0,3,1.2,5,0.6073906929891233,5,21.6666666666667,1.2666666666666018,0,limited_recent_participation,0,FALSE,6,,FALSE,rotation_sensitive,2026-10-04,scenario_sensitive,last_completed_proxy,in_out_review,player_rate_shrunk_v1,2026-10-06 20:06:20 UTC
NBL,/matches/perth-wildcats-v-nz-breakers-men-10-10-2026,2026-10-10,2026-10-10 09:30 PM AEDT,perth wildcats,nz breakers,nz breakers,Charles Bediako,charles bediako,threes,18.702344986332932,0.6803276304020017,-0,2,1.2,5,0.6073906929891233,5,21.6666666666667,1.2666666666666018,0,limited_recent_participation,0,FALSE,6,,FALSE,rotation_sensitive,2026-10-04,scenario_sensitive,last_completed_proxy,in_out_review,player_rate_shrunk_v1,2026-10-06 20:06:20 UTC
NBL,/matches/perth-wildcats-v-nz-breakers-men-10-10-2026,2026-10-10,2026-10-10 09:30 PM AEDT,perth wildcats,nz breakers,nz breakers,Carlin Davison,carlin davison,points,17.177384548985756,6.336450299723244,1,13,4.217946345975948,48,0.634723838687895,10,19.525,2.991666666666701,0,limited_recent_participation,0,FALSE,6,,FALSE,rotation_sensitive,2026-10-04,scenario_sensitive,last_completed_proxy,in_out_review,player_rate_shrunk_v1,2026-10-06 20:06:20 UTC
NBL,/matches/perth-wildcats-v-nz-breakers-men-10-10-2026,2026-10-10,2026-10-10 09:30 PM AEDT,perth wildcats,nz breakers,nz breakers,Carlin Davison,carlin davison,rebounds,17.177384548985756,3.3972371906471985,1,7,1.8067251897039132,48,0.634723838687895,10,19.525,2.991666666666701,0,limited_recent_participation,0,FALSE,6,,FALSE,rotation_sensitive,2026-10-04,scenario_sensitive,last_completed_proxy,in_out_review,player_rate_shrunk_v1,2026-10-06 20:06:20 UTC
NBL,/matches/perth-wildcats-v-nz-breakers-men-10-10-2026,2026-10-10,2026-10-10 09:30 PM AEDT,perth wildcats,nz breakers,nz breakers,Carlin Davison,carlin davison,assists,17.177384548985756,1.3827252082938915,-0,3,1.2,48,0.634723838687895,10,19.525,2.991666666666701,0,limited_recent_participation,0,FALSE,6,,FALSE,rotation_sensitive,2026-10-04,scenario_sensitive,last_completed_proxy,in_out_review,player_rate_shrunk_v1,2026-10-06 20:06:20 UTC
NBL,/matches/perth-wildcats-v-nz-breakers-men-10-10-2026,2026-10-10,2026-10-10 09:30 PM AEDT,perth wildcats,nz breakers,nz breakers,Carlin Davison,carlin davison,threes,17.177384548985756,0.530702063462276,-0,2,1.2,48,0.634723838687895,10,19.525,2.991666666666701,0,limited_recent_participation,0,FALSE,6,,FALSE,rotation_sensitive,2026-10-04,scenario_sensitive,last_completed_proxy,in_out_review,player_rate_shrunk_v1,2026-10-06 20:06:20 UTC
NBL,/matches/perth-wildcats-v-nz-breakers-men-10-10-2026,2026-10-10,2026-10-10 09:30 PM AEDT,perth wildcats,nz breakers,nz breakers,Reuben Te Rangi,reuben te rangi,points,17.565817867932676,6.391662732570095,1,13,3.5898180280119583,194,0.6418950017794425,10,21.65,1.7833333333333012,0,limited_recent_participation,0,FALSE,6,,FALSE,rotation_sensitive,2026-10-04,scenario_sensitive,last_completed_proxy,in_out_review,player_rate_shrunk_v1,2026-10-06 20:06:20 UTC
NBL,/matches/perth-wildcats-v-nz-breakers-men-10-10-2026,2026-10-10,2026-10-10 09:30 PM AEDT,perth wildcats,nz breakers,nz breakers,Reuben Te Rangi,reuben te rangi,rebounds,17.565817867932676,2.7411412040544008,1,5,1.3458190072117457,194,0.6418950017794425,10,21.65,1.7833333333333012,0,limited_recent_participation,0,FALSE,6,,FALSE,rotation_sensitive,2026-10-04,scenario_sensitive,last_completed_proxy,in_out_review,player_rate_shrunk_v1,2026-10-06 20:06:20 UTC
NBL,/matches/perth-wildcats-v-nz-breakers-men-10-10-2026,2026-10-10,2026-10-10 09:30 PM AEDT,perth wildcats,nz breakers,nz breakers,Reuben Te Rangi,reuben te rangi,assists,17.565817867932676,0.8955592819777992,-0,2,1.2,194,0.6418950017794425,10,21.65,1.7833333333333012,0,limited_recent_participation,0,FALSE,6,,FALSE,rotation_sensitive,2026-10-04,scenario_sensitive,last_completed_proxy,in_out_review,player_rate_shrunk_v1,2026-10-06 20:06:20 UTC
NBL,/matches/perth-wildcats-v-nz-breakers-men-10-10-2026,2026-10-10,2026-10-10 09:30 PM AEDT,perth wildcats,nz breakers,nz breakers,Reuben Te Rangi,reuben te rangi,threes,17.565817867932676,0.8401411542474424,-0,2,1.3029263664890902,194,0.6418950017794425,10,21.65,1.7833333333333012,0,limited_recent_participation,0,FALSE,6,,FALSE,rotation_sensitive,2026-10-04,scenario_sensitive,last_completed_proxy,in_out_review,player_rate_shrunk_v1,2026-10-06 20:06:20 UTC
NBL,/matches/perth-wildcats-v-nz-breakers-men-10-10-2026,2026-10-10,2026-10-10 09:30 PM AEDT,perth wildcats,nz breakers,nz breakers,Izayah Le'Afa,izayah le'afa,points,13.436915551719206,3.7427152885518584,0,9,4.5028641509998355,139,0.6248182659559267,10,13.95,3.5833333333333,0,limited_recent_participation,0,FALSE,6,,FALSE,rotation_sensitive,2026-10-04,scenario_sensitive,last_completed_proxy,in_out_review,player_rate_shrunk_v1,2026-10-06 20:06:20 UTC
NBL,/matches/perth-wildcats-v-nz-breakers-men-10-10-2026,2026-10-10,2026-10-10 09:30 PM AEDT,perth wildcats,nz breakers,nz breakers,Izayah Le'Afa,izayah le'afa,rebounds,13.436915551719206,1.6318880947214196,-0,4,1.2,139,0.6248182659559267,10,13.95,3.5833333333333,0,limited_recent_participation,0,FALSE,6,,FALSE,rotation_sensitive,2026-10-04,scenario_sensitive,last_completed_proxy,in_out_review,player_rate_shrunk_v1,2026-10-06 20:06:20 UTC
NBL,/matches/perth-wildcats-v-nz-breakers-men-10-10-2026,2026-10-10,2026-10-10 09:30 PM AEDT,perth wildcats,nz breakers,nz breakers,Izayah Le'Afa,izayah le'afa,assists,13.436915551719206,1.3648065207868143,-0,3,1.5651627016680338,139,0.6248182659559267,10,13.95,3.5833333333333,0,limited_recent_participation,0,FALSE,6,,FALSE,rotation_sensitive,2026-10-04,scenario_sensitive,last_completed_proxy,in_out_review,player_rate_shrunk_v1,2026-10-06 20:06:20 UTC
NBL,/matches/perth-wildcats-v-nz-breakers-men-10-10-2026,2026-10-10,2026-10-10 09:30 PM AEDT,perth wildcats,nz breakers,nz breakers,Izayah Le'Afa,izayah le'afa,threes,13.436915551719206,0.6662516754484773,-0,2,1.2492473569978295,139,0.6248182659559267,10,13.95,3.5833333333333,0,limited_recent_participation,0,FALSE,6,,FALSE,rotation_sensitive,2026-10-04,scenario_sensitive,last_completed_proxy,in_out_review,player_rate_shrunk_v1,2026-10-06 20:06:20 UTC
NBL,/matches/perth-wildcats-v-nz-breakers-men-10-10-2026,2026-10-10,2026-10-10 09:30 PM AEDT,perth wildcats,nz breakers,nz breakers,Kouat Noi,kouat noi,points,5.423680046036538,3.1892469957074177,0,8,4.576673187089563,171,0.5159378709440697,10,10.8333333333333,4.691666666666685,0,limited_recent_participation,0,FALSE,6,,FALSE,rotation_sensitive,2026-10-04,scenario_sensitive,last_completed_proxy,in_out_review,player_rate_shrunk_v1,2026-10-06 20:06:20 UTC
NBL,/matches/perth-wildcats-v-nz-breakers-men-10-10-2026,2026-10-10,2026-10-10 09:30 PM AEDT,perth wildcats,nz breakers,nz breakers,Kouat Noi,kouat noi,rebounds,5.423680046036538,0.9892177212816489,-0,3,1.456125202374528,171,0.5159378709440697,10,10.8333333333333,4.691666666666685,0,limited_recent_participation,0,FALSE,6,,FALSE,rotation_sensitive,2026-10-04,scenario_sensitive,last_completed_proxy,in_out_review,player_rate_shrunk_v1,2026-10-06 20:06:20 UTC
NBL,/matches/perth-wildcats-v-nz-breakers-men-10-10-2026,2026-10-10,2026-10-10 09:30 PM AEDT,perth wildcats,nz breakers,nz breakers,Kouat Noi,kouat noi,assists,5.423680046036538,0.23548848546739737,-0,1,1.2,171,0.5159378709440697,10,10.8333333333333,4.691666666666685,0,limited_recent_participation,0,FALSE,6,,FALSE,rotation_sensitive,2026-10-04,scenario_sensitive,last_completed_proxy,in_out_review,player_rate_shrunk_v1,2026-10-06 20:06:20 UTC
NBL,/matches/perth-wildcats-v-nz-breakers-men-10-10-2026,2026-10-10,2026-10-10 09:30 PM AEDT,perth wildcats,nz breakers,nz breakers,Kouat Noi,kouat noi,threes,5.423680046036538,0.45837248450753887,-0,2,1.5937289453226227,171,0.5159378709440697,10,10.8333333333333,4.691666666666685,0,limited_recent_participation,0,FALSE,6,,FALSE,rotation_sensitive,2026-10-04,scenario_sensitive,last_completed_proxy,in_out_review,player_rate_shrunk_v1,2026-10-06 20:06:20 UTC
NBL,/matches/perth-wildcats-v-nz-breakers-men-10-10-2026,2026-10-10,2026-10-10 09:30 PM AEDT,perth wildcats,nz breakers,nz breakers,Tukaha Cooper,tukaha cooper,points,15.925766076823479,7.248004009427518,3,12,1.5,1,0.18519623641902402,1,18.45,,0,limited_recent_participation,0,FALSE,233,,FALSE,rotation_sensitive,2026-10-04,cold_start,last_completed_proxy,in_out_review,player_rate_shrunk_v1,2026-10-06 20:06:20 UTC
NBL,/matches/perth-wildcats-v-nz-breakers-men-10-10-2026,2026-10-10,2026-10-10 09:30 PM AEDT,perth wildcats,nz breakers,nz breakers,Tukaha Cooper,tukaha cooper,rebounds,15.925766076823479,2.763712670741643,0,5,1.5,1,0.18519623641902402,1,18.45,,0,limited_recent_participation,0,FALSE,233,,FALSE,rotation_sensitive,2026-10-04,cold_start,last_completed_proxy,in_out_review,player_rate_shrunk_v1,2026-10-06 20:06:20 UTC
NBL,/matches/perth-wildcats-v-nz-breakers-men-10-10-2026,2026-10-10,2026-10-10 09:30 PM AEDT,perth wildcats,nz breakers,nz breakers,Tukaha Cooper,tukaha cooper,assists,15.925766076823479,1.4147347218878246,-0,3,1.5,1,0.18519623641902402,1,18.45,,0,limited_recent_participation,0,FALSE,233,,FALSE,rotation_sensitive,2026-10-04,cold_start,last_completed_proxy,in_out_review,player_rate_shrunk_v1,2026-10-06 20:06:20 UTC
NBL,/matches/perth-wildcats-v-nz-breakers-men-10-10-2026,2026-10-10,2026-10-10 09:30 PM AEDT,perth wildcats,nz breakers,nz breakers,Tukaha Cooper,tukaha cooper,threes,15.925766076823479,0.7909412520046307,-0,2,1.5,1,0.18519623641902402,1,18.45,,0,limited_recent_participation,0,FALSE,233,,FALSE,rotation_sensitive,2026-10-04,cold_start,last_completed_proxy,in_out_review,player_rate_shrunk_v1,2026-10-06 20:06:20 UTC
NBL,/matches/perth-wildcats-v-nz-breakers-men-10-10-2026,2026-10-10,2026-10-10 09:30 PM AEDT,perth wildcats,nz breakers,nz breakers,Anzac Rissetto,anzac rissetto,points,7.998849086462383,3.6507171610441382,0,8,2.848523748395379,20,0.5696380654067349,10,6.949999999999999,2.8999999999999995,0,limited_recent_participation,0,FALSE,10,,FALSE,rotation_sensitive,2026-10-04,scenario_sensitive,last_completed_proxy,in_out_review,player_rate_shrunk_v1,2026-10-06 20:06:20 UTC
NBL,/matches/perth-wildcats-v-nz-breakers-men-10-10-2026,2026-10-10,2026-10-10 09:30 PM AEDT,perth wildcats,nz breakers,nz breakers,Anzac Rissetto,anzac rissetto,rebounds,7.998849086462383,1.4574575090581843,-0,4,1.8026315789473684,20,0.5696380654067349,10,6.949999999999999,2.8999999999999995,0,limited_recent_participation,0,FALSE,10,,FALSE,rotation_sensitive,2026-10-04,scenario_sensitive,last_completed_proxy,in_out_review,player_rate_shrunk_v1,2026-10-06 20:06:20 UTC
NBL,/matches/perth-wildcats-v-nz-breakers-men-10-10-2026,2026-10-10,2026-10-10 09:30 PM AEDT,perth wildcats,nz breakers,nz breakers,Anzac Rissetto,anzac rissetto,assists,7.998849086462383,0.7328069597830309,-0,2,1.2,20,0.5696380654067349,10,6.949999999999999,2.8999999999999995,0,limited_recent_participation,0,FALSE,10,,FALSE,rotation_sensitive,2026-10-04,scenario_sensitive,last_completed_proxy,in_out_review,player_rate_shrunk_v1,2026-10-06 20:06:20 UTC
NBL,/matches/perth-wildcats-v-nz-breakers-men-10-10-2026,2026-10-10,2026-10-10 09:30 PM AEDT,perth wildcats,nz breakers,nz breakers,Anzac Rissetto,anzac rissetto,threes,7.998849086462383,0.3837888348023606,-0,1,1.2,20,0.5696380654067349,10,6.949999999999999,2.8999999999999995,0,limited_recent_participation,0,FALSE,10,,FALSE,rotation_sensitive,2026-10-04,scenario_sensitive,last_completed_proxy,in_out_review,player_rate_shrunk_v1,2026-10-06 20:06:20 UTC
NBL,/matches/sydney-kings-v-adelaide-36ers-men-11-10-2026,2026-10-11,2026-10-11 03:00 PM AEDT,sydney kings,adelaide 36ers,sydney kings,Xavier Cooks,xavier cooks,points,24.21892816419615,12.36618466016381,6,20,2.7010675273088385,153,0.9556852679418988,10,26.0333333333333,2.825000000000001,1,stable_active,4,TRUE,11,0.9955611921369696,FALSE,stable_active,2026-10-04,scenario_sensitive,official_roster_tracker,in_out_review,player_rate_shrunk_v1,2026-10-06 20:06:20 UTC
NBL,/matches/sydney-kings-v-adelaide-36ers-men-11-10-2026,2026-10-11,2026-10-11 03:00 PM AEDT,sydney kings,adelaide 36ers,sydney kings,Xavier Cooks,xavier cooks,rebounds,24.21892816419615,6.3641070583312915,3,10,1.2982456140350878,153,0.9556852679418988,10,26.0333333333333,2.825000000000001,1,stable_active,4,TRUE,11,0.9955611921369696,FALSE,stable_active,2026-10-04,scenario_sensitive,official_roster_tracker,in_out_review,player_rate_shrunk_v1,2026-10-06 20:06:20 UTC
NBL,/matches/sydney-kings-v-adelaide-36ers-men-11-10-2026,2026-10-11,2026-10-11 03:00 PM AEDT,sydney kings,adelaide 36ers,sydney kings,Xavier Cooks,xavier cooks,assists,24.21892816419615,2.871861707787017,1,6,1.3545183714001985,153,0.9556852679418988,10,26.0333333333333,2.825000000000001,1,stable_active,4,TRUE,11,0.9955611921369696,FALSE,stable_active,2026-10-04,scenario_sensitive,official_roster_tracker,in_out_review,player_rate_shrunk_v1,2026-10-06 20:06:20 UTC
NBL,/matches/sydney-kings-v-adelaide-36ers-men-11-10-2026,2026-10-11,2026-10-11 03:00 PM AEDT,sydney kings,adelaide 36ers,sydney kings,Xavier Cooks,xavier cooks,threes,24.21892816419615,0.24280976170603025,-0,1,1.4704836415362732,153,0.9556852679418988,10,26.0333333333333,2.825000000000001,1,stable_active,4,TRUE,11,0.9955611921369696,FALSE,stable_active,2026-10-04,scenario_sensitive,official_roster_tracker,in_out_review,player_rate_shrunk_v1,2026-10-06 20:06:20 UTC
NBL,/matches/sydney-kings-v-adelaide-36ers-men-11-10-2026,2026-10-11,2026-10-11 03:00 PM AEDT,sydney kings,adelaide 36ers,sydney kings,Torrey Craig,torrey craig,points,21.011022424933476,10.374383947248866,5,17,2.361492614667012,18,0.9225328307707874,10,25.7333333333333,4.075000000000001,1,stable_active,4,TRUE,11,1.0778715120051916,FALSE,stable_active,2026-10-04,scenario_sensitive,official_roster_tracker,in_out_review,player_rate_shrunk_v1,2026-10-06 20:06:20 UTC
NBL,/matches/sydney-kings-v-adelaide-36ers-men-11-10-2026,2026-10-11,2026-10-11 03:00 PM AEDT,sydney kings,adelaide 36ers,sydney kings,Torrey Craig,torrey craig,rebounds,21.011022424933476,4.5552217514773945,2,8,1.2,18,0.9225328307707874,10,25.7333333333333,4.075000000000001,1,stable_active,4,TRUE,11,1.0778715120051916,FALSE,stable_active,2026-10-04,scenario_sensitive,official_roster_tracker,in_out_review,player_rate_shrunk_v1,2026-10-06 20:06:20 UTC
NBL,/matches/sydney-kings-v-adelaide-36ers-men-11-10-2026,2026-10-11,2026-10-11 03:00 PM AEDT,sydney kings,adelaide 36ers,sydney kings,Torrey Craig,torrey craig,assists,21.011022424933476,1.572381208339041,-0,3,1.2,18,0.9225328307707874,10,25.7333333333333,4.075000000000001,1,stable_active,4,TRUE,11,1.0778715120051916,FALSE,stable_active,2026-10-04,scenario_sensitive,official_roster_tracker,in_out_review,player_rate_shrunk_v1,2026-10-06 20:06:20 UTC
NBL,/matches/sydney-kings-v-adelaide-36ers-men-11-10-2026,2026-10-11,2026-10-11 03:00 PM AEDT,sydney kings,adelaide 36ers,sydney kings,Torrey Craig,torrey craig,threes,21.011022424933476,1.1601320644330502,-0,3,1.9728506787330318,18,0.9225328307707874,10,25.7333333333333,4.075000000000001,1,stable_active,4,TRUE,11,1.0778715120051916,FALSE,stable_active,2026-10-04,scenario_sensitive,official_roster_tracker,in_out_review,player_rate_shrunk_v1,2026-10-06 20:06:20 UTC
NBL,/matches/sydney-kings-v-adelaide-36ers-men-11-10-2026,2026-10-11,2026-10-11 03:00 PM AEDT,sydney kings,adelaide 36ers,sydney kings,Kendric Davis,kendric davis,points,32.185480805777274,23.30944472247407,15,32,1.8438664865907777,72,0.9540504955761437,10,37.8583333333333,2.3583333333333485,1,stable_active,4,TRUE,11,0.843518114360541,FALSE,stable_active,2026-10-04,scenario_sensitive,official_roster_tracker,in_out_review,player_rate_shrunk_v1,2026-10-06 20:06:20 UTC
NBL,/matches/sydney-kings-v-adelaide-36ers-men-11-10-2026,2026-10-11,2026-10-11 03:00 PM AEDT,sydney kings,adelaide 36ers,sydney kings,Kendric Davis,kendric davis,rebounds,32.185480805777274,4.05907203246546,1,7,1.2,72,0.9540504955761437,10,37.8583333333333,2.3583333333333485,1,stable_active,4,TRUE,11,0.843518114360541,FALSE,stable_active,2026-10-04,scenario_sensitive,official_roster_tracker,in_out_review,player_rate_shrunk_v1,2026-10-06 20:06:20 UTC
NBL,/matches/sydney-kings-v-adelaide-36ers-men-11-10-2026,2026-10-11,2026-10-11 03:00 PM AEDT,sydney kings,adelaide 36ers,sydney kings,Kendric Davis,kendric davis,assists,32.185480805777274,6.570269438142149,3,10,1.2,72,0.9540504955761437,10,37.8583333333333,2.3583333333333485,1,stable_active,4,TRUE,11,0.843518114360541,FALSE,stable_active,2026-10-04,scenario_sensitive,official_roster_tracker,in_out_review,player_rate_shrunk_v1,2026-10-06 20:06:20 UTC
NBL,/matches/sydney-kings-v-adelaide-36ers-men-11-10-2026,2026-10-11,2026-10-11 03:00 PM AEDT,sydney kings,adelaide 36ers,sydney kings,Kendric Davis,kendric davis,threes,32.185480805777274,2.198825754585698,0,4,1.2,72,0.9540504955761437,10,37.8583333333333,2.3583333333333485,1,stable_active,4,TRUE,11,0.843518114360541,FALSE,stable_active,2026-10-04,scenario_sensitive,official_roster_tracker,in_out_review,player_rate_shrunk_v1,2026-10-06 20:06:20 UTC
NBL,/matches/sydney-kings-v-adelaide-36ers-men-11-10-2026,2026-10-11,2026-10-11 03:00 PM AEDT,sydney kings,adelaide 36ers,sydney kings,Matthew Dellavedova,matthew dellavedova,points,21.147852527556058,8.20664317318931,2,15,3.3754142416698265,132,0.9643625520463939,10,23.4583333333333,1.3583333333333503,1,stable_active,4,TRUE,11,0.9694522471910113,FALSE,stable_active,2026-10-04,scenario_sensitive,official_roster_tracker,in_out_review,player_rate_shrunk_v1,2026-10-06 20:06:20 UTC
NBL,/matches/sydney-kings-v-adelaide-36ers-men-11-10-2026,2026-10-11,2026-10-11 03:00 PM AEDT,sydney kings,adelaide 36ers,sydney kings,Matthew Dellavedova,matthew dellavedova,rebounds,21.147852527556058,2.7347745418853027,1,5,1.2,132,0.9643625520463939,10,23.4583333333333,1.3583333333333503,1,stable_active,4,TRUE,11,0.9694522471910113,FALSE,stable_active,2026-10-04,scenario_sensitive,official_roster_tracker,in_out_review,player_rate_shrunk_v1,2026-10-06 20:06:20 UTC
NBL,/matches/sydney-kings-v-adelaide-36ers-men-11-10-2026,2026-10-11,2026-10-11 03:00 PM AEDT,sydney kings,adelaide 36ers,sydney kings,Matthew Dellavedova,matthew dellavedova,assists,21.147852527556058,4.521981486774321,2,8,1.2,132,0.9643625520463939,10,23.4583333333333,1.3583333333333503,1,stable_active,4,TRUE,11,0.9694522471910113,FALSE,stable_active,2026-10-04,scenario_sensitive,official_roster_tracker,in_out_review,player_rate_shrunk_v1,2026-10-06 20:06:20 UTC
NBL,/matches/sydney-kings-v-adelaide-36ers-men-11-10-2026,2026-10-11,2026-10-11 03:00 PM AEDT,sydney kings,adelaide 36ers,sydney kings,Matthew Dellavedova,matthew dellavedova,threes,21.147852527556058,0.8492063508770279,-0,2,1.4922943972346248,132,0.9643625520463939,10,23.4583333333333,1.3583333333333503,1,stable_active,4,TRUE,11,0.9694522471910113,FALSE,stable_active,2026-10-04,scenario_sensitive,official_roster_tracker,in_out_review,player_rate_shrunk_v1,2026-10-06 20:06:20 UTC
NBL,/matches/sydney-kings-v-adelaide-36ers-men-11-10-2026,2026-10-11,2026-10-11 03:00 PM AEDT,sydney kings,adelaide 36ers,sydney kings,Makuach Maluach,makuach maluach,points,17.54465982516152,7.56842933649617,1,16,5.544766435986159,97,0.9387005556893857,10,20.0333333333333,2.70833333333335,1,stable_active,4,TRUE,11,0.8883999999999996,FALSE,stable_active,2026-10-04,scenario_sensitive,official_roster_tracker,in_out_review,player_rate_shrunk_v1,2026-10-06 20:06:20 UTC
NBL,/matches/sydney-kings-v-adelaide-36ers-men-11-10-2026,2026-10-11,2026-10-11 03:00 PM AEDT,sydney kings,adelaide 36ers,sydney kings,Makuach Maluach,makuach maluach,rebounds,17.54465982516152,2.724386324113795,0,6,1.9484481292517009,97,0.9387005556893857,10,20.0333333333333,2.70833333333335,1,stable_active,4,TRUE,11,0.8883999999999996,FALSE,stable_active,2026-10-04,scenario_sensitive,official_roster_tracker,in_out_review,player_rate_shrunk_v1,2026-10-06 20:06:20 UTC
NBL,/matches/sydney-kings-v-adelaide-36ers-men-11-10-2026,2026-10-11,2026-10-11 03:00 PM AEDT,sydney kings,adelaide 36ers,sydney kings,Makuach Maluach,makuach maluach,assists,17.54465982516152,1.0080645030941922,-0,3,1.3621527777777778,97,0.9387005556893857,10,20.0333333333333,2.70833333333335,1,stable_active,4,TRUE,11,0.8883999999999996,FALSE,stable_active,2026-10-04,scenario_sensitive,official_roster_tracker,in_out_review,player_rate_shrunk_v1,2026-10-06 20:06:20 UTC
NBL,/matches/sydney-kings-v-adelaide-36ers-men-11-10-2026,2026-10-11,2026-10-11 03:00 PM AEDT,sydney kings,adelaide 36ers,sydney kings,Makuach Maluach,makuach maluach,threes,17.54465982516152,0.8825471284215864,-0,2,1.27425799086758,97,0.9387005556893857,10,20.0333333333333,2.70833333333335,1,stable_active,4,TRUE,11,0.8883999999999996,FALSE,stable_active,2026-10-04,scenario_sensitive,official_roster_tracker,in_out_review,player_rate_shrunk_v1,2026-10-06 20:06:20 UTC
NBL,/matches/sydney-kings-v-adelaide-36ers-men-11-10-2026,2026-10-11,2026-10-11 03:00 PM AEDT,sydney kings,adelaide 36ers,sydney kings,Tyler Robertson,tyler robertson,points,11.615355378183182,4.949964077718689,-0,11,4.514920634920634,46,0.6476615156783911,10,13.508333333333301,4.574999999999966,0.2,limited_recent_participation,2,FALSE,14,0.7730455075845981,FALSE,rotation_sensitive,2026-10-04,scenario_sensitive,official_roster_tracker,in_out_review,player_rate_shrunk_v1,2026-10-06 20:06:20 UTC
NBL,/matches/sydney-kings-v-adelaide-36ers-men-11-10-2026,2026-10-11,2026-10-11 03:00 PM AEDT,sydney kings,adelaide 36ers,sydney kings,Tyler Robertson,tyler robertson,rebounds,11.615355378183182,1.803447198051291,-0,4,2.3195767195767196,46,0.6476615156783911,10,13.508333333333301,4.574999999999966,0.2,limited_recent_participation,2,FALSE,14,0.7730455075845981,FALSE,rotation_sensitive,2026-10-04,scenario_sensitive,official_roster_tracker,in_out_review,player_rate_shrunk_v1,2026-10-06 20:06:20 UTC
NBL,/matches/sydney-kings-v-adelaide-36ers-men-11-10-2026,2026-10-11,2026-10-11 03:00 PM AEDT,sydney kings,adelaide 36ers,sydney kings,Tyler Robertson,tyler robertson,assists,11.615355378183182,0.97044724422205,-0,3,1.511111111111111,46,0.6476615156783911,10,13.508333333333301,4.574999999999966,0.2,limited_recent_participation,2,FALSE,14,0.7730455075845981,FALSE,rotation_sensitive,2026-10-04,scenario_sensitive,official_roster_tracker,in_out_review,player_rate_shrunk_v1,2026-10-06 20:06:20 UTC
NBL,/matches/sydney-kings-v-adelaide-36ers-men-11-10-2026,2026-10-11,2026-10-11 03:00 PM AEDT,sydney kings,adelaide 36ers,sydney kings,Tyler Robertson,tyler robertson,threes,11.615355378183182,0.7917206303051194,-0,2,1.511111111111111,46,0.6476615156783911,10,13.508333333333301,4.574999999999966,0.2,limited_recent_participation,2,FALSE,14,0.7730455075845981,FALSE,rotation_sensitive,2026-10-04,scenario_sensitive,official_roster_tracker,in_out_review,player_rate_shrunk_v1,2026-10-06 20:06:20 UTC
NBL,/matches/sydney-kings-v-adelaide-36ers-men-11-10-2026,2026-10-11,2026-10-11 03:00 PM AEDT,sydney kings,adelaide 36ers,sydney kings,Jason Spurgin,jason spurgin,points,8.4530596731281,3.4166611928988044,-0,8,3.4335664335664338,12,0.6281073183590448,10,5.316666666666665,2.4416666666666695,0.4,stable_active,3,TRUE,11,3.624365482233506,FALSE,stable_active,2026-10-04,scenario_sensitive,official_roster_tracker,in_out_review,player_rate_shrunk_v1,2026-10-06 20:06:20 UTC
NBL,/matches/sydney-kings-v-adelaide-36ers-men-11-10-2026,2026-10-11,2026-10-11 03:00 PM AEDT,sydney kings,adelaide 36ers,sydney kings,Jason Spurgin,jason spurgin,rebounds,8.4530596731281,1.8162731838128094,-0,5,2.335664335664336,12,0.6281073183590448,10,5.316666666666665,2.4416666666666695,0.4,stable_active,3,TRUE,11,3.624365482233506,FALSE,stable_active,2026-10-04,scenario_sensitive,official_roster_tracker,in_out_review,player_rate_shrunk_v1,2026-10-06 20:06:20 UTC
NBL,/matches/sydney-kings-v-adelaide-36ers-men-11-10-2026,2026-10-11,2026-10-11 03:00 PM AEDT,sydney kings,adelaide 36ers,sydney kings,Jason Spurgin,jason spurgin,assists,8.4530596731281,0.6408559273977238,-0,2,1.2,12,0.6281073183590448,10,5.316666666666665,2.4416666666666695,0.4,stable_active,3,TRUE,11,3.624365482233506,FALSE,stable_active,2026-10-04,scenario_sensitive,official_roster_tracker,in_out_review,player_rate_shrunk_v1,2026-10-06 20:06:20 UTC
NBL,/matches/sydney-kings-v-adelaide-36ers-men-11-10-2026,2026-10-11,2026-10-11 03:00 PM AEDT,sydney kings,adelaide 36ers,sydney kings,Jason Spurgin,jason spurgin,threes,8.4530596731281,0.3805093350132986,-0,1,1.2,12,0.6281073183590448,10,5.316666666666665,2.4416666666666695,0.4,stable_active,3,TRUE,11,3.624365482233506,FALSE,stable_active,2026-10-04,scenario_sensitive,official_roster_tracker,in_out_review,player_rate_shrunk_v1,2026-10-06 20:06:20 UTC
NBL,/matches/sydney-kings-v-adelaide-36ers-men-11-10-2026,2026-10-11,2026-10-11 03:00 PM AEDT,sydney kings,adelaide 36ers,sydney kings,Lachlan Bofinger,lachlan bofinger,points,7.297605473204112,3.355575098524871,1,6,1.5,0,0,0,,,0,limited_recent_participation,0,FALSE,Inf,,FALSE,rotation_sensitive,2026-10-04,cold_start,official_roster_tracker,in_out_review,player_rate_shrunk_v1,2026-10-06 20:06:20 UTC
NBL,/matches/sydney-kings-v-adelaide-36ers-men-11-10-2026,2026-10-11,2026-10-11 03:00 PM AEDT,sydney kings,adelaide 36ers,sydney kings,Lachlan Bofinger,lachlan bofinger,rebounds,7.297605473204112,1.3194465294778783,-0,3,1.5,0,0,0,,,0,limited_recent_participation,0,FALSE,Inf,,FALSE,rotation_sensitive,2026-10-04,cold_start,official_roster_tracker,in_out_review,player_rate_shrunk_v1,2026-10-06 20:06:20 UTC
NBL,/matches/sydney-kings-v-adelaide-36ers-men-11-10-2026,2026-10-11,2026-10-11 03:00 PM AEDT,sydney kings,adelaide 36ers,sydney kings,Lachlan Bofinger,lachlan bofinger,assists,7.297605473204112,0.6887126506091505,-0,2,1.5,0,0,0,,,0,limited_recent_participation,0,FALSE,Inf,,FALSE,rotation_sensitive,2026-10-04,cold_start,official_roster_tracker,in_out_review,player_rate_shrunk_v1,2026-10-06 20:06:20 UTC
NBL,/matches/sydney-kings-v-adelaide-36ers-men-11-10-2026,2026-10-11,2026-10-11 03:00 PM AEDT,sydney kings,adelaide 36ers,sydney kings,Lachlan Bofinger,lachlan bofinger,threes,7.297605473204112,0.36027364550923757,-0,1,1.5,0,0,0,,,0,limited_recent_participation,0,FALSE,Inf,,FALSE,rotation_sensitive,2026-10-04,cold_start,official_roster_tracker,in_out_review,player_rate_shrunk_v1,2026-10-06 20:06:20 UTC
NBL,/matches/sydney-kings-v-adelaide-36ers-men-11-10-2026,2026-10-11,2026-10-11 03:00 PM AEDT,sydney kings,adelaide 36ers,sydney kings,Andrew Carr,andrew carr,points,20.509312048650692,9.373379489039506,5,14,1.2,3,0.6647437430566785,3,22.4833333333333,3.0833333333333997,0.3,stable_active,3,TRUE,11,,FALSE,stable_active,2026-10-04,scenario_sensitive,official_roster_tracker,in_out_review,player_rate_shrunk_v1,2026-10-06 20:06:20 UTC
NBL,/matches/sydney-kings-v-adelaide-36ers-men-11-10-2026,2026-10-11,2026-10-11 03:00 PM AEDT,sydney kings,adelaide 36ers,sydney kings,Andrew Carr,andrew carr,rebounds,20.509312048650692,4.33683222781859,1,8,2.1304347826086953,3,0.6647437430566785,3,22.4833333333333,3.0833333333333997,0.3,stable_active,3,TRUE,11,,FALSE,stable_active,2026-10-04,scenario_sensitive,official_roster_tracker,in_out_review,player_rate_shrunk_v1,2026-10-06 20:06:20 UTC
NBL,/matches/sydney-kings-v-adelaide-36ers-men-11-10-2026,2026-10-11,2026-10-11 03:00 PM AEDT,sydney kings,adelaide 36ers,sydney kings,Andrew Carr,andrew carr,assists,20.509312048650692,1.9826692646403996,0,4,1.2,3,0.6647437430566785,3,22.4833333333333,3.0833333333333997,0.3,stable_active,3,TRUE,11,,FALSE,stable_active,2026-10-04,scenario_sensitive,official_roster_tracker,in_out_review,player_rate_shrunk_v1,2026-10-06 20:06:20 UTC
NBL,/matches/sydney-kings-v-adelaide-36ers-men-11-10-2026,2026-10-11,2026-10-11 03:00 PM AEDT,sydney kings,adelaide 36ers,sydney kings,Andrew Carr,andrew carr,threes,20.509312048650692,1.000000876532174,-0,2,1.2,3,0.6647437430566785,3,22.4833333333333,3.0833333333333997,0.3,stable_active,3,TRUE,11,,FALSE,stable_active,2026-10-04,scenario_sensitive,official_roster_tracker,in_out_review,player_rate_shrunk_v1,2026-10-06 20:06:20 UTC
NBL,/matches/sydney-kings-v-adelaide-36ers-men-11-10-2026,2026-10-11,2026-10-11 03:00 PM AEDT,sydney kings,adelaide 36ers,sydney kings,Bailey Hanson,bailey hanson,points,2.6909920182440166,1.2253193440314039,-0,3,1.5,1,0.33155009547659814,1,2.95,,0.1,limited_recent_participation,1,FALSE,14,,FALSE,rotation_sensitive,2026-10-04,cold_start,official_roster_tracker,in_out_review,player_rate_shrunk_v1,2026-10-06 20:06:20 UTC
NBL,/matches/sydney-kings-v-adelaide-36ers-men-11-10-2026,2026-10-11,2026-10-11 03:00 PM AEDT,sydney kings,adelaide 36ers,sydney kings,Bailey Hanson,bailey hanson,rebounds,2.6909920182440166,0.49069075537789847,-0,2,1.5,1,0.33155009547659814,1,2.95,,0.1,limited_recent_participation,1,FALSE,14,,FALSE,rotation_sensitive,2026-10-04,cold_start,official_roster_tracker,in_out_review,player_rate_shrunk_v1,2026-10-06 20:06:20 UTC
NBL,/matches/sydney-kings-v-adelaide-36ers-men-11-10-2026,2026-10-11,2026-10-11 03:00 PM AEDT,sydney kings,adelaide 36ers,sydney kings,Bailey Hanson,bailey hanson,assists,2.6909920182440166,0.25148980681180816,-0,1,1.5,1,0.33155009547659814,1,2.95,,0.1,limited_recent_participation,1,FALSE,14,,FALSE,rotation_sensitive,2026-10-04,cold_start,official_roster_tracker,in_out_review,player_rate_shrunk_v1,2026-10-06 20:06:20 UTC
NBL,/matches/sydney-kings-v-adelaide-36ers-men-11-10-2026,2026-10-11,2026-10-11 03:00 PM AEDT,sydney kings,adelaide 36ers,sydney kings,Bailey Hanson,bailey hanson,threes,2.6909920182440166,0.1315572603877188,-0,1,1.5,1,0.33155009547659814,1,2.95,,0.1,limited_recent_participation,1,FALSE,14,,FALSE,rotation_sensitive,2026-10-04,cold_start,official_roster_tracker,in_out_review,player_rate_shrunk_v1,2026-10-06 20:06:20 UTC
NBL,/matches/sydney-kings-v-adelaide-36ers-men-11-10-2026,2026-10-11,2026-10-11 03:00 PM AEDT,sydney kings,adelaide 36ers,sydney kings,Will Johnston,will johnston,points,15.005701254275957,7.253903938834609,3,12,2.103448275862069,3,0.6977673969291359,3,16.45,0.3000000000000007,0.3,stable_active,3,TRUE,11,,FALSE,stable_active,2026-10-04,scenario_sensitive,official_roster_tracker,in_out_review,player_rate_shrunk_v1,2026-10-06 20:06:20 UTC
NBL,/matches/sydney-kings-v-adelaide-36ers-men-11-10-2026,2026-10-11,2026-10-11 03:00 PM AEDT,sydney kings,adelaide 36ers,sydney kings,Will Johnston,will johnston,rebounds,15.005701254275957,2.7913438263049826,1,5,1.2999999999999998,3,0.6977673969291359,3,16.45,0.3000000000000007,0.3,stable_active,3,TRUE,11,,FALSE,stable_active,2026-10-04,scenario_sensitive,official_roster_tracker,in_out_review,player_rate_shrunk_v1,2026-10-06 20:06:20 UTC
NBL,/matches/sydney-kings-v-adelaide-36ers-men-11-10-2026,2026-10-11,2026-10-11 03:00 PM AEDT,sydney kings,adelaide 36ers,sydney kings,Will Johnston,will johnston,assists,15.005701254275957,1.5778057807404875,-0,3,1.2,3,0.6977673969291359,3,16.45,0.3000000000000007,0.3,stable_active,3,TRUE,11,,FALSE,stable_active,2026-10-04,scenario_sensitive,official_roster_tracker,in_out_review,player_rate_shrunk_v1,2026-10-06 20:06:20 UTC
NBL,/matches/sydney-kings-v-adelaide-36ers-men-11-10-2026,2026-10-11,2026-10-11 03:00 PM AEDT,sydney kings,adelaide 36ers,sydney kings,Will Johnston,will johnston,threes,15.005701254275957,0.8173349068788615,-0,2,1.2,3,0.6977673969291359,3,16.45,0.3000000000000007,0.3,stable_active,3,TRUE,11,,FALSE,stable_active,2026-10-04,scenario_sensitive,official_roster_tracker,in_out_review,player_rate_shrunk_v1,2026-10-06 20:06:20 UTC
NBL,/matches/sydney-kings-v-adelaide-36ers-men-11-10-2026,2026-10-11,2026-10-11 03:00 PM AEDT,sydney kings,adelaide 36ers,sydney kings,Peitok Machar,peitok machar,points,3.717217787913345,1.688165683333307,-0,4,2,2,0.6310819416238068,2,4.075,0.5416666666666698,0.2,limited_recent_participation,2,FALSE,14,,FALSE,rotation_sensitive,2026-10-04,cold_start,official_roster_tracker,in_out_review,player_rate_shrunk_v1,2026-10-06 20:06:20 UTC
NBL,/matches/sydney-kings-v-adelaide-36ers-men-11-10-2026,2026-10-11,2026-10-11 03:00 PM AEDT,sydney kings,adelaide 36ers,sydney kings,Peitok Machar,peitok machar,rebounds,3.717217787913345,0.7025695081534697,-0,2,1.2,2,0.6310819416238068,2,4.075,0.5416666666666698,0.2,limited_recent_participation,2,FALSE,14,,FALSE,rotation_sensitive,2026-10-04,cold_start,official_roster_tracker,in_out_review,player_rate_shrunk_v1,2026-10-06 20:06:20 UTC
NBL,/matches/sydney-kings-v-adelaide-36ers-men-11-10-2026,2026-10-11,2026-10-11 03:00 PM AEDT,sydney kings,adelaide 36ers,sydney kings,Peitok Machar,peitok machar,assists,3.717217787913345,0.3415346484543593,-0,1,1.2,2,0.6310819416238068,2,4.075,0.5416666666666698,0.2,limited_recent_participation,2,FALSE,14,,FALSE,rotation_sensitive,2026-10-04,cold_start,official_roster_tracker,in_out_review,player_rate_shrunk_v1,2026-10-06 20:06:20 UTC
NBL,/matches/sydney-kings-v-adelaide-36ers-men-11-10-2026,2026-10-11,2026-10-11 03:00 PM AEDT,sydney kings,adelaide 36ers,sydney kings,Peitok Machar,peitok machar,threes,3.717217787913345,0.17866077058049776,-0,1,1.2,2,0.6310819416238068,2,4.075,0.5416666666666698,0.2,limited_recent_participation,2,FALSE,14,,FALSE,rotation_sensitive,2026-10-04,cold_start,official_roster_tracker,in_out_review,player_rate_shrunk_v1,2026-10-06 20:06:20 UTC
NBL,/matches/sydney-kings-v-adelaide-36ers-men-11-10-2026,2026-10-11,2026-10-11 03:00 PM AEDT,sydney kings,adelaide 36ers,sydney kings,Jayden Stone,jayden stone,points,4.948688711516539,2.196074663362243,0,4,1.2,2,0.6232071452714689,2,5.425,0.80833333333333,0.2,limited_recent_participation,2,FALSE,14,,FALSE,rotation_sensitive,2026-10-04,cold_start,official_roster_tracker,in_out_review,player_rate_shrunk_v1,2026-10-06 20:06:20 UTC
NBL,/matches/sydney-kings-v-adelaide-36ers-men-11-10-2026,2026-10-11,2026-10-11 03:00 PM AEDT,sydney kings,adelaide 36ers,sydney kings,Jayden Stone,jayden stone,rebounds,4.948688711516539,0.8794389321285907,-0,2,1.2,2,0.6232071452714689,2,5.425,0.80833333333333,0.2,limited_recent_participation,2,FALSE,14,,FALSE,rotation_sensitive,2026-10-04,cold_start,official_roster_tracker,in_out_review,player_rate_shrunk_v1,2026-10-06 20:06:20 UTC
NBL,/matches/sydney-kings-v-adelaide-36ers-men-11-10-2026,2026-10-11,2026-10-11 03:00 PM AEDT,sydney kings,adelaide 36ers,sydney kings,Jayden Stone,jayden stone,assists,4.948688711516539,0.4507317994476405,-0,1,1.2,2,0.6232071452714689,2,5.425,0.80833333333333,0.2,limited_recent_participation,2,FALSE,14,,FALSE,rotation_sensitive,2026-10-04,cold_start,official_roster_tracker,in_out_review,player_rate_shrunk_v1,2026-10-06 20:06:20 UTC
NBL,/matches/sydney-kings-v-adelaide-36ers-men-11-10-2026,2026-10-11,2026-10-11 03:00 PM AEDT,sydney kings,adelaide 36ers,sydney kings,Jayden Stone,jayden stone,threes,4.948688711516539,0.23578307787770797,-0,1,1.2,2,0.6232071452714689,2,5.425,0.80833333333333,0.2,limited_recent_participation,2,FALSE,14,,FALSE,rotation_sensitive,2026-10-04,cold_start,official_roster_tracker,in_out_review,player_rate_shrunk_v1,2026-10-06 20:06:20 UTC
NBL,/matches/sydney-kings-v-adelaide-36ers-men-11-10-2026,2026-10-11,2026-10-11 03:00 PM AEDT,sydney kings,adelaide 36ers,sydney kings,Harry Wessels,harry wessels,points,9.654123907259578,4.5598873964481035,2,8,1.2,3,0.6866541906030607,3,10.5833333333333,0.5999999999999694,0.3,stable_active,3,TRUE,11,,FALSE,stable_active,2026-10-04,scenario_sensitive,official_roster_tracker,in_out_review,player_rate_shrunk_v1,2026-10-06 20:06:20 UTC
NBL,/matches/sydney-kings-v-adelaide-36ers-men-11-10-2026,2026-10-11,2026-10-11 03:00 PM AEDT,sydney kings,adelaide 36ers,sydney kings,Harry Wessels,harry wessels,rebounds,9.654123907259578,1.768044882587765,0,4,1.2,3,0.6866541906030607,3,10.5833333333333,0.5999999999999694,0.3,stable_active,3,TRUE,11,,FALSE,stable_active,2026-10-04,scenario_sensitive,official_roster_tracker,in_out_review,player_rate_shrunk_v1,2026-10-06 20:06:20 UTC
NBL,/matches/sydney-kings-v-adelaide-36ers-men-11-10-2026,2026-10-11,2026-10-11 03:00 PM AEDT,sydney kings,adelaide 36ers,sydney kings,Harry Wessels,harry wessels,assists,9.654123907259578,0.8173828744333309,-0,2,1.2,3,0.6866541906030607,3,10.5833333333333,0.5999999999999694,0.3,stable_active,3,TRUE,11,,FALSE,stable_active,2026-10-04,scenario_sensitive,official_roster_tracker,in_out_review,player_rate_shrunk_v1,2026-10-06 20:06:20 UTC
NBL,/matches/sydney-kings-v-adelaide-36ers-men-11-10-2026,2026-10-11,2026-10-11 03:00 PM AEDT,sydney kings,adelaide 36ers,sydney kings,Harry Wessels,harry wessels,threes,9.654123907259578,0.4275825450403059,-0,1,1.2,3,0.6866541906030607,3,10.5833333333333,0.5999999999999694,0.3,stable_active,3,TRUE,11,,FALSE,stable_active,2026-10-04,scenario_sensitive,official_roster_tracker,in_out_review,player_rate_shrunk_v1,2026-10-06 20:06:20 UTC
NBL,/matches/sydney-kings-v-adelaide-36ers-men-11-10-2026,2026-10-11,2026-10-11 03:00 PM AEDT,sydney kings,adelaide 36ers,adelaide 36ers,Bryce Cotton,bryce cotton,points,31.119199272065522,21.832048339799897,12,33,3.4297521615607893,207,0.951539254729372,10,39.241666666666646,1.4750000000000014,1,stable_active,4,TRUE,7,0.9558452481076549,FALSE,stable_active,2026-10-04,scenario_sensitive,official_roster_tracker,in_out_review,player_rate_shrunk_v1,2026-10-06 20:06:20 UTC
NBL,/matches/sydney-kings-v-adelaide-36ers-men-11-10-2026,2026-10-11,2026-10-11 03:00 PM AEDT,sydney kings,adelaide 36ers,adelaide 36ers,Bryce Cotton,bryce cotton,rebounds,31.119199272065522,3.1952638251030585,1,6,1.2,207,0.951539254729372,10,39.241666666666646,1.4750000000000014,1,stable_active,4,TRUE,7,0.9558452481076549,FALSE,stable_active,2026-10-04,scenario_sensitive,official_roster_tracker,in_out_review,player_rate_shrunk_v1,2026-10-06 20:06:20 UTC
NBL,/matches/sydney-kings-v-adelaide-36ers-men-11-10-2026,2026-10-11,2026-10-11 03:00 PM AEDT,sydney kings,adelaide 36ers,adelaide 36ers,Bryce Cotton,bryce cotton,assists,31.119199272065522,5.357364115479881,2,9,1.2119611650485436,207,0.951539254729372,10,39.241666666666646,1.4750000000000014,1,stable_active,4,TRUE,7,0.9558452481076549,FALSE,stable_active,2026-10-04,scenario_sensitive,official_roster_tracker,in_out_review,player_rate_shrunk_v1,2026-10-06 20:06:20 UTC
NBL,/matches/sydney-kings-v-adelaide-36ers-men-11-10-2026,2026-10-11,2026-10-11 03:00 PM AEDT,sydney kings,adelaide 36ers,adelaide 36ers,Bryce Cotton,bryce cotton,threes,31.119199272065522,2.70780341731304,1,5,1.3452940448951827,207,0.951539254729372,10,39.241666666666646,1.4750000000000014,1,stable_active,4,TRUE,7,0.9558452481076549,FALSE,stable_active,2026-10-04,scenario_sensitive,official_roster_tracker,in_out_review,player_rate_shrunk_v1,2026-10-06 20:06:20 UTC
NBL,/matches/sydney-kings-v-adelaide-36ers-men-11-10-2026,2026-10-11,2026-10-11 03:00 PM AEDT,sydney kings,adelaide 36ers,adelaide 36ers,Zylan Cheatham,zylan cheatham,points,27.1715545600896,10.857971529639185,4,18,2.8075849731663682,66,0.9477618143188391,10,32.44166666666665,2.5,1,stable_active,4,TRUE,7,0.8893023255813958,FALSE,stable_active,2026-10-04,scenario_sensitive,official_roster_tracker,in_out_review,player_rate_shrunk_v1,2026-10-06 20:06:20 UTC
NBL,/matches/sydney-kings-v-adelaide-36ers-men-11-10-2026,2026-10-11,2026-10-11 03:00 PM AEDT,sydney kings,adelaide 36ers,adelaide 36ers,Zylan Cheatham,zylan cheatham,rebounds,27.1715545600896,7.626342214051969,4,12,1.4461538461538463,66,0.9477618143188391,10,32.44166666666665,2.5,1,stable_active,4,TRUE,7,0.8893023255813958,FALSE,stable_active,2026-10-04,scenario_sensitive,official_roster_tracker,in_out_review,player_rate_shrunk_v1,2026-10-06 20:06:20 UTC
NBL,/matches/sydney-kings-v-adelaide-36ers-men-11-10-2026,2026-10-11,2026-10-11 03:00 PM AEDT,sydney kings,adelaide 36ers,adelaide 36ers,Zylan Cheatham,zylan cheatham,assists,27.1715545600896,3.3943361567783707,1,7,1.8070125223613596,66,0.9477618143188391,10,32.44166666666665,2.5,1,stable_active,4,TRUE,7,0.8893023255813958,FALSE,stable_active,2026-10-04,scenario_sensitive,official_roster_tracker,in_out_review,player_rate_shrunk_v1,2026-10-06 20:06:20 UTC
NBL,/matches/sydney-kings-v-adelaide-36ers-men-11-10-2026,2026-10-11,2026-10-11 03:00 PM AEDT,sydney kings,adelaide 36ers,adelaide 36ers,Zylan Cheatham,zylan cheatham,threes,27.1715545600896,0.5339008692948726,-0,2,1.2,66,0.9477618143188391,10,32.44166666666665,2.5,1,stable_active,4,TRUE,7,0.8893023255813958,FALSE,stable_active,2026-10-04,scenario_sensitive,official_roster_tracker,in_out_review,player_rate_shrunk_v1,2026-10-06 20:06:20 UTC
NBL,/matches/sydney-kings-v-adelaide-36ers-men-11-10-2026,2026-10-11,2026-10-11 03:00 PM AEDT,sydney kings,adelaide 36ers,adelaide 36ers,Ben Griscti,ben griscti,points,3.289703926646606,1.427805949862503,-0,3,1.222222222222222,7,0.6477655932820212,7,4.33333333333333,1.3500000000000005,0.3,limited_recent_participation,2,FALSE,9,1.6192307692307701,FALSE,rotation_sensitive,2026-10-04,scenario_sensitive,official_roster_tracker,in_out_review,player_rate_shrunk_v1,2026-10-06 20:06:20 UTC
NBL,/matches/sydney-kings-v-adelaide-36ers-men-11-10-2026,2026-10-11,2026-10-11 03:00 PM AEDT,sydney kings,adelaide 36ers,adelaide 36ers,Ben Griscti,ben griscti,rebounds,3.289703926646606,0.5950580041427154,-0,2,1.2,7,0.6477655932820212,7,4.33333333333333,1.3500000000000005,0.3,limited_recent_participation,2,FALSE,9,1.6192307692307701,FALSE,rotation_sensitive,2026-10-04,scenario_sensitive,official_roster_tracker,in_out_review,player_rate_shrunk_v1,2026-10-06 20:06:20 UTC
NBL,/matches/sydney-kings-v-adelaide-36ers-men-11-10-2026,2026-10-11,2026-10-11 03:00 PM AEDT,sydney kings,adelaide 36ers,adelaide 36ers,Ben Griscti,ben griscti,assists,3.289703926646606,0.30425029311663215,-0,1,1.4444444444444446,7,0.6477655932820212,7,4.33333333333333,1.3500000000000005,0.3,limited_recent_participation,2,FALSE,9,1.6192307692307701,FALSE,rotation_sensitive,2026-10-04,scenario_sensitive,official_roster_tracker,in_out_review,player_rate_shrunk_v1,2026-10-06 20:06:20 UTC
NBL,/matches/sydney-kings-v-adelaide-36ers-men-11-10-2026,2026-10-11,2026-10-11 03:00 PM AEDT,sydney kings,adelaide 36ers,adelaide 36ers,Ben Griscti,ben griscti,threes,3.289703926646606,0.15362490841129198,-0,1,1.2,7,0.6477655932820212,7,4.33333333333333,1.3500000000000005,0.3,limited_recent_participation,2,FALSE,9,1.6192307692307701,FALSE,rotation_sensitive,2026-10-04,scenario_sensitive,official_roster_tracker,in_out_review,player_rate_shrunk_v1,2026-10-06 20:06:20 UTC
NBL,/matches/sydney-kings-v-adelaide-36ers-men-11-10-2026,2026-10-11,2026-10-11 03:00 PM AEDT,sydney kings,adelaide 36ers,adelaide 36ers,Isaac Humphries,isaac humphries,points,16.95247427731502,9.119804093605232,3,17,3.427213859846836,148,0.6824855013224482,10,19.908333333333303,2.9999999999999964,0.5,limited_recent_participation,0,FALSE,189,,FALSE,rotation_sensitive,2026-10-04,questionable,official_roster_tracker,in_out_review,player_rate_shrunk_v1,2026-10-06 20:06:20 UTC
NBL,/matches/sydney-kings-v-adelaide-36ers-men-11-10-2026,2026-10-11,2026-10-11 03:00 PM AEDT,sydney kings,adelaide 36ers,adelaide 36ers,Isaac Humphries,isaac humphries,rebounds,16.95247427731502,3.8615704160072535,1,7,1.582341601746085,148,0.6824855013224482,10,19.908333333333303,2.9999999999999964,0.5,limited_recent_participation,0,FALSE,189,,FALSE,rotation_sensitive,2026-10-04,questionable,official_roster_tracker,in_out_review,player_rate_shrunk_v1,2026-10-06 20:06:20 UTC
NBL,/matches/sydney-kings-v-adelaide-36ers-men-11-10-2026,2026-10-11,2026-10-11 03:00 PM AEDT,sydney kings,adelaide 36ers,adelaide 36ers,Isaac Humphries,isaac humphries,assists,16.95247427731502,0.9467234465529748,-0,2,1.2,148,0.6824855013224482,10,19.908333333333303,2.9999999999999964,0.5,limited_recent_participation,0,FALSE,189,,FALSE,rotation_sensitive,2026-10-04,questionable,official_roster_tracker,in_out_review,player_rate_shrunk_v1,2026-10-06 20:06:20 UTC
NBL,/matches/sydney-kings-v-adelaide-36ers-men-11-10-2026,2026-10-11,2026-10-11 03:00 PM AEDT,sydney kings,adelaide 36ers,adelaide 36ers,Isaac Humphries,isaac humphries,threes,16.95247427731502,0.1383991010124457,-0,1,1.2,148,0.6824855013224482,10,19.908333333333303,2.9999999999999964,0.5,limited_recent_participation,0,FALSE,189,,FALSE,rotation_sensitive,2026-10-04,questionable,official_roster_tracker,in_out_review,player_rate_shrunk_v1,2026-10-06 20:06:20 UTC
NBL,/matches/sydney-kings-v-adelaide-36ers-men-11-10-2026,2026-10-11,2026-10-11 03:00 PM AEDT,sydney kings,adelaide 36ers,adelaide 36ers,John Jenkins III,john jenkins iii,points,6.719395254427104,3.0897032561835687,1,6,1.5,0,0,0,,,0,limited_recent_participation,0,FALSE,Inf,,FALSE,rotation_sensitive,2026-10-04,cold_start,official_roster_tracker,in_out_review,player_rate_shrunk_v1,2026-10-06 20:06:20 UTC
NBL,/matches/sydney-kings-v-adelaide-36ers-men-11-10-2026,2026-10-11,2026-10-11 03:00 PM AEDT,sydney kings,adelaide 36ers,adelaide 36ers,John Jenkins III,john jenkins iii,rebounds,6.719395254427104,1.2149029954001176,-0,3,1.5,0,0,0,,,0,limited_recent_participation,0,FALSE,Inf,,FALSE,rotation_sensitive,2026-10-04,cold_start,official_roster_tracker,in_out_review,player_rate_shrunk_v1,2026-10-06 20:06:20 UTC
NBL,/matches/sydney-kings-v-adelaide-36ers-men-11-10-2026,2026-10-11,2026-10-11 03:00 PM AEDT,sydney kings,adelaide 36ers,adelaide 36ers,John Jenkins III,john jenkins iii,assists,6.719395254427104,0.6341439713560137,-0,2,1.5,0,0,0,,,0,limited_recent_participation,0,FALSE,Inf,,FALSE,rotation_sensitive,2026-10-04,cold_start,official_roster_tracker,in_out_review,player_rate_shrunk_v1,2026-10-06 20:06:20 UTC
NBL,/matches/sydney-kings-v-adelaide-36ers-men-11-10-2026,2026-10-11,2026-10-11 03:00 PM AEDT,sydney kings,adelaide 36ers,adelaide 36ers,John Jenkins III,john jenkins iii,threes,6.719395254427104,0.33172813093539705,-0,1,1.5,0,0,0,,,0,limited_recent_participation,0,FALSE,Inf,,FALSE,rotation_sensitive,2026-10-04,cold_start,official_roster_tracker,in_out_review,player_rate_shrunk_v1,2026-10-06 20:06:20 UTC
NBL,/matches/sydney-kings-v-adelaide-36ers-men-11-10-2026,2026-10-11,2026-10-11 03:00 PM AEDT,sydney kings,adelaide 36ers,adelaide 36ers,Matt Kenyon,matt kenyon,points,12.906838384545422,3.5021505128722374,-0,8,3.732001934904291,146,0.8615696145587182,10,14.5583333333333,3.0666666666666496,0.8,stable_active,4,TRUE,7,2.399477806788518,FALSE,stable_active,2026-10-04,scenario_sensitive,official_roster_tracker,in_out_review,player_rate_shrunk_v1,2026-10-06 20:06:20 UTC
NBL,/matches/sydney-kings-v-adelaide-36ers-men-11-10-2026,2026-10-11,2026-10-11 03:00 PM AEDT,sydney kings,adelaide 36ers,adelaide 36ers,Matt Kenyon,matt kenyon,rebounds,12.906838384545422,2.3630615491835734,-0,5,1.8227399813606708,146,0.8615696145587182,10,14.5583333333333,3.0666666666666496,0.8,stable_active,4,TRUE,7,2.399477806788518,FALSE,stable_active,2026-10-04,scenario_sensitive,official_roster_tracker,in_out_review,player_rate_shrunk_v1,2026-10-06 20:06:20 UTC
NBL,/matches/sydney-kings-v-adelaide-36ers-men-11-10-2026,2026-10-11,2026-10-11 03:00 PM AEDT,sydney kings,adelaide 36ers,adelaide 36ers,Matt Kenyon,matt kenyon,assists,12.906838384545422,0.7740071876510851,-0,2,1.2,146,0.8615696145587182,10,14.5583333333333,3.0666666666666496,0.8,stable_active,4,TRUE,7,2.399477806788518,FALSE,stable_active,2026-10-04,scenario_sensitive,official_roster_tracker,in_out_review,player_rate_shrunk_v1,2026-10-06 20:06:20 UTC
NBL,/matches/sydney-kings-v-adelaide-36ers-men-11-10-2026,2026-10-11,2026-10-11 03:00 PM AEDT,sydney kings,adelaide 36ers,adelaide 36ers,Matt Kenyon,matt kenyon,threes,12.906838384545422,0.3827101608189108,-0,1,1.2402122015915118,146,0.8615696145587182,10,14.5583333333333,3.0666666666666496,0.8,stable_active,4,TRUE,7,2.399477806788518,FALSE,stable_active,2026-10-04,scenario_sensitive,official_roster_tracker,in_out_review,player_rate_shrunk_v1,2026-10-06 20:06:20 UTC
NBL,/matches/sydney-kings-v-adelaide-36ers-men-11-10-2026,2026-10-11,2026-10-11 03:00 PM AEDT,sydney kings,adelaide 36ers,adelaide 36ers,Nick Rakocevic,nick rakocevic,points,27.353538181563692,13.393230962350472,5,23,4.155199144613739,44,0.9178303355985745,10,24.26666666666665,5.241666666666651,1,stable_active,4,TRUE,7,1.5523479599692078,FALSE,stable_active,2026-10-04,scenario_sensitive,official_roster_tracker,in_out_review,player_rate_shrunk_v1,2026-10-06 20:06:20 UTC
NBL,/matches/sydney-kings-v-adelaide-36ers-men-11-10-2026,2026-10-11,2026-10-11 03:00 PM AEDT,sydney kings,adelaide 36ers,adelaide 36ers,Nick Rakocevic,nick rakocevic,rebounds,27.353538181563692,8.537923050547974,4,14,1.8977791071562105,44,0.9178303355985745,10,24.26666666666665,5.241666666666651,1,stable_active,4,TRUE,7,1.5523479599692078,FALSE,stable_active,2026-10-04,scenario_sensitive,official_roster_tracker,in_out_review,player_rate_shrunk_v1,2026-10-06 20:06:20 UTC
NBL,/matches/sydney-kings-v-adelaide-36ers-men-11-10-2026,2026-10-11,2026-10-11 03:00 PM AEDT,sydney kings,adelaide 36ers,adelaide 36ers,Nick Rakocevic,nick rakocevic,assists,27.353538181563692,1.9708981439867546,0,4,1.2,44,0.9178303355985745,10,24.26666666666665,5.241666666666651,1,stable_active,4,TRUE,7,1.5523479599692078,FALSE,stable_active,2026-10-04,scenario_sensitive,official_roster_tracker,in_out_review,player_rate_shrunk_v1,2026-10-06 20:06:20 UTC
NBL,/matches/sydney-kings-v-adelaide-36ers-men-11-10-2026,2026-10-11,2026-10-11 03:00 PM AEDT,sydney kings,adelaide 36ers,adelaide 36ers,Nick Rakocevic,nick rakocevic,threes,27.353538181563692,0.6267277170308241,-0,2,1.255813953488372,44,0.9178303355985745,10,24.26666666666665,5.241666666666651,1,stable_active,4,TRUE,7,1.5523479599692078,FALSE,stable_active,2026-10-04,scenario_sensitive,official_roster_tracker,in_out_review,player_rate_shrunk_v1,2026-10-06 20:06:20 UTC
NBL,/matches/sydney-kings-v-adelaide-36ers-men-11-10-2026,2026-10-11,2026-10-11 03:00 PM AEDT,sydney kings,adelaide 36ers,adelaide 36ers,Keanu Rasmussen,keanu rasmussen,points,16.490515853573157,5.711387012610263,1,11,3.2595348837209306,26,0.766013680459668,10,14.5333333333333,5.100000000000001,0.6,stable_active,4,TRUE,7,3.4046242774566395,FALSE,stable_active,2026-10-04,scenario_sensitive,official_roster_tracker,in_out_review,player_rate_shrunk_v1,2026-10-06 20:06:20 UTC
NBL,/matches/sydney-kings-v-adelaide-36ers-men-11-10-2026,2026-10-11,2026-10-11 03:00 PM AEDT,sydney kings,adelaide 36ers,adelaide 36ers,Keanu Rasmussen,keanu rasmussen,rebounds,16.490515853573157,2.3433287159939673,0,5,1.2,26,0.766013680459668,10,14.5333333333333,5.100000000000001,0.6,stable_active,4,TRUE,7,3.4046242774566395,FALSE,stable_active,2026-10-04,scenario_sensitive,official_roster_tracker,in_out_review,player_rate_shrunk_v1,2026-10-06 20:06:20 UTC
NBL,/matches/sydney-kings-v-adelaide-36ers-men-11-10-2026,2026-10-11,2026-10-11 03:00 PM AEDT,sydney kings,adelaide 36ers,adelaide 36ers,Keanu Rasmussen,keanu rasmussen,assists,16.490515853573157,1.4882504663640437,-0,4,2.1751724137931037,26,0.766013680459668,10,14.5333333333333,5.100000000000001,0.6,stable_active,4,TRUE,7,3.4046242774566395,FALSE,stable_active,2026-10-04,scenario_sensitive,official_roster_tracker,in_out_review,player_rate_shrunk_v1,2026-10-06 20:06:20 UTC
NBL,/matches/sydney-kings-v-adelaide-36ers-men-11-10-2026,2026-10-11,2026-10-11 03:00 PM AEDT,sydney kings,adelaide 36ers,adelaide 36ers,Keanu Rasmussen,keanu rasmussen,threes,16.490515853573157,0.48846059336348063,-0,1,1.2,26,0.766013680459668,10,14.5333333333333,5.100000000000001,0.6,stable_active,4,TRUE,7,3.4046242774566395,FALSE,stable_active,2026-10-04,scenario_sensitive,official_roster_tracker,in_out_review,player_rate_shrunk_v1,2026-10-06 20:06:20 UTC
NBL,/matches/sydney-kings-v-adelaide-36ers-men-11-10-2026,2026-10-11,2026-10-11 03:00 PM AEDT,sydney kings,adelaide 36ers,adelaide 36ers,Isaac White,isaac white,points,12.248897599216047,4.590506039374802,-0,10,3.8958201808197637,180,0.8546797696451984,10,13.008333333333301,3.6833333333333,0.8,stable_active,4,TRUE,7,0.8889521640091114,FALSE,stable_active,2026-10-04,scenario_sensitive,official_roster_tracker,in_out_review,player_rate_shrunk_v1,2026-10-06 20:06:20 UTC
NBL,/matches/sydney-kings-v-adelaide-36ers-men-11-10-2026,2026-10-11,2026-10-11 03:00 PM AEDT,sydney kings,adelaide 36ers,adelaide 36ers,Isaac White,isaac white,rebounds,12.248897599216047,1.5205796143398318,-0,3,1.4115398585191206,180,0.8546797696451984,10,13.008333333333301,3.6833333333333,0.8,stable_active,4,TRUE,7,0.8889521640091114,FALSE,stable_active,2026-10-04,scenario_sensitive,official_roster_tracker,in_out_review,player_rate_shrunk_v1,2026-10-06 20:06:20 UTC
NBL,/matches/sydney-kings-v-adelaide-36ers-men-11-10-2026,2026-10-11,2026-10-11 03:00 PM AEDT,sydney kings,adelaide 36ers,adelaide 36ers,Isaac White,isaac white,assists,12.248897599216047,1.1818012454634956,-0,3,1.5286528825663768,180,0.8546797696451984,10,13.008333333333301,3.6833333333333,0.8,stable_active,4,TRUE,7,0.8889521640091114,FALSE,stable_active,2026-10-04,scenario_sensitive,official_roster_tracker,in_out_review,player_rate_shrunk_v1,2026-10-06 20:06:20 UTC
NBL,/matches/sydney-kings-v-adelaide-36ers-men-11-10-2026,2026-10-11,2026-10-11 03:00 PM AEDT,sydney kings,adelaide 36ers,adelaide 36ers,Isaac White,isaac white,threes,12.248897599216047,0.5878133242983742,-0,2,1.2,180,0.8546797696451984,10,13.008333333333301,3.6833333333333,0.8,stable_active,4,TRUE,7,0.8889521640091114,FALSE,stable_active,2026-10-04,scenario_sensitive,official_roster_tracker,in_out_review,player_rate_shrunk_v1,2026-10-06 20:06:20 UTC
NBL,/matches/sydney-kings-v-adelaide-36ers-men-11-10-2026,2026-10-11,2026-10-11 03:00 PM AEDT,sydney kings,adelaide 36ers,adelaide 36ers,Bul Kuol,bul kuol,points,14.978651921327058,4.783873340124418,1,10,3.3925433846005726,133,0.46893287655256943,10,21.9583333333333,6.5,0,limited_recent_participation,0,FALSE,282,,FALSE,rotation_sensitive,2026-10-04,questionable,official_roster_tracker,in_out_review,player_rate_shrunk_v1,2026-10-06 20:06:20 UTC
NBL,/matches/sydney-kings-v-adelaide-36ers-men-11-10-2026,2026-10-11,2026-10-11 03:00 PM AEDT,sydney kings,adelaide 36ers,adelaide 36ers,Bul Kuol,bul kuol,rebounds,14.978651921327058,2.3521945213939994,0,5,1.2210421976777117,133,0.46893287655256943,10,21.9583333333333,6.5,0,limited_recent_participation,0,FALSE,282,,FALSE,rotation_sensitive,2026-10-04,questionable,official_roster_tracker,in_out_review,player_rate_shrunk_v1,2026-10-06 20:06:20 UTC
NBL,/matches/sydney-kings-v-adelaide-36ers-men-11-10-2026,2026-10-11,2026-10-11 03:00 PM AEDT,sydney kings,adelaide 36ers,adelaide 36ers,Bul Kuol,bul kuol,assists,14.978651921327058,0.8402166645478242,-0,2,1.4251787538304392,133,0.46893287655256943,10,21.9583333333333,6.5,0,limited_recent_participation,0,FALSE,282,,FALSE,rotation_sensitive,2026-10-04,questionable,official_roster_tracker,in_out_review,player_rate_shrunk_v1,2026-10-06 20:06:20 UTC
NBL,/matches/sydney-kings-v-adelaide-36ers-men-11-10-2026,2026-10-11,2026-10-11 03:00 PM AEDT,sydney kings,adelaide 36ers,adelaide 36ers,Bul Kuol,bul kuol,threes,14.978651921327058,0.7356464634984174,-0,2,1.2,133,0.46893287655256943,10,21.9583333333333,6.5,0,limited_recent_participation,0,FALSE,282,,FALSE,rotation_sensitive,2026-10-04,questionable,official_roster_tracker,in_out_review,player_rate_shrunk_v1,2026-10-06 20:06:20 UTC
NBL,/matches/sydney-kings-v-adelaide-36ers-men-11-10-2026,2026-10-11,2026-10-11 03:00 PM AEDT,sydney kings,adelaide 36ers,adelaide 36ers,Jacob Rigoni,jacob rigoni,points,18.89829915307623,7.492070951893326,2,14,3.5968992248062017,13,0.5902153158524444,10,10.733333333333315,7.674999999999979,0.5,stable_active,4,TRUE,7,3.8203592814371206,FALSE,stable_active,2026-10-04,scenario_sensitive,official_roster_tracker,in_out_review,player_rate_shrunk_v1,2026-10-06 20:06:20 UTC
NBL,/matches/sydney-kings-v-adelaide-36ers-men-11-10-2026,2026-10-11,2026-10-11 03:00 PM AEDT,sydney kings,adelaide 36ers,adelaide 36ers,Jacob Rigoni,jacob rigoni,rebounds,18.89829915307623,3.341458682134802,1,6,1.2,13,0.5902153158524444,10,10.733333333333315,7.674999999999979,0.5,stable_active,4,TRUE,7,3.8203592814371206,FALSE,stable_active,2026-10-04,scenario_sensitive,official_roster_tracker,in_out_review,player_rate_shrunk_v1,2026-10-06 20:06:20 UTC
NBL,/matches/sydney-kings-v-adelaide-36ers-men-11-10-2026,2026-10-11,2026-10-11 03:00 PM AEDT,sydney kings,adelaide 36ers,adelaide 36ers,Jacob Rigoni,jacob rigoni,assists,18.89829915307623,1.6791325773710553,0,4,2.633333333333333,13,0.5902153158524444,10,10.733333333333315,7.674999999999979,0.5,stable_active,4,TRUE,7,3.8203592814371206,FALSE,stable_active,2026-10-04,scenario_sensitive,official_roster_tracker,in_out_review,player_rate_shrunk_v1,2026-10-06 20:06:20 UTC
NBL,/matches/sydney-kings-v-adelaide-36ers-men-11-10-2026,2026-10-11,2026-10-11 03:00 PM AEDT,sydney kings,adelaide 36ers,adelaide 36ers,Jacob Rigoni,jacob rigoni,threes,18.89829915307623,1.0873808024292757,-0,3,1.347222222222222,13,0.5902153158524444,10,10.733333333333315,7.674999999999979,0.5,stable_active,4,TRUE,7,3.8203592814371206,FALSE,stable_active,2026-10-04,scenario_sensitive,official_roster_tracker,in_out_review,player_rate_shrunk_v1,2026-10-06 20:06:20 UTC
NBL,/matches/sydney-kings-v-adelaide-36ers-men-11-10-2026,2026-10-11,2026-10-11 03:00 PM AEDT,sydney kings,adelaide 36ers,adelaide 36ers,Harvey White,harvey white,points,6.719395254427104,3.0897032561835687,1,6,1.5,0,0,0,,,0,limited_recent_participation,0,FALSE,Inf,,FALSE,rotation_sensitive,2026-10-04,cold_start,official_roster_tracker,in_out_review,player_rate_shrunk_v1,2026-10-06 20:06:20 UTC
NBL,/matches/sydney-kings-v-adelaide-36ers-men-11-10-2026,2026-10-11,2026-10-11 03:00 PM AEDT,sydney kings,adelaide 36ers,adelaide 36ers,Harvey White,harvey white,rebounds,6.719395254427104,1.2149029954001176,-0,3,1.5,0,0,0,,,0,limited_recent_participation,0,FALSE,Inf,,FALSE,rotation_sensitive,2026-10-04,cold_start,official_roster_tracker,in_out_review,player_rate_shrunk_v1,2026-10-06 20:06:20 UTC
NBL,/matches/sydney-kings-v-adelaide-36ers-men-11-10-2026,2026-10-11,2026-10-11 03:00 PM AEDT,sydney kings,adelaide 36ers,adelaide 36ers,Harvey White,harvey white,assists,6.719395254427104,0.6341439713560137,-0,2,1.5,0,0,0,,,0,limited_recent_participation,0,FALSE,Inf,,FALSE,rotation_sensitive,2026-10-04,cold_start,official_roster_tracker,in_out_review,player_rate_shrunk_v1,2026-10-06 20:06:20 UTC
NBL,/matches/sydney-kings-v-adelaide-36ers-men-11-10-2026,2026-10-11,2026-10-11 03:00 PM AEDT,sydney kings,adelaide 36ers,adelaide 36ers,Harvey White,harvey white,threes,6.719395254427104,0.33172813093539705,-0,1,1.5,0,0,0,,,0,limited_recent_participation,0,FALSE,Inf,,FALSE,rotation_sensitive,2026-10-04,cold_start,official_roster_tracker,in_out_review,player_rate_shrunk_v1,2026-10-06 20:06:20 UTC
NBL,/matches/sydney-kings-v-adelaide-36ers-men-11-10-2026,2026-10-11,2026-10-11 03:00 PM AEDT,sydney kings,adelaide 36ers,adelaide 36ers,Deonte Williams,deonte williams,points,5.151536361727444,2.465204633850978,0,7,7.000000000000001,3,0.5699195207445995,3,6.13333333333333,3.1500000000000004,0.3,limited_recent_participation,2,FALSE,9,3.136871508379886,FALSE,rotation_sensitive,2026-10-04,scenario_sensitive,official_roster_tracker,in_out_review,player_rate_shrunk_v1,2026-10-06 20:06:20 UTC
NBL,/matches/sydney-kings-v-adelaide-36ers-men-11-10-2026,2026-10-11,2026-10-11 03:00 PM AEDT,sydney kings,adelaide 36ers,adelaide 36ers,Deonte Williams,deonte williams,rebounds,5.151536361727444,0.9006240648600617,-0,2,1.2,3,0.5699195207445995,3,6.13333333333333,3.1500000000000004,0.3,limited_recent_participation,2,FALSE,9,3.136871508379886,FALSE,rotation_sensitive,2026-10-04,scenario_sensitive,official_roster_tracker,in_out_review,player_rate_shrunk_v1,2026-10-06 20:06:20 UTC
NBL,/matches/sydney-kings-v-adelaide-36ers-men-11-10-2026,2026-10-11,2026-10-11 03:00 PM AEDT,sydney kings,adelaide 36ers,adelaide 36ers,Deonte Williams,deonte williams,assists,5.151536361727444,0.4693958650096692,-0,1,1.2,3,0.5699195207445995,3,6.13333333333333,3.1500000000000004,0.3,limited_recent_participation,2,FALSE,9,3.136871508379886,FALSE,rotation_sensitive,2026-10-04,scenario_sensitive,official_roster_tracker,in_out_review,player_rate_shrunk_v1,2026-10-06 20:06:20 UTC
NBL,/matches/sydney-kings-v-adelaide-36ers-men-11-10-2026,2026-10-11,2026-10-11 03:00 PM AEDT,sydney kings,adelaide 36ers,adelaide 36ers,Deonte Williams,deonte williams,threes,5.151536361727444,0.2531831099685071,-0,1,1.2,3,0.5699195207445995,3,6.13333333333333,3.1500000000000004,0.3,limited_recent_participation,2,FALSE,9,3.136871508379886,FALSE,rotation_sensitive,2026-10-04,scenario_sensitive,official_roster_tracker,in_out_review,player_rate_shrunk_v1,2026-10-06 20:06:20 UTC
NBL,/matches/illawarra-hawks-v-cairns-taipans-men-11-10-2026,2026-10-11,2026-10-11 05:00 PM AEDT,illawarra hawks,cairns taipans,illawarra hawks,Todd Blanchfield,todd blanchfield,points,17.247621868931216,6.59427006679741,1,15,6.108288245902925,196,0.8370098018245069,10,19.8583333333333,3.1500000000000004,0.7,limited_recent_participation,1,FALSE,16,0.21834723275208526,FALSE,rotation_sensitive,2026-10-04,questionable,official_roster_tracker,in_out_review,player_rate_shrunk_v1,2026-10-06 20:06:20 UTC
NBL,/matches/illawarra-hawks-v-cairns-taipans-men-11-10-2026,2026-10-11,2026-10-11 05:00 PM AEDT,illawarra hawks,cairns taipans,illawarra hawks,Todd Blanchfield,todd blanchfield,rebounds,17.247621868931216,3.5390682178097808,1,7,1.4842938916333412,196,0.8370098018245069,10,19.8583333333333,3.1500000000000004,0.7,limited_recent_participation,1,FALSE,16,0.21834723275208526,FALSE,rotation_sensitive,2026-10-04,questionable,official_roster_tracker,in_out_review,player_rate_shrunk_v1,2026-10-06 20:06:20 UTC
NBL,/matches/illawarra-hawks-v-cairns-taipans-men-11-10-2026,2026-10-11,2026-10-11 05:00 PM AEDT,illawarra hawks,cairns taipans,illawarra hawks,Todd Blanchfield,todd blanchfield,assists,17.247621868931216,1.0238464141933827,-0,3,1.2,196,0.8370098018245069,10,19.8583333333333,3.1500000000000004,0.7,limited_recent_participation,1,FALSE,16,0.21834723275208526,FALSE,rotation_sensitive,2026-10-04,questionable,official_roster_tracker,in_out_review,player_rate_shrunk_v1,2026-10-06 20:06:20 UTC
NBL,/matches/illawarra-hawks-v-cairns-taipans-men-11-10-2026,2026-10-11,2026-10-11 05:00 PM AEDT,illawarra hawks,cairns taipans,illawarra hawks,Todd Blanchfield,todd blanchfield,threes,17.247621868931216,1.2290867283470002,-0,3,1.7456707543664065,196,0.8370098018245069,10,19.8583333333333,3.1500000000000004,0.7,limited_recent_participation,1,FALSE,16,0.21834723275208526,FALSE,rotation_sensitive,2026-10-04,questionable,official_roster_tracker,in_out_review,player_rate_shrunk_v1,2026-10-06 20:06:20 UTC
NBL,/matches/illawarra-hawks-v-cairns-taipans-men-11-10-2026,2026-10-11,2026-10-11 05:00 PM AEDT,illawarra hawks,cairns taipans,illawarra hawks,Sam Froling,sam froling,points,21.724103880714924,11.998925667094175,5,20,3.0460683047839012,196,0.9233730205078593,10,18.4583333333333,2.9416666666666504,1,stable_active,4,TRUE,7,1.8604407135362053,FALSE,stable_active,2026-10-04,scenario_sensitive,official_roster_tracker,in_out_review,player_rate_shrunk_v1,2026-10-06 20:06:20 UTC
NBL,/matches/illawarra-hawks-v-cairns-taipans-men-11-10-2026,2026-10-11,2026-10-11 05:00 PM AEDT,illawarra hawks,cairns taipans,illawarra hawks,Sam Froling,sam froling,rebounds,21.724103880714924,6.054817617241778,3,10,1.3578982045791468,196,0.9233730205078593,10,18.4583333333333,2.9416666666666504,1,stable_active,4,TRUE,7,1.8604407135362053,FALSE,stable_active,2026-10-04,scenario_sensitive,official_roster_tracker,in_out_review,player_rate_shrunk_v1,2026-10-06 20:06:20 UTC
NBL,/matches/illawarra-hawks-v-cairns-taipans-men-11-10-2026,2026-10-11,2026-10-11 05:00 PM AEDT,illawarra hawks,cairns taipans,illawarra hawks,Sam Froling,sam froling,assists,21.724103880714924,1.958034105403257,0,4,1.2,196,0.9233730205078593,10,18.4583333333333,2.9416666666666504,1,stable_active,4,TRUE,7,1.8604407135362053,FALSE,stable_active,2026-10-04,scenario_sensitive,official_roster_tracker,in_out_review,player_rate_shrunk_v1,2026-10-06 20:06:20 UTC
NBL,/matches/illawarra-hawks-v-cairns-taipans-men-11-10-2026,2026-10-11,2026-10-11 05:00 PM AEDT,illawarra hawks,cairns taipans,illawarra hawks,Sam Froling,sam froling,threes,21.724103880714924,0.23221926652400568,-0,1,1.2,196,0.9233730205078593,10,18.4583333333333,2.9416666666666504,1,stable_active,4,TRUE,7,1.8604407135362053,FALSE,stable_active,2026-10-04,scenario_sensitive,official_roster_tracker,in_out_review,player_rate_shrunk_v1,2026-10-06 20:06:20 UTC
NBL,/matches/illawarra-hawks-v-cairns-taipans-men-11-10-2026,2026-10-11,2026-10-11 05:00 PM AEDT,illawarra hawks,cairns taipans,illawarra hawks,Dan Grida,dan grida,points,6.319739310753433,2.9059339996112463,1,6,1.5,0,0,0,,,0,limited_recent_participation,0,FALSE,Inf,,FALSE,rotation_sensitive,2026-10-04,cold_start,official_roster_tracker,in_out_review,player_rate_shrunk_v1,2026-10-06 20:06:20 UTC
NBL,/matches/illawarra-hawks-v-cairns-taipans-men-11-10-2026,2026-10-11,2026-10-11 05:00 PM AEDT,illawarra hawks,cairns taipans,illawarra hawks,Dan Grida,dan grida,rebounds,6.319739310753433,1.1426430397473077,-0,3,1.5,0,0,0,,,0,limited_recent_participation,0,FALSE,Inf,,FALSE,rotation_sensitive,2026-10-04,cold_start,official_roster_tracker,in_out_review,player_rate_shrunk_v1,2026-10-06 20:06:20 UTC
NBL,/matches/illawarra-hawks-v-cairns-taipans-men-11-10-2026,2026-10-11,2026-10-11 05:00 PM AEDT,illawarra hawks,cairns taipans,illawarra hawks,Dan Grida,dan grida,assists,6.319739310753433,0.5964263795637648,-0,2,1.5,0,0,0,,,0,limited_recent_participation,0,FALSE,Inf,,FALSE,rotation_sensitive,2026-10-04,cold_start,official_roster_tracker,in_out_review,player_rate_shrunk_v1,2026-10-06 20:06:20 UTC
NBL,/matches/illawarra-hawks-v-cairns-taipans-men-11-10-2026,2026-10-11,2026-10-11 05:00 PM AEDT,illawarra hawks,cairns taipans,illawarra hawks,Dan Grida,dan grida,threes,6.319739310753433,0.3119976173709896,-0,1,1.5,0,0,0,,,0,limited_recent_participation,0,FALSE,Inf,,FALSE,rotation_sensitive,2026-10-04,cold_start,official_roster_tracker,in_out_review,player_rate_shrunk_v1,2026-10-06 20:06:20 UTC
NBL,/matches/illawarra-hawks-v-cairns-taipans-men-11-10-2026,2026-10-11,2026-10-11 05:00 PM AEDT,illawarra hawks,cairns taipans,illawarra hawks,Tyler Harvey,tyler harvey,points,20.94730259043484,11.36268726676368,5,18,2.2627352408311165,198,0.9338026513937865,10,28.96666666666665,1.7750000000000004,1,stable_active,4,TRUE,7,0.8410919540229898,FALSE,stable_active,2026-10-04,scenario_sensitive,official_roster_tracker,in_out_review,player_rate_shrunk_v1,2026-10-06 20:06:20 UTC
NBL,/matches/illawarra-hawks-v-cairns-taipans-men-11-10-2026,2026-10-11,2026-10-11 05:00 PM AEDT,illawarra hawks,cairns taipans,illawarra hawks,Tyler Harvey,tyler harvey,rebounds,20.94730259043484,2.2782717931200613,0,5,1.2423268126894818,198,0.9338026513937865,10,28.96666666666665,1.7750000000000004,1,stable_active,4,TRUE,7,0.8410919540229898,FALSE,stable_active,2026-10-04,scenario_sensitive,official_roster_tracker,in_out_review,player_rate_shrunk_v1,2026-10-06 20:06:20 UTC
NBL,/matches/illawarra-hawks-v-cairns-taipans-men-11-10-2026,2026-10-11,2026-10-11 05:00 PM AEDT,illawarra hawks,cairns taipans,illawarra hawks,Tyler Harvey,tyler harvey,assists,20.94730259043484,2.3843537041077325,0,5,1.3256659743348873,198,0.9338026513937865,10,28.96666666666665,1.7750000000000004,1,stable_active,4,TRUE,7,0.8410919540229898,FALSE,stable_active,2026-10-04,scenario_sensitive,official_roster_tracker,in_out_review,player_rate_shrunk_v1,2026-10-06 20:06:20 UTC
NBL,/matches/illawarra-hawks-v-cairns-taipans-men-11-10-2026,2026-10-11,2026-10-11 05:00 PM AEDT,illawarra hawks,cairns taipans,illawarra hawks,Tyler Harvey,tyler harvey,threes,20.94730259043484,1.7471910333589538,0,4,1.2,198,0.9338026513937865,10,28.96666666666665,1.7750000000000004,1,stable_active,4,TRUE,7,0.8410919540229898,FALSE,stable_active,2026-10-04,scenario_sensitive,official_roster_tracker,in_out_review,player_rate_shrunk_v1,2026-10-06 20:06:20 UTC
NBL,/matches/illawarra-hawks-v-cairns-taipans-men-11-10-2026,2026-10-11,2026-10-11 05:00 PM AEDT,illawarra hawks,cairns taipans,illawarra hawks,Will Hickey,will hickey,points,6.319739310753433,2.9059339996112463,1,6,1.5,0,0,0,,,0,limited_recent_participation,0,FALSE,Inf,,FALSE,rotation_sensitive,2026-10-04,cold_start,official_roster_tracker,in_out_review,player_rate_shrunk_v1,2026-10-06 20:06:20 UTC
NBL,/matches/illawarra-hawks-v-cairns-taipans-men-11-10-2026,2026-10-11,2026-10-11 05:00 PM AEDT,illawarra hawks,cairns taipans,illawarra hawks,Will Hickey,will hickey,rebounds,6.319739310753433,1.1426430397473077,-0,3,1.5,0,0,0,,,0,limited_recent_participation,0,FALSE,Inf,,FALSE,rotation_sensitive,2026-10-04,cold_start,official_roster_tracker,in_out_review,player_rate_shrunk_v1,2026-10-06 20:06:20 UTC
NBL,/matches/illawarra-hawks-v-cairns-taipans-men-11-10-2026,2026-10-11,2026-10-11 05:00 PM AEDT,illawarra hawks,cairns taipans,illawarra hawks,Will Hickey,will hickey,assists,6.319739310753433,0.5964263795637648,-0,2,1.5,0,0,0,,,0,limited_recent_participation,0,FALSE,Inf,,FALSE,rotation_sensitive,2026-10-04,cold_start,official_roster_tracker,in_out_review,player_rate_shrunk_v1,2026-10-06 20:06:20 UTC
NBL,/matches/illawarra-hawks-v-cairns-taipans-men-11-10-2026,2026-10-11,2026-10-11 05:00 PM AEDT,illawarra hawks,cairns taipans,illawarra hawks,Will Hickey,will hickey,threes,6.319739310753433,0.3119976173709896,-0,1,1.5,0,0,0,,,0,limited_recent_participation,0,FALSE,Inf,,FALSE,rotation_sensitive,2026-10-04,cold_start,official_roster_tracker,in_out_review,player_rate_shrunk_v1,2026-10-06 20:06:20 UTC
NBL,/matches/illawarra-hawks-v-cairns-taipans-men-11-10-2026,2026-10-11,2026-10-11 05:00 PM AEDT,illawarra hawks,cairns taipans,illawarra hawks,Johny Narkle,johny narkle,points,15.035713110167514,6.089385688034343,1,14,5.140786749482402,22,0.7917919013380957,10,12.566666666666649,8.099999999999985,0.9,stable_active,4,TRUE,7,1.629654255319153,FALSE,stable_active,2026-10-04,scenario_sensitive,official_roster_tracker,in_out_review,player_rate_shrunk_v1,2026-10-06 20:06:20 UTC
NBL,/matches/illawarra-hawks-v-cairns-taipans-men-11-10-2026,2026-10-11,2026-10-11 05:00 PM AEDT,illawarra hawks,cairns taipans,illawarra hawks,Johny Narkle,johny narkle,rebounds,15.035713110167514,2.9790403844825586,0,6,1.75177304964539,22,0.7917919013380957,10,12.566666666666649,8.099999999999985,0.9,stable_active,4,TRUE,7,1.629654255319153,FALSE,stable_active,2026-10-04,scenario_sensitive,official_roster_tracker,in_out_review,player_rate_shrunk_v1,2026-10-06 20:06:20 UTC
NBL,/matches/illawarra-hawks-v-cairns-taipans-men-11-10-2026,2026-10-11,2026-10-11 05:00 PM AEDT,illawarra hawks,cairns taipans,illawarra hawks,Johny Narkle,johny narkle,assists,15.035713110167514,1.3333242140053179,-0,3,1.5938375350140057,22,0.7917919013380957,10,12.566666666666649,8.099999999999985,0.9,stable_active,4,TRUE,7,1.629654255319153,FALSE,stable_active,2026-10-04,scenario_sensitive,official_roster_tracker,in_out_review,player_rate_shrunk_v1,2026-10-06 20:06:20 UTC
NBL,/matches/illawarra-hawks-v-cairns-taipans-men-11-10-2026,2026-10-11,2026-10-11 05:00 PM AEDT,illawarra hawks,cairns taipans,illawarra hawks,Johny Narkle,johny narkle,threes,15.035713110167514,0.612353784649627,-0,2,1.8095238095238098,22,0.7917919013380957,10,12.566666666666649,8.099999999999985,0.9,stable_active,4,TRUE,7,1.629654255319153,FALSE,stable_active,2026-10-04,scenario_sensitive,official_roster_tracker,in_out_review,player_rate_shrunk_v1,2026-10-06 20:06:20 UTC
NBL,/matches/illawarra-hawks-v-cairns-taipans-men-11-10-2026,2026-10-11,2026-10-11 05:00 PM AEDT,illawarra hawks,cairns taipans,illawarra hawks,Mason Peatling,mason peatling,points,10.94104868174188,4.154436178590915,0,9,3.150622276786789,184,0.7858698671691765,10,14.13333333333335,4.34166666666665,0.7,limited_recent_participation,1,FALSE,16,0.2774566473988433,FALSE,rotation_sensitive,2026-10-04,questionable,official_roster_tracker,in_out_review,player_rate_shrunk_v1,2026-10-06 20:06:20 UTC
NBL,/matches/illawarra-hawks-v-cairns-taipans-men-11-10-2026,2026-10-11,2026-10-11 05:00 PM AEDT,illawarra hawks,cairns taipans,illawarra hawks,Mason Peatling,mason peatling,rebounds,10.94104868174188,2.7854972211949716,0,6,1.6115760915511899,184,0.7858698671691765,10,14.13333333333335,4.34166666666665,0.7,limited_recent_participation,1,FALSE,16,0.2774566473988433,FALSE,rotation_sensitive,2026-10-04,questionable,official_roster_tracker,in_out_review,player_rate_shrunk_v1,2026-10-06 20:06:20 UTC
NBL,/matches/illawarra-hawks-v-cairns-taipans-men-11-10-2026,2026-10-11,2026-10-11 05:00 PM AEDT,illawarra hawks,cairns taipans,illawarra hawks,Mason Peatling,mason peatling,assists,10.94104868174188,0.9494395007865233,-0,2,1.2,184,0.7858698671691765,10,14.13333333333335,4.34166666666665,0.7,limited_recent_participation,1,FALSE,16,0.2774566473988433,FALSE,rotation_sensitive,2026-10-04,questionable,official_roster_tracker,in_out_review,player_rate_shrunk_v1,2026-10-06 20:06:20 UTC
NBL,/matches/illawarra-hawks-v-cairns-taipans-men-11-10-2026,2026-10-11,2026-10-11 05:00 PM AEDT,illawarra hawks,cairns taipans,illawarra hawks,Mason Peatling,mason peatling,threes,10.94104868174188,0.3576186625079812,-0,1,1.2,184,0.7858698671691765,10,14.13333333333335,4.34166666666665,0.7,limited_recent_participation,1,FALSE,16,0.2774566473988433,FALSE,rotation_sensitive,2026-10-04,questionable,official_roster_tracker,in_out_review,player_rate_shrunk_v1,2026-10-06 20:06:20 UTC
NBL,/matches/illawarra-hawks-v-cairns-taipans-men-11-10-2026,2026-10-11,2026-10-11 05:00 PM AEDT,illawarra hawks,cairns taipans,illawarra hawks,Wani Swaka Lo Buluk,wani swaka lo buluk,points,18.893387314439977,6.910519384756872,2,13,3.4271102341001294,202,0.9132858828295686,10,24.2166666666667,4.15,1,role_declining,4,TRUE,7,0.7206359506813773,FALSE,rotation_sensitive,2026-10-04,scenario_sensitive,official_roster_tracker,in_out_review,player_rate_shrunk_v1,2026-10-06 20:06:20 UTC
NBL,/matches/illawarra-hawks-v-cairns-taipans-men-11-10-2026,2026-10-11,2026-10-11 05:00 PM AEDT,illawarra hawks,cairns taipans,illawarra hawks,Wani Swaka Lo Buluk,wani swaka lo buluk,rebounds,18.893387314439977,2.1633575483078595,0,5,1.5480949063038616,202,0.9132858828295686,10,24.2166666666667,4.15,1,role_declining,4,TRUE,7,0.7206359506813773,FALSE,rotation_sensitive,2026-10-04,scenario_sensitive,official_roster_tracker,in_out_review,player_rate_shrunk_v1,2026-10-06 20:06:20 UTC
NBL,/matches/illawarra-hawks-v-cairns-taipans-men-11-10-2026,2026-10-11,2026-10-11 05:00 PM AEDT,illawarra hawks,cairns taipans,illawarra hawks,Wani Swaka Lo Buluk,wani swaka lo buluk,assists,18.893387314439977,0.8993595586593921,-0,2,1.2,202,0.9132858828295686,10,24.2166666666667,4.15,1,role_declining,4,TRUE,7,0.7206359506813773,FALSE,rotation_sensitive,2026-10-04,scenario_sensitive,official_roster_tracker,in_out_review,player_rate_shrunk_v1,2026-10-06 20:06:20 UTC
NBL,/matches/illawarra-hawks-v-cairns-taipans-men-11-10-2026,2026-10-11,2026-10-11 05:00 PM AEDT,illawarra hawks,cairns taipans,illawarra hawks,Wani Swaka Lo Buluk,wani swaka lo buluk,threes,18.893387314439977,0.9839859783858562,-0,2,1.2,202,0.9132858828295686,10,24.2166666666667,4.15,1,role_declining,4,TRUE,7,0.7206359506813773,FALSE,rotation_sensitive,2026-10-04,scenario_sensitive,official_roster_tracker,in_out_review,player_rate_shrunk_v1,2026-10-06 20:06:20 UTC
NBL,/matches/illawarra-hawks-v-cairns-taipans-men-11-10-2026,2026-10-11,2026-10-11 05:00 PM AEDT,illawarra hawks,cairns taipans,illawarra hawks,Kyle Adnam,kyle adnam,points,3.6601823508113607,1.413512935249915,0,4,4.959521231119977,146,0.5709051848779525,10,8.20833333333333,4.858333333333334,0.3,limited_recent_participation,2,FALSE,9,2.0944881889763796,FALSE,rotation_sensitive,2026-10-04,scenario_sensitive,official_roster_tracker,in_out_review,player_rate_shrunk_v1,2026-10-06 20:06:20 UTC
NBL,/matches/illawarra-hawks-v-cairns-taipans-men-11-10-2026,2026-10-11,2026-10-11 05:00 PM AEDT,illawarra hawks,cairns taipans,illawarra hawks,Kyle Adnam,kyle adnam,rebounds,3.6601823508113607,0.43952441777879425,-0,1,1.4446324007807416,146,0.5709051848779525,10,8.20833333333333,4.858333333333334,0.3,limited_recent_participation,2,FALSE,9,2.0944881889763796,FALSE,rotation_sensitive,2026-10-04,scenario_sensitive,official_roster_tracker,in_out_review,player_rate_shrunk_v1,2026-10-06 20:06:20 UTC
NBL,/matches/illawarra-hawks-v-cairns-taipans-men-11-10-2026,2026-10-11,2026-10-11 05:00 PM AEDT,illawarra hawks,cairns taipans,illawarra hawks,Kyle Adnam,kyle adnam,assists,3.6601823508113607,0.47115911479008155,-0,2,1.822013930690515,146,0.5709051848779525,10,8.20833333333333,4.858333333333334,0.3,limited_recent_participation,2,FALSE,9,2.0944881889763796,FALSE,rotation_sensitive,2026-10-04,scenario_sensitive,official_roster_tracker,in_out_review,player_rate_shrunk_v1,2026-10-06 20:06:20 UTC
NBL,/matches/illawarra-hawks-v-cairns-taipans-men-11-10-2026,2026-10-11,2026-10-11 05:00 PM AEDT,illawarra hawks,cairns taipans,illawarra hawks,Kyle Adnam,kyle adnam,threes,3.6601823508113607,0.17363533616356522,-0,1,1.4589256392212058,146,0.5709051848779525,10,8.20833333333333,4.858333333333334,0.3,limited_recent_participation,2,FALSE,9,2.0944881889763796,FALSE,rotation_sensitive,2026-10-04,scenario_sensitive,official_roster_tracker,in_out_review,player_rate_shrunk_v1,2026-10-06 20:06:20 UTC
NBL,/matches/illawarra-hawks-v-cairns-taipans-men-11-10-2026,2026-10-11,2026-10-11 05:00 PM AEDT,illawarra hawks,cairns taipans,illawarra hawks,Darius Days,darius days,points,9.426944471873844,4.655177712019695,1,10,2.925,33,0.5769255044558645,10,15.55,4.375000000000001,0.1,limited_recent_participation,0,FALSE,21,,FALSE,rotation_sensitive,2026-10-04,scenario_sensitive,official_roster_tracker,in_out_review,player_rate_shrunk_v1,2026-10-06 20:06:20 UTC
NBL,/matches/illawarra-hawks-v-cairns-taipans-men-11-10-2026,2026-10-11,2026-10-11 05:00 PM AEDT,illawarra hawks,cairns taipans,illawarra hawks,Darius Days,darius days,rebounds,9.426944471873844,2.517545530706445,0,5,1.5049261083743843,33,0.5769255044558645,10,15.55,4.375000000000001,0.1,limited_recent_participation,0,FALSE,21,,FALSE,rotation_sensitive,2026-10-04,scenario_sensitive,official_roster_tracker,in_out_review,player_rate_shrunk_v1,2026-10-06 20:06:20 UTC
NBL,/matches/illawarra-hawks-v-cairns-taipans-men-11-10-2026,2026-10-11,2026-10-11 05:00 PM AEDT,illawarra hawks,cairns taipans,illawarra hawks,Darius Days,darius days,assists,9.426944471873844,0.5246269516114397,-0,2,1.2,33,0.5769255044558645,10,15.55,4.375000000000001,0.1,limited_recent_participation,0,FALSE,21,,FALSE,rotation_sensitive,2026-10-04,scenario_sensitive,official_roster_tracker,in_out_review,player_rate_shrunk_v1,2026-10-06 20:06:20 UTC
NBL,/matches/illawarra-hawks-v-cairns-taipans-men-11-10-2026,2026-10-11,2026-10-11 05:00 PM AEDT,illawarra hawks,cairns taipans,illawarra hawks,Darius Days,darius days,threes,9.426944471873844,0.5529250916070917,-0,2,1.2,33,0.5769255044558645,10,15.55,4.375000000000001,0.1,limited_recent_participation,0,FALSE,21,,FALSE,rotation_sensitive,2026-10-04,scenario_sensitive,official_roster_tracker,in_out_review,player_rate_shrunk_v1,2026-10-06 20:06:20 UTC
NBL,/matches/illawarra-hawks-v-cairns-taipans-men-11-10-2026,2026-10-11,2026-10-11 05:00 PM AEDT,illawarra hawks,cairns taipans,illawarra hawks,Amarco Doyle,amarco doyle,points,6.319739310753433,2.9059339996112463,1,6,1.5,0,0,0,,,0,limited_recent_participation,0,FALSE,Inf,,FALSE,rotation_sensitive,2026-10-04,cold_start,official_roster_tracker,in_out_review,player_rate_shrunk_v1,2026-10-06 20:06:20 UTC
NBL,/matches/illawarra-hawks-v-cairns-taipans-men-11-10-2026,2026-10-11,2026-10-11 05:00 PM AEDT,illawarra hawks,cairns taipans,illawarra hawks,Amarco Doyle,amarco doyle,rebounds,6.319739310753433,1.1426430397473077,-0,3,1.5,0,0,0,,,0,limited_recent_participation,0,FALSE,Inf,,FALSE,rotation_sensitive,2026-10-04,cold_start,official_roster_tracker,in_out_review,player_rate_shrunk_v1,2026-10-06 20:06:20 UTC
NBL,/matches/illawarra-hawks-v-cairns-taipans-men-11-10-2026,2026-10-11,2026-10-11 05:00 PM AEDT,illawarra hawks,cairns taipans,illawarra hawks,Amarco Doyle,amarco doyle,assists,6.319739310753433,0.5964263795637648,-0,2,1.5,0,0,0,,,0,limited_recent_participation,0,FALSE,Inf,,FALSE,rotation_sensitive,2026-10-04,cold_start,official_roster_tracker,in_out_review,player_rate_shrunk_v1,2026-10-06 20:06:20 UTC
NBL,/matches/illawarra-hawks-v-cairns-taipans-men-11-10-2026,2026-10-11,2026-10-11 05:00 PM AEDT,illawarra hawks,cairns taipans,illawarra hawks,Amarco Doyle,amarco doyle,threes,6.319739310753433,0.3119976173709896,-0,1,1.5,0,0,0,,,0,limited_recent_participation,0,FALSE,Inf,,FALSE,rotation_sensitive,2026-10-04,cold_start,official_roster_tracker,in_out_review,player_rate_shrunk_v1,2026-10-06 20:06:20 UTC
NBL,/matches/illawarra-hawks-v-cairns-taipans-men-11-10-2026,2026-10-11,2026-10-11 05:00 PM AEDT,illawarra hawks,cairns taipans,illawarra hawks,Milton Doyle,milton doyle,points,20.42065764787203,10.171172290736928,4,17,2.7891625957107715,136,0.8209283254109866,10,28.24166666666665,1.0250000000000004,0.6,stable_active,4,TRUE,7,0.8983500294637613,FALSE,stable_active,2026-10-04,scenario_sensitive,official_roster_tracker,in_out_review,player_rate_shrunk_v1,2026-10-06 20:06:20 UTC
NBL,/matches/illawarra-hawks-v-cairns-taipans-men-11-10-2026,2026-10-11,2026-10-11 05:00 PM AEDT,illawarra hawks,cairns taipans,illawarra hawks,Milton Doyle,milton doyle,rebounds,20.42065764787203,2.934768844159743,1,5,1.2,136,0.8209283254109866,10,28.24166666666665,1.0250000000000004,0.6,stable_active,4,TRUE,7,0.8983500294637613,FALSE,stable_active,2026-10-04,scenario_sensitive,official_roster_tracker,in_out_review,player_rate_shrunk_v1,2026-10-06 20:06:20 UTC
NBL,/matches/illawarra-hawks-v-cairns-taipans-men-11-10-2026,2026-10-11,2026-10-11 05:00 PM AEDT,illawarra hawks,cairns taipans,illawarra hawks,Milton Doyle,milton doyle,assists,20.42065764787203,2.9262010711445527,1,6,1.3206367111612458,136,0.8209283254109866,10,28.24166666666665,1.0250000000000004,0.6,stable_active,4,TRUE,7,0.8983500294637613,FALSE,stable_active,2026-10-04,scenario_sensitive,official_roster_tracker,in_out_review,player_rate_shrunk_v1,2026-10-06 20:06:20 UTC
NBL,/matches/illawarra-hawks-v-cairns-taipans-men-11-10-2026,2026-10-11,2026-10-11 05:00 PM AEDT,illawarra hawks,cairns taipans,illawarra hawks,Milton Doyle,milton doyle,threes,20.42065764787203,1.3446401972905506,-0,3,1.2071957671957674,136,0.8209283254109866,10,28.24166666666665,1.0250000000000004,0.6,stable_active,4,TRUE,7,0.8983500294637613,FALSE,stable_active,2026-10-04,scenario_sensitive,official_roster_tracker,in_out_review,player_rate_shrunk_v1,2026-10-06 20:06:20 UTC
NBL,/matches/illawarra-hawks-v-cairns-taipans-men-11-10-2026,2026-10-11,2026-10-11 05:00 PM AEDT,illawarra hawks,cairns taipans,illawarra hawks,Fletcher Macdonald,fletcher macdonald,points,3.2586155821072387,1.4582697990749867,-0,3,1.2,2,0.624834299106066,2,4.125,0.4083333333333299,0.2,limited_recent_participation,2,FALSE,9,,FALSE,rotation_sensitive,2026-10-04,cold_start,official_roster_tracker,in_out_review,player_rate_shrunk_v1,2026-10-06 20:06:20 UTC
NBL,/matches/illawarra-hawks-v-cairns-taipans-men-11-10-2026,2026-10-11,2026-10-11 05:00 PM AEDT,illawarra hawks,cairns taipans,illawarra hawks,Fletcher Macdonald,fletcher macdonald,rebounds,3.2586155821072387,0.5945493150855673,-0,2,2,2,0.624834299106066,2,4.125,0.4083333333333299,0.2,limited_recent_participation,2,FALSE,9,,FALSE,rotation_sensitive,2026-10-04,cold_start,official_roster_tracker,in_out_review,player_rate_shrunk_v1,2026-10-06 20:06:20 UTC
NBL,/matches/illawarra-hawks-v-cairns-taipans-men-11-10-2026,2026-10-11,2026-10-11 05:00 PM AEDT,illawarra hawks,cairns taipans,illawarra hawks,Fletcher Macdonald,fletcher macdonald,assists,3.2586155821072387,0.2993015590876556,-0,1,1.2,2,0.624834299106066,2,4.125,0.4083333333333299,0.2,limited_recent_participation,2,FALSE,9,,FALSE,rotation_sensitive,2026-10-04,cold_start,official_roster_tracker,in_out_review,player_rate_shrunk_v1,2026-10-06 20:06:20 UTC
NBL,/matches/illawarra-hawks-v-cairns-taipans-men-11-10-2026,2026-10-11,2026-10-11 05:00 PM AEDT,illawarra hawks,cairns taipans,illawarra hawks,Fletcher Macdonald,fletcher macdonald,threes,3.2586155821072387,0.15656814740332506,-0,1,1.2,2,0.624834299106066,2,4.125,0.4083333333333299,0.2,limited_recent_participation,2,FALSE,9,,FALSE,rotation_sensitive,2026-10-04,cold_start,official_roster_tracker,in_out_review,player_rate_shrunk_v1,2026-10-06 20:06:20 UTC
NBL,/matches/illawarra-hawks-v-cairns-taipans-men-11-10-2026,2026-10-11,2026-10-11 05:00 PM AEDT,illawarra hawks,cairns taipans,illawarra hawks,Kelan Martin,kelan martin,points,23.751686909581675,12.018529627027982,5,21,3.3505747126436782,5,0.7340748786445936,5,30.0666666666667,2.950000000000003,0.5,stable_active,4,TRUE,7,1.160037878787879,FALSE,stable_active,2026-10-04,scenario_sensitive,official_roster_tracker,in_out_review,player_rate_shrunk_v1,2026-10-06 20:06:20 UTC
NBL,/matches/illawarra-hawks-v-cairns-taipans-men-11-10-2026,2026-10-11,2026-10-11 05:00 PM AEDT,illawarra hawks,cairns taipans,illawarra hawks,Kelan Martin,kelan martin,rebounds,23.751686909581675,4.020055004873031,1,7,1.2,5,0.7340748786445936,5,30.0666666666667,2.950000000000003,0.5,stable_active,4,TRUE,7,1.160037878787879,FALSE,stable_active,2026-10-04,scenario_sensitive,official_roster_tracker,in_out_review,player_rate_shrunk_v1,2026-10-06 20:06:20 UTC
NBL,/matches/illawarra-hawks-v-cairns-taipans-men-11-10-2026,2026-10-11,2026-10-11 05:00 PM AEDT,illawarra hawks,cairns taipans,illawarra hawks,Kelan Martin,kelan martin,assists,23.751686909581675,1.726414330438583,-0,4,2.125,5,0.7340748786445936,5,30.0666666666667,2.950000000000003,0.5,stable_active,4,TRUE,7,1.160037878787879,FALSE,stable_active,2026-10-04,scenario_sensitive,official_roster_tracker,in_out_review,player_rate_shrunk_v1,2026-10-06 20:06:20 UTC
NBL,/matches/illawarra-hawks-v-cairns-taipans-men-11-10-2026,2026-10-11,2026-10-11 05:00 PM AEDT,illawarra hawks,cairns taipans,illawarra hawks,Kelan Martin,kelan martin,threes,23.751686909581675,1.4324542942318552,-0,3,1.2,5,0.7340748786445936,5,30.0666666666667,2.950000000000003,0.5,stable_active,4,TRUE,7,1.160037878787879,FALSE,stable_active,2026-10-04,scenario_sensitive,official_roster_tracker,in_out_review,player_rate_shrunk_v1,2026-10-06 20:06:20 UTC
NBL,/matches/illawarra-hawks-v-cairns-taipans-men-11-10-2026,2026-10-11,2026-10-11 05:00 PM AEDT,illawarra hawks,cairns taipans,illawarra hawks,Brodie McGregor,brodie mcgregor,points,3.5811856094269423,1.6221829463679232,-0,4,1.5,1,0.3106519460828071,1,4.53333333333333,,0.1,limited_recent_participation,1,FALSE,14,,FALSE,rotation_sensitive,2026-10-04,cold_start,official_roster_tracker,in_out_review,player_rate_shrunk_v1,2026-10-06 20:06:20 UTC
NBL,/matches/illawarra-hawks-v-cairns-taipans-men-11-10-2026,2026-10-11,2026-10-11 05:00 PM AEDT,illawarra hawks,cairns taipans,illawarra hawks,Brodie McGregor,brodie mcgregor,rebounds,3.5811856094269423,0.637858964832669,-0,2,1.5,1,0.3106519460828071,1,4.53333333333333,,0.1,limited_recent_participation,1,FALSE,14,,FALSE,rotation_sensitive,2026-10-04,cold_start,official_roster_tracker,in_out_review,player_rate_shrunk_v1,2026-10-06 20:06:20 UTC
NBL,/matches/illawarra-hawks-v-cairns-taipans-men-11-10-2026,2026-10-11,2026-10-11 05:00 PM AEDT,illawarra hawks,cairns taipans,illawarra hawks,Brodie McGregor,brodie mcgregor,assists,3.5811856094269423,0.33294379769868626,-0,1,1.5,1,0.3106519460828071,1,4.53333333333333,,0.1,limited_recent_participation,1,FALSE,14,,FALSE,rotation_sensitive,2026-10-04,cold_start,official_roster_tracker,in_out_review,player_rate_shrunk_v1,2026-10-06 20:06:20 UTC
NBL,/matches/illawarra-hawks-v-cairns-taipans-men-11-10-2026,2026-10-11,2026-10-11 05:00 PM AEDT,illawarra hawks,cairns taipans,illawarra hawks,Brodie McGregor,brodie mcgregor,threes,3.5811856094269423,0.17416679603678256,-0,1,1.5,1,0.3106519460828071,1,4.53333333333333,,0.1,limited_recent_participation,1,FALSE,14,,FALSE,rotation_sensitive,2026-10-04,cold_start,official_roster_tracker,in_out_review,player_rate_shrunk_v1,2026-10-06 20:06:20 UTC
NBL,/matches/illawarra-hawks-v-cairns-taipans-men-11-10-2026,2026-10-11,2026-10-11 05:00 PM AEDT,illawarra hawks,cairns taipans,illawarra hawks,Lamar Patterson,lamar patterson,points,12.152332049636263,5.555970506238128,1,12,4.0939129101502605,73,0.7186271244517053,10,18.025,2.9833333333333494,0.4,role_declining,4,TRUE,7,0.7310789049919469,FALSE,rotation_sensitive,2026-10-04,scenario_sensitive,official_roster_tracker,in_out_review,player_rate_shrunk_v1,2026-10-06 20:06:20 UTC
NBL,/matches/illawarra-hawks-v-cairns-taipans-men-11-10-2026,2026-10-11,2026-10-11 05:00 PM AEDT,illawarra hawks,cairns taipans,illawarra hawks,Lamar Patterson,lamar patterson,rebounds,12.152332049636263,2.277811299470127,0,5,1.467662951705505,73,0.7186271244517053,10,18.025,2.9833333333333494,0.4,role_declining,4,TRUE,7,0.7310789049919469,FALSE,rotation_sensitive,2026-10-04,scenario_sensitive,official_roster_tracker,in_out_review,player_rate_shrunk_v1,2026-10-06 20:06:20 UTC
NBL,/matches/illawarra-hawks-v-cairns-taipans-men-11-10-2026,2026-10-11,2026-10-11 05:00 PM AEDT,illawarra hawks,cairns taipans,illawarra hawks,Lamar Patterson,lamar patterson,assists,12.152332049636263,1.446952767522374,-0,3,1.3388216845878138,73,0.7186271244517053,10,18.025,2.9833333333333494,0.4,role_declining,4,TRUE,7,0.7310789049919469,FALSE,rotation_sensitive,2026-10-04,scenario_sensitive,official_roster_tracker,in_out_review,player_rate_shrunk_v1,2026-10-06 20:06:20 UTC
NBL,/matches/illawarra-hawks-v-cairns-taipans-men-11-10-2026,2026-10-11,2026-10-11 05:00 PM AEDT,illawarra hawks,cairns taipans,illawarra hawks,Lamar Patterson,lamar patterson,threes,12.152332049636263,0.5357096037415743,-0,2,1.5536398467432948,73,0.7186271244517053,10,18.025,2.9833333333333494,0.4,role_declining,4,TRUE,7,0.7310789049919469,FALSE,rotation_sensitive,2026-10-04,scenario_sensitive,official_roster_tracker,in_out_review,player_rate_shrunk_v1,2026-10-06 20:06:20 UTC
NBL,/matches/illawarra-hawks-v-cairns-taipans-men-11-10-2026,2026-10-11,2026-10-11 05:00 PM AEDT,illawarra hawks,cairns taipans,cairns taipans,Kyrin Galloway,kyrin galloway,points,14.841849148418508,5.4229504059090425,-0,12,4.744711579305072,150,0.9288524468964843,10,16.325,3.2249999999999996,1,role_declining,4,TRUE,8,0.7935823754789282,FALSE,rotation_sensitive,2026-10-04,scenario_sensitive,official_roster_tracker,in_out_review,player_rate_shrunk_v1,2026-10-06 20:06:20 UTC
NBL,/matches/illawarra-hawks-v-cairns-taipans-men-11-10-2026,2026-10-11,2026-10-11 05:00 PM AEDT,illawarra hawks,cairns taipans,cairns taipans,Kyrin Galloway,kyrin galloway,rebounds,14.841849148418508,2.623177125321826,-0,6,2.233004720464982,150,0.9288524468964843,10,16.325,3.2249999999999996,1,role_declining,4,TRUE,8,0.7935823754789282,FALSE,rotation_sensitive,2026-10-04,scenario_sensitive,official_roster_tracker,in_out_review,player_rate_shrunk_v1,2026-10-06 20:06:20 UTC
NBL,/matches/illawarra-hawks-v-cairns-taipans-men-11-10-2026,2026-10-11,2026-10-11 05:00 PM AEDT,illawarra hawks,cairns taipans,cairns taipans,Kyrin Galloway,kyrin galloway,assists,14.841849148418508,0.6821190728195508,-0,2,1.2482349864900202,150,0.9288524468964843,10,16.325,3.2249999999999996,1,role_declining,4,TRUE,8,0.7935823754789282,FALSE,rotation_sensitive,2026-10-04,scenario_sensitive,official_roster_tracker,in_out_review,player_rate_shrunk_v1,2026-10-06 20:06:20 UTC
NBL,/matches/illawarra-hawks-v-cairns-taipans-men-11-10-2026,2026-10-11,2026-10-11 05:00 PM AEDT,illawarra hawks,cairns taipans,cairns taipans,Kyrin Galloway,kyrin galloway,threes,14.841849148418508,0.7825353307905951,-0,2,1.4885906040268457,150,0.9288524468964843,10,16.325,3.2249999999999996,1,role_declining,4,TRUE,8,0.7935823754789282,FALSE,rotation_sensitive,2026-10-04,scenario_sensitive,official_roster_tracker,in_out_review,player_rate_shrunk_v1,2026-10-06 20:06:20 UTC
NBL,/matches/illawarra-hawks-v-cairns-taipans-men-11-10-2026,2026-10-11,2026-10-11 05:00 PM AEDT,illawarra hawks,cairns taipans,cairns taipans,Jack McVeigh,jack mcveigh,points,30.835360908353614,16.991572660597196,7,28,4.097997817026352,182,0.9594603583578177,10,34.29166666666665,2.533333333333349,1,stable_active,4,TRUE,8,0.8772893772893765,FALSE,stable_active,2026-10-04,scenario_sensitive,official_roster_tracker,in_out_review,player_rate_shrunk_v1,2026-10-06 20:06:20 UTC
NBL,/matches/illawarra-hawks-v-cairns-taipans-men-11-10-2026,2026-10-11,2026-10-11 05:00 PM AEDT,illawarra hawks,cairns taipans,cairns taipans,Jack McVeigh,jack mcveigh,rebounds,30.835360908353614,5.0639748688496935,2,8,1.2811194978341505,182,0.9594603583578177,10,34.29166666666665,2.533333333333349,1,stable_active,4,TRUE,8,0.8772893772893765,FALSE,stable_active,2026-10-04,scenario_sensitive,official_roster_tracker,in_out_review,player_rate_shrunk_v1,2026-10-06 20:06:20 UTC
NBL,/matches/illawarra-hawks-v-cairns-taipans-men-11-10-2026,2026-10-11,2026-10-11 05:00 PM AEDT,illawarra hawks,cairns taipans,cairns taipans,Jack McVeigh,jack mcveigh,assists,30.835360908353614,3.209078218518057,1,6,1.621546961325967,182,0.9594603583578177,10,34.29166666666665,2.533333333333349,1,stable_active,4,TRUE,8,0.8772893772893765,FALSE,stable_active,2026-10-04,scenario_sensitive,official_roster_tracker,in_out_review,player_rate_shrunk_v1,2026-10-06 20:06:20 UTC
NBL,/matches/illawarra-hawks-v-cairns-taipans-men-11-10-2026,2026-10-11,2026-10-11 05:00 PM AEDT,illawarra hawks,cairns taipans,cairns taipans,Jack McVeigh,jack mcveigh,threes,30.835360908353614,1.852480320343462,0,4,1.2230420277831713,182,0.9594603583578177,10,34.29166666666665,2.533333333333349,1,stable_active,4,TRUE,8,0.8772893772893765,FALSE,stable_active,2026-10-04,scenario_sensitive,official_roster_tracker,in_out_review,player_rate_shrunk_v1,2026-10-06 20:06:20 UTC
NBL,/matches/illawarra-hawks-v-cairns-taipans-men-11-10-2026,2026-10-11,2026-10-11 05:00 PM AEDT,illawarra hawks,cairns taipans,cairns taipans,Lloyd McVeigh,lloyd mcveigh,points,5.190592051905924,2.2909143616482974,0,6,3.4444444444444446,10,0.6909999334688198,10,3.925,0.8916666666666699,0.3,limited_recent_participation,1,FALSE,11,0.725000000000001,FALSE,rotation_sensitive,2026-10-04,scenario_sensitive,official_roster_tracker,in_out_review,player_rate_shrunk_v1,2026-10-06 20:06:20 UTC
NBL,/matches/illawarra-hawks-v-cairns-taipans-men-11-10-2026,2026-10-11,2026-10-11 05:00 PM AEDT,illawarra hawks,cairns taipans,cairns taipans,Lloyd McVeigh,lloyd mcveigh,rebounds,5.190592051905924,0.9472723972668454,-0,2,1.2,10,0.6909999334688198,10,3.925,0.8916666666666699,0.3,limited_recent_participation,1,FALSE,11,0.725000000000001,FALSE,rotation_sensitive,2026-10-04,scenario_sensitive,official_roster_tracker,in_out_review,player_rate_shrunk_v1,2026-10-06 20:06:20 UTC
NBL,/matches/illawarra-hawks-v-cairns-taipans-men-11-10-2026,2026-10-11,2026-10-11 05:00 PM AEDT,illawarra hawks,cairns taipans,cairns taipans,Lloyd McVeigh,lloyd mcveigh,assists,5.190592051905924,0.43906157612385877,-0,1,1.2,10,0.6909999334688198,10,3.925,0.8916666666666699,0.3,limited_recent_participation,1,FALSE,11,0.725000000000001,FALSE,rotation_sensitive,2026-10-04,scenario_sensitive,official_roster_tracker,in_out_review,player_rate_shrunk_v1,2026-10-06 20:06:20 UTC
NBL,/matches/illawarra-hawks-v-cairns-taipans-men-11-10-2026,2026-10-11,2026-10-11 05:00 PM AEDT,illawarra hawks,cairns taipans,cairns taipans,Lloyd McVeigh,lloyd mcveigh,threes,5.190592051905924,0.22184275473132653,-0,1,1.2,10,0.6909999334688198,10,3.925,0.8916666666666699,0.3,limited_recent_participation,1,FALSE,11,0.725000000000001,FALSE,rotation_sensitive,2026-10-04,scenario_sensitive,official_roster_tracker,in_out_review,player_rate_shrunk_v1,2026-10-06 20:06:20 UTC
NBL,/matches/illawarra-hawks-v-cairns-taipans-men-11-10-2026,2026-10-11,2026-10-11 05:00 PM AEDT,illawarra hawks,cairns taipans,cairns taipans,Reyne Smith,reyne smith,points,20.081103000811023,8.729832095030142,2,17,3.855676328502416,19,0.8852406003088356,10,20.158333333333303,3.9999999999999964,0.8,stable_active,4,TRUE,8,1.2066189624329162,FALSE,stable_active,2026-10-04,scenario_sensitive,official_roster_tracker,in_out_review,player_rate_shrunk_v1,2026-10-06 20:06:20 UTC
NBL,/matches/illawarra-hawks-v-cairns-taipans-men-11-10-2026,2026-10-11,2026-10-11 05:00 PM AEDT,illawarra hawks,cairns taipans,cairns taipans,Reyne Smith,reyne smith,rebounds,20.081103000811023,2.6639061986107664,0,5,1.4898989898989898,19,0.8852406003088356,10,20.158333333333303,3.9999999999999964,0.8,stable_active,4,TRUE,8,1.2066189624329162,FALSE,stable_active,2026-10-04,scenario_sensitive,official_roster_tracker,in_out_review,player_rate_shrunk_v1,2026-10-06 20:06:20 UTC
NBL,/matches/illawarra-hawks-v-cairns-taipans-men-11-10-2026,2026-10-11,2026-10-11 05:00 PM AEDT,illawarra hawks,cairns taipans,cairns taipans,Reyne Smith,reyne smith,assists,20.081103000811023,1.4998473411390172,-0,4,1.5102880658436215,19,0.8852406003088356,10,20.158333333333303,3.9999999999999964,0.8,stable_active,4,TRUE,8,1.2066189624329162,FALSE,stable_active,2026-10-04,scenario_sensitive,official_roster_tracker,in_out_review,player_rate_shrunk_v1,2026-10-06 20:06:20 UTC
NBL,/matches/illawarra-hawks-v-cairns-taipans-men-11-10-2026,2026-10-11,2026-10-11 05:00 PM AEDT,illawarra hawks,cairns taipans,cairns taipans,Reyne Smith,reyne smith,threes,20.081103000811023,1.4320055651487615,-0,3,1.2777777777777777,19,0.8852406003088356,10,20.158333333333303,3.9999999999999964,0.8,stable_active,4,TRUE,8,1.2066189624329162,FALSE,stable_active,2026-10-04,scenario_sensitive,official_roster_tracker,in_out_review,player_rate_shrunk_v1,2026-10-06 20:06:20 UTC
NBL,/matches/illawarra-hawks-v-cairns-taipans-men-11-10-2026,2026-10-11,2026-10-11 05:00 PM AEDT,illawarra hawks,cairns taipans,cairns taipans,Jonah Bolden,jonah bolden,points,21.054339010543384,7.143216875841282,2,13,2.9814021017699113,65,0.7593065821025964,10,17.9333333333333,3.908333333333349,0.5,stable_active,4,TRUE,8,1.136192271442037,FALSE,stable_active,2026-10-04,scenario_sensitive,official_roster_tracker,in_out_review,player_rate_shrunk_v1,2026-10-06 20:06:20 UTC
NBL,/matches/illawarra-hawks-v-cairns-taipans-men-11-10-2026,2026-10-11,2026-10-11 05:00 PM AEDT,illawarra hawks,cairns taipans,cairns taipans,Jonah Bolden,jonah bolden,rebounds,21.054339010543384,5.4958995088290035,2,10,1.683957808564232,65,0.7593065821025964,10,17.9333333333333,3.908333333333349,0.5,stable_active,4,TRUE,8,1.136192271442037,FALSE,stable_active,2026-10-04,scenario_sensitive,official_roster_tracker,in_out_review,player_rate_shrunk_v1,2026-10-06 20:06:20 UTC
NBL,/matches/illawarra-hawks-v-cairns-taipans-men-11-10-2026,2026-10-11,2026-10-11 05:00 PM AEDT,illawarra hawks,cairns taipans,cairns taipans,Jonah Bolden,jonah bolden,assists,21.054339010543384,1.384620223739653,-0,3,1.2,65,0.7593065821025964,10,17.9333333333333,3.908333333333349,0.5,stable_active,4,TRUE,8,1.136192271442037,FALSE,stable_active,2026-10-04,scenario_sensitive,official_roster_tracker,in_out_review,player_rate_shrunk_v1,2026-10-06 20:06:20 UTC
NBL,/matches/illawarra-hawks-v-cairns-taipans-men-11-10-2026,2026-10-11,2026-10-11 05:00 PM AEDT,illawarra hawks,cairns taipans,cairns taipans,Jonah Bolden,jonah bolden,threes,21.054339010543384,0.8651816351570564,-0,2,1.4755859374999998,65,0.7593065821025964,10,17.9333333333333,3.908333333333349,0.5,stable_active,4,TRUE,8,1.136192271442037,FALSE,stable_active,2026-10-04,scenario_sensitive,official_roster_tracker,in_out_review,player_rate_shrunk_v1,2026-10-06 20:06:20 UTC
NBL,/matches/illawarra-hawks-v-cairns-taipans-men-11-10-2026,2026-10-11,2026-10-11 05:00 PM AEDT,illawarra hawks,cairns taipans,cairns taipans,Jaylon Brown,jaylon brown,points,26.5044606650446,12.315356247046184,4,22,3.8828125,5,0.7865689930755724,5,27.2333333333333,0.75,0.5,stable_active,4,TRUE,8,0.9690291840381186,FALSE,stable_active,2026-10-04,scenario_sensitive,official_roster_tracker,in_out_review,player_rate_shrunk_v1,2026-10-06 20:06:20 UTC
NBL,/matches/illawarra-hawks-v-cairns-taipans-men-11-10-2026,2026-10-11,2026-10-11 05:00 PM AEDT,illawarra hawks,cairns taipans,cairns taipans,Jaylon Brown,jaylon brown,rebounds,26.5044606650446,4.100631813318017,1,7,1.4615384615384615,5,0.7865689930755724,5,27.2333333333333,0.75,0.5,stable_active,4,TRUE,8,0.9690291840381186,FALSE,stable_active,2026-10-04,scenario_sensitive,official_roster_tracker,in_out_review,player_rate_shrunk_v1,2026-10-06 20:06:20 UTC
NBL,/matches/illawarra-hawks-v-cairns-taipans-men-11-10-2026,2026-10-11,2026-10-11 05:00 PM AEDT,illawarra hawks,cairns taipans,cairns taipans,Jaylon Brown,jaylon brown,assists,26.5044606650446,2.824302803738001,1,5,1.2,5,0.7865689930755724,5,27.2333333333333,0.75,0.5,stable_active,4,TRUE,8,0.9690291840381186,FALSE,stable_active,2026-10-04,scenario_sensitive,official_roster_tracker,in_out_review,player_rate_shrunk_v1,2026-10-06 20:06:20 UTC
NBL,/matches/illawarra-hawks-v-cairns-taipans-men-11-10-2026,2026-10-11,2026-10-11 05:00 PM AEDT,illawarra hawks,cairns taipans,cairns taipans,Jaylon Brown,jaylon brown,threes,26.5044606650446,1.2691054393871788,-0,3,1.4166666666666667,5,0.7865689930755724,5,27.2333333333333,0.75,0.5,stable_active,4,TRUE,8,0.9690291840381186,FALSE,stable_active,2026-10-04,scenario_sensitive,official_roster_tracker,in_out_review,player_rate_shrunk_v1,2026-10-06 20:06:20 UTC
NBL,/matches/illawarra-hawks-v-cairns-taipans-men-11-10-2026,2026-10-11,2026-10-11 05:00 PM AEDT,illawarra hawks,cairns taipans,cairns taipans,Walter Brown,walter brown,points,3.5847526358475275,1.5468102395165018,-0,4,1.8571428571428572,15,0.7568006783580066,10,3.60833333333333,0.841666666666665,0.4,stable_active,3,TRUE,8,1.2081447963800915,FALSE,stable_active,2026-10-04,scenario_sensitive,official_roster_tracker,in_out_review,player_rate_shrunk_v1,2026-10-06 20:06:20 UTC
NBL,/matches/illawarra-hawks-v-cairns-taipans-men-11-10-2026,2026-10-11,2026-10-11 05:00 PM AEDT,illawarra hawks,cairns taipans,cairns taipans,Walter Brown,walter brown,rebounds,3.5847526358475275,0.6359984544658215,-0,2,1.2,15,0.7568006783580066,10,3.60833333333333,0.841666666666665,0.4,stable_active,3,TRUE,8,1.2081447963800915,FALSE,stable_active,2026-10-04,scenario_sensitive,official_roster_tracker,in_out_review,player_rate_shrunk_v1,2026-10-06 20:06:20 UTC
NBL,/matches/illawarra-hawks-v-cairns-taipans-men-11-10-2026,2026-10-11,2026-10-11 05:00 PM AEDT,illawarra hawks,cairns taipans,cairns taipans,Walter Brown,walter brown,assists,3.5847526358475275,0.3147978795790642,-0,1,1.2,15,0.7568006783580066,10,3.60833333333333,0.841666666666665,0.4,stable_active,3,TRUE,8,1.2081447963800915,FALSE,stable_active,2026-10-04,scenario_sensitive,official_roster_tracker,in_out_review,player_rate_shrunk_v1,2026-10-06 20:06:20 UTC
NBL,/matches/illawarra-hawks-v-cairns-taipans-men-11-10-2026,2026-10-11,2026-10-11 05:00 PM AEDT,illawarra hawks,cairns taipans,cairns taipans,Walter Brown,walter brown,threes,3.5847526358475275,0.174579489488548,-0,1,1.2,15,0.7568006783580066,10,3.60833333333333,0.841666666666665,0.4,stable_active,3,TRUE,8,1.2081447963800915,FALSE,stable_active,2026-10-04,scenario_sensitive,official_roster_tracker,in_out_review,player_rate_shrunk_v1,2026-10-06 20:06:20 UTC
NBL,/matches/illawarra-hawks-v-cairns-taipans-men-11-10-2026,2026-10-11,2026-10-11 05:00 PM AEDT,illawarra hawks,cairns taipans,cairns taipans,Sunday Dech,sunday dech,points,9.180859691808605,2.9863836684880147,0,8,4.212698412698413,181,0.786842321642377,10,9.516666666666666,1.9749999999999854,0.5,stable_active,4,TRUE,8,1.2068345323740985,FALSE,stable_active,2026-10-04,scenario_sensitive,official_roster_tracker,in_out_review,player_rate_shrunk_v1,2026-10-06 20:06:20 UTC
NBL,/matches/illawarra-hawks-v-cairns-taipans-men-11-10-2026,2026-10-11,2026-10-11 05:00 PM AEDT,illawarra hawks,cairns taipans,cairns taipans,Sunday Dech,sunday dech,rebounds,9.180859691808605,1.0858640261588672,-0,3,1.8175050301810864,181,0.786842321642377,10,9.516666666666666,1.9749999999999854,0.5,stable_active,4,TRUE,8,1.2068345323740985,FALSE,stable_active,2026-10-04,scenario_sensitive,official_roster_tracker,in_out_review,player_rate_shrunk_v1,2026-10-06 20:06:20 UTC
NBL,/matches/illawarra-hawks-v-cairns-taipans-men-11-10-2026,2026-10-11,2026-10-11 05:00 PM AEDT,illawarra hawks,cairns taipans,cairns taipans,Sunday Dech,sunday dech,assists,9.180859691808605,0.5817503906116706,-0,2,1.2510572856593618,181,0.786842321642377,10,9.516666666666666,1.9749999999999854,0.5,stable_active,4,TRUE,8,1.2068345323740985,FALSE,stable_active,2026-10-04,scenario_sensitive,official_roster_tracker,in_out_review,player_rate_shrunk_v1,2026-10-06 20:06:20 UTC
NBL,/matches/illawarra-hawks-v-cairns-taipans-men-11-10-2026,2026-10-11,2026-10-11 05:00 PM AEDT,illawarra hawks,cairns taipans,cairns taipans,Sunday Dech,sunday dech,threes,9.180859691808605,0.45349092991568873,-0,1,1.2,181,0.786842321642377,10,9.516666666666666,1.9749999999999854,0.5,stable_active,4,TRUE,8,1.2068345323740985,FALSE,stable_active,2026-10-04,scenario_sensitive,official_roster_tracker,in_out_review,player_rate_shrunk_v1,2026-10-06 20:06:20 UTC
NBL,/matches/illawarra-hawks-v-cairns-taipans-men-11-10-2026,2026-10-11,2026-10-11 05:00 PM AEDT,illawarra hawks,cairns taipans,cairns taipans,Malique Lewis,malique lewis,points,28.012976480129762,9.754585444697815,4,17,2.626741809624079,68,0.7856342328109545,10,25.283333333333303,4,0.5,stable_active,4,TRUE,8,1.4562951082598252,FALSE,stable_active,2026-10-04,scenario_sensitive,official_roster_tracker,in_out_review,player_rate_shrunk_v1,2026-10-06 20:06:20 UTC
NBL,/matches/illawarra-hawks-v-cairns-taipans-men-11-10-2026,2026-10-11,2026-10-11 05:00 PM AEDT,illawarra hawks,cairns taipans,cairns taipans,Malique Lewis,malique lewis,rebounds,28.012976480129762,5.430958281095319,2,9,1.2,68,0.7856342328109545,10,25.283333333333303,4,0.5,stable_active,4,TRUE,8,1.4562951082598252,FALSE,stable_active,2026-10-04,scenario_sensitive,official_roster_tracker,in_out_review,player_rate_shrunk_v1,2026-10-06 20:06:20 UTC
NBL,/matches/illawarra-hawks-v-cairns-taipans-men-11-10-2026,2026-10-11,2026-10-11 05:00 PM AEDT,illawarra hawks,cairns taipans,cairns taipans,Malique Lewis,malique lewis,assists,28.012976480129762,2.2185520973716497,0,5,1.4140409065782202,68,0.7856342328109545,10,25.283333333333303,4,0.5,stable_active,4,TRUE,8,1.4562951082598252,FALSE,stable_active,2026-10-04,scenario_sensitive,official_roster_tracker,in_out_review,player_rate_shrunk_v1,2026-10-06 20:06:20 UTC
NBL,/matches/illawarra-hawks-v-cairns-taipans-men-11-10-2026,2026-10-11,2026-10-11 05:00 PM AEDT,illawarra hawks,cairns taipans,cairns taipans,Malique Lewis,malique lewis,threes,28.012976480129762,1.374138918958247,-0,3,1.2,68,0.7856342328109545,10,25.283333333333303,4,0.5,stable_active,4,TRUE,8,1.4562951082598252,FALSE,stable_active,2026-10-04,scenario_sensitive,official_roster_tracker,in_out_review,player_rate_shrunk_v1,2026-10-06 20:06:20 UTC
NBL,/matches/illawarra-hawks-v-cairns-taipans-men-11-10-2026,2026-10-11,2026-10-11 05:00 PM AEDT,illawarra hawks,cairns taipans,cairns taipans,Brody Nunn,brody nunn,points,7.234387672343882,2.8761291576621875,-0,6,2.5714285714285716,8,0.4638740137964944,8,8.48333333333333,3.01666666666665,0,limited_recent_participation,0,FALSE,220,,FALSE,rotation_sensitive,2026-10-04,scenario_sensitive,official_roster_tracker,in_out_review,player_rate_shrunk_v1,2026-10-06 20:06:20 UTC
NBL,/matches/illawarra-hawks-v-cairns-taipans-men-11-10-2026,2026-10-11,2026-10-11 05:00 PM AEDT,illawarra hawks,cairns taipans,cairns taipans,Brody Nunn,brody nunn,rebounds,7.234387672343882,1.1477593937997441,-0,3,1.2,8,0.4638740137964944,8,8.48333333333333,3.01666666666665,0,limited_recent_participation,0,FALSE,220,,FALSE,rotation_sensitive,2026-10-04,scenario_sensitive,official_roster_tracker,in_out_review,player_rate_shrunk_v1,2026-10-06 20:06:20 UTC
NBL,/matches/illawarra-hawks-v-cairns-taipans-men-11-10-2026,2026-10-11,2026-10-11 05:00 PM AEDT,illawarra hawks,cairns taipans,cairns taipans,Brody Nunn,brody nunn,assists,7.234387672343882,0.7353130681005154,-0,2,1.6349206349206349,8,0.4638740137964944,8,8.48333333333333,3.01666666666665,0,limited_recent_participation,0,FALSE,220,,FALSE,rotation_sensitive,2026-10-04,scenario_sensitive,official_roster_tracker,in_out_review,player_rate_shrunk_v1,2026-10-06 20:06:20 UTC
NBL,/matches/illawarra-hawks-v-cairns-taipans-men-11-10-2026,2026-10-11,2026-10-11 05:00 PM AEDT,illawarra hawks,cairns taipans,cairns taipans,Brody Nunn,brody nunn,threes,7.234387672343882,0.291870875916912,-0,1,1.2,8,0.4638740137964944,8,8.48333333333333,3.01666666666665,0,limited_recent_participation,0,FALSE,220,,FALSE,rotation_sensitive,2026-10-04,scenario_sensitive,official_roster_tracker,in_out_review,player_rate_shrunk_v1,2026-10-06 20:06:20 UTC
NBL,/matches/illawarra-hawks-v-cairns-taipans-men-11-10-2026,2026-10-11,2026-10-11 05:00 PM AEDT,illawarra hawks,cairns taipans,cairns taipans,Keanu Pinder,keanu pinder,points,26.212489862124897,16.42600136282985,6,29,5.30487071087529,147,0.8216951360009149,10,26.075000000000003,2.4833333333333005,0.5,stable_active,4,TRUE,8,1.0613975576662131,FALSE,stable_active,2026-10-04,scenario_sensitive,official_roster_tracker,in_out_review,player_rate_shrunk_v1,2026-10-06 20:06:20 UTC
NBL,/matches/illawarra-hawks-v-cairns-taipans-men-11-10-2026,2026-10-11,2026-10-11 05:00 PM AEDT,illawarra hawks,cairns taipans,cairns taipans,Keanu Pinder,keanu pinder,rebounds,26.212489862124897,6.19597504092733,2,11,1.9325067493250676,147,0.8216951360009149,10,26.075000000000003,2.4833333333333005,0.5,stable_active,4,TRUE,8,1.0613975576662131,FALSE,stable_active,2026-10-04,scenario_sensitive,official_roster_tracker,in_out_review,player_rate_shrunk_v1,2026-10-06 20:06:20 UTC
NBL,/matches/illawarra-hawks-v-cairns-taipans-men-11-10-2026,2026-10-11,2026-10-11 05:00 PM AEDT,illawarra hawks,cairns taipans,cairns taipans,Keanu Pinder,keanu pinder,assists,26.212489862124897,1.9408006060463618,0,4,1.3595394083780028,147,0.8216951360009149,10,26.075000000000003,2.4833333333333005,0.5,stable_active,4,TRUE,8,1.0613975576662131,FALSE,stable_active,2026-10-04,scenario_sensitive,official_roster_tracker,in_out_review,player_rate_shrunk_v1,2026-10-06 20:06:20 UTC
NBL,/matches/illawarra-hawks-v-cairns-taipans-men-11-10-2026,2026-10-11,2026-10-11 05:00 PM AEDT,illawarra hawks,cairns taipans,cairns taipans,Keanu Pinder,keanu pinder,threes,26.212489862124897,1.0397232697255852,-0,3,1.4524250277674935,147,0.8216951360009149,10,26.075000000000003,2.4833333333333005,0.5,stable_active,4,TRUE,8,1.0613975576662131,FALSE,stable_active,2026-10-04,scenario_sensitive,official_roster_tracker,in_out_review,player_rate_shrunk_v1,2026-10-06 20:06:20 UTC
NBL,/matches/illawarra-hawks-v-cairns-taipans-men-11-10-2026,2026-10-11,2026-10-11 05:00 PM AEDT,illawarra hawks,cairns taipans,cairns taipans,Kobe Williamson,kobe williamson,points,2.9521492295214924,1.27367383920895,-0,3,1.2,5,0.5146954380933216,5,3.03333333333333,0.3500000000000001,0,limited_recent_participation,0,FALSE,337,,FALSE,rotation_sensitive,2026-10-04,scenario_sensitive,official_roster_tracker,in_out_review,player_rate_shrunk_v1,2026-10-06 20:06:20 UTC
NBL,/matches/illawarra-hawks-v-cairns-taipans-men-11-10-2026,2026-10-11,2026-10-11 05:00 PM AEDT,illawarra hawks,cairns taipans,cairns taipans,Kobe Williamson,kobe williamson,rebounds,2.9521492295214924,0.5377542536177419,-0,2,1.2,5,0.5146954380933216,5,3.03333333333333,0.3500000000000001,0,limited_recent_participation,0,FALSE,337,,FALSE,rotation_sensitive,2026-10-04,scenario_sensitive,official_roster_tracker,in_out_review,player_rate_shrunk_v1,2026-10-06 20:06:20 UTC
NBL,/matches/illawarra-hawks-v-cairns-taipans-men-11-10-2026,2026-10-11,2026-10-11 05:00 PM AEDT,illawarra hawks,cairns taipans,cairns taipans,Kobe Williamson,kobe williamson,assists,2.9521492295214924,0.26141429115943454,-0,1,1.2,5,0.5146954380933216,5,3.03333333333333,0.3500000000000001,0,limited_recent_participation,0,FALSE,337,,FALSE,rotation_sensitive,2026-10-04,scenario_sensitive,official_roster_tracker,in_out_review,player_rate_shrunk_v1,2026-10-06 20:06:20 UTC
NBL,/matches/illawarra-hawks-v-cairns-taipans-men-11-10-2026,2026-10-11,2026-10-11 05:00 PM AEDT,illawarra hawks,cairns taipans,cairns taipans,Kobe Williamson,kobe williamson,threes,2.9521492295214924,0.13674887426697058,-0,1,1.2,5,0.5146954380933216,5,3.03333333333333,0.3500000000000001,0,limited_recent_participation,0,FALSE,337,,FALSE,rotation_sensitive,2026-10-04,scenario_sensitive,official_roster_tracker,in_out_review,player_rate_shrunk_v1,2026-10-06 20:06:20 UTC
NBL,/matches/illawarra-hawks-v-cairns-taipans-men-11-10-2026,2026-10-11,2026-10-11 05:00 PM AEDT,illawarra hawks,cairns taipans,cairns taipans,Luca Yates,luca yates,points,4.314679643146798,1.7207148394407132,-0,4,2.285714285714286,11,0.5118446427690386,10,4.40833333333333,1.4833333333333296,0,limited_recent_participation,0,FALSE,240,,FALSE,rotation_sensitive,2026-10-04,scenario_sensitive,official_roster_tracker,in_out_review,player_rate_shrunk_v1,2026-10-06 20:06:20 UTC
NBL,/matches/illawarra-hawks-v-cairns-taipans-men-11-10-2026,2026-10-11,2026-10-11 05:00 PM AEDT,illawarra hawks,cairns taipans,cairns taipans,Luca Yates,luca yates,rebounds,4.314679643146798,0.7151555946042787,-0,2,1.2,11,0.5118446427690386,10,4.40833333333333,1.4833333333333296,0,limited_recent_participation,0,FALSE,240,,FALSE,rotation_sensitive,2026-10-04,scenario_sensitive,official_roster_tracker,in_out_review,player_rate_shrunk_v1,2026-10-06 20:06:20 UTC
NBL,/matches/illawarra-hawks-v-cairns-taipans-men-11-10-2026,2026-10-11,2026-10-11 05:00 PM AEDT,illawarra hawks,cairns taipans,cairns taipans,Luca Yates,luca yates,assists,4.314679643146798,0.34798252357959797,-0,1,1.2,11,0.5118446427690386,10,4.40833333333333,1.4833333333333296,0,limited_recent_participation,0,FALSE,240,,FALSE,rotation_sensitive,2026-10-04,scenario_sensitive,official_roster_tracker,in_out_review,player_rate_shrunk_v1,2026-10-06 20:06:20 UTC
NBL,/matches/illawarra-hawks-v-cairns-taipans-men-11-10-2026,2026-10-11,2026-10-11 05:00 PM AEDT,illawarra hawks,cairns taipans,cairns taipans,Luca Yates,luca yates,threes,4.314679643146798,0.1876950866040482,-0,1,1.2,11,0.5118446427690386,10,4.40833333333333,1.4833333333333296,0,limited_recent_participation,0,FALSE,240,,FALSE,rotation_sensitive,2026-10-04,scenario_sensitive,official_roster_tracker,in_out_review,player_rate_shrunk_v1,2026-10-06 20:06:20 UTC
NBL,/matches/sydney-kings-v-nz-breakers-men-14-10-2026,2026-10-14,2026-10-14 07:30 PM AEDT,sydney kings,nz breakers,sydney kings,Xavier Cooks,xavier cooks,points,24.21892816419615,12.326515804017983,6,20,2.7010675273088385,153,0.9556852679418988,10,26.0333333333333,2.825000000000001,1,stable_active,4,TRUE,14,0.9955611921369696,FALSE,stable_active,2026-10-04,available,last_completed_proxy,resolved,player_rate_shrunk_v1,2026-10-06 20:06:20 UTC
NBL,/matches/sydney-kings-v-nz-breakers-men-14-10-2026,2026-10-14,2026-10-14 07:30 PM AEDT,sydney kings,nz breakers,sydney kings,Xavier Cooks,xavier cooks,rebounds,24.21892816419615,6.347281813330599,3,10,1.2982456140350878,153,0.9556852679418988,10,26.0333333333333,2.825000000000001,1,stable_active,4,TRUE,14,0.9955611921369696,FALSE,stable_active,2026-10-04,available,last_completed_proxy,resolved,player_rate_shrunk_v1,2026-10-06 20:06:20 UTC
NBL,/matches/sydney-kings-v-nz-breakers-men-14-10-2026,2026-10-14,2026-10-14 07:30 PM AEDT,sydney kings,nz breakers,sydney kings,Xavier Cooks,xavier cooks,assists,24.21892816419615,2.850816674047011,1,5,1.3545183714001985,153,0.9556852679418988,10,26.0333333333333,2.825000000000001,1,stable_active,4,TRUE,14,0.9955611921369696,FALSE,stable_active,2026-10-04,available,last_completed_proxy,resolved,player_rate_shrunk_v1,2026-10-06 20:06:20 UTC
NBL,/matches/sydney-kings-v-nz-breakers-men-14-10-2026,2026-10-14,2026-10-14 07:30 PM AEDT,sydney kings,nz breakers,sydney kings,Xavier Cooks,xavier cooks,threes,24.21892816419615,0.22331205142837068,-0,1,1.4704836415362732,153,0.9556852679418988,10,26.0333333333333,2.825000000000001,1,stable_active,4,TRUE,14,0.9955611921369696,FALSE,stable_active,2026-10-04,available,last_completed_proxy,resolved,player_rate_shrunk_v1,2026-10-06 20:06:20 UTC
NBL,/matches/sydney-kings-v-nz-breakers-men-14-10-2026,2026-10-14,2026-10-14 07:30 PM AEDT,sydney kings,nz breakers,sydney kings,Torrey Craig,torrey craig,points,21.011022424933476,10.376437216721353,5,17,2.361492614667012,18,0.9225328307707874,10,25.7333333333333,4.075000000000001,1,stable_active,4,TRUE,14,1.0778715120051916,FALSE,stable_active,2026-10-04,available,last_completed_proxy,resolved,player_rate_shrunk_v1,2026-10-06 20:06:20 UTC
NBL,/matches/sydney-kings-v-nz-breakers-men-14-10-2026,2026-10-14,2026-10-14 07:30 PM AEDT,sydney kings,nz breakers,sydney kings,Torrey Craig,torrey craig,rebounds,21.011022424933476,4.55359773863888,2,8,1.2,18,0.9225328307707874,10,25.7333333333333,4.075000000000001,1,stable_active,4,TRUE,14,1.0778715120051916,FALSE,stable_active,2026-10-04,available,last_completed_proxy,resolved,player_rate_shrunk_v1,2026-10-06 20:06:20 UTC
NBL,/matches/sydney-kings-v-nz-breakers-men-14-10-2026,2026-10-14,2026-10-14 07:30 PM AEDT,sydney kings,nz breakers,sydney kings,Torrey Craig,torrey craig,assists,21.011022424933476,1.5733772615002584,-0,3,1.2,18,0.9225328307707874,10,25.7333333333333,4.075000000000001,1,stable_active,4,TRUE,14,1.0778715120051916,FALSE,stable_active,2026-10-04,available,last_completed_proxy,resolved,player_rate_shrunk_v1,2026-10-06 20:06:20 UTC
NBL,/matches/sydney-kings-v-nz-breakers-men-14-10-2026,2026-10-14,2026-10-14 07:30 PM AEDT,sydney kings,nz breakers,sydney kings,Torrey Craig,torrey craig,threes,21.011022424933476,1.160078523601976,-0,3,1.9728506787330318,18,0.9225328307707874,10,25.7333333333333,4.075000000000001,1,stable_active,4,TRUE,14,1.0778715120051916,FALSE,stable_active,2026-10-04,available,last_completed_proxy,resolved,player_rate_shrunk_v1,2026-10-06 20:06:20 UTC
NBL,/matches/sydney-kings-v-nz-breakers-men-14-10-2026,2026-10-14,2026-10-14 07:30 PM AEDT,sydney kings,nz breakers,sydney kings,Kendric Davis,kendric davis,points,32.185480805777274,23.535521610989917,15,32,1.8438664865907777,72,0.9540504955761437,10,37.8583333333333,2.3583333333333485,1,stable_active,4,TRUE,14,0.843518114360541,FALSE,stable_active,2026-10-04,available,last_completed_proxy,resolved,player_rate_shrunk_v1,2026-10-06 20:06:20 UTC
NBL,/matches/sydney-kings-v-nz-breakers-men-14-10-2026,2026-10-14,2026-10-14 07:30 PM AEDT,sydney kings,nz breakers,sydney kings,Kendric Davis,kendric davis,rebounds,32.185480805777274,4.088248629019137,1,7,1.2,72,0.9540504955761437,10,37.8583333333333,2.3583333333333485,1,stable_active,4,TRUE,14,0.843518114360541,FALSE,stable_active,2026-10-04,available,last_completed_proxy,resolved,player_rate_shrunk_v1,2026-10-06 20:06:20 UTC
NBL,/matches/sydney-kings-v-nz-breakers-men-14-10-2026,2026-10-14,2026-10-14 07:30 PM AEDT,sydney kings,nz breakers,sydney kings,Kendric Davis,kendric davis,assists,32.185480805777274,6.699700137261503,3,10,1.2,72,0.9540504955761437,10,37.8583333333333,2.3583333333333485,1,stable_active,4,TRUE,14,0.843518114360541,FALSE,stable_active,2026-10-04,available,last_completed_proxy,resolved,player_rate_shrunk_v1,2026-10-06 20:06:20 UTC
NBL,/matches/sydney-kings-v-nz-breakers-men-14-10-2026,2026-10-14,2026-10-14 07:30 PM AEDT,sydney kings,nz breakers,sydney kings,Kendric Davis,kendric davis,threes,32.185480805777274,2.225081255052656,0,4,1.2,72,0.9540504955761437,10,37.8583333333333,2.3583333333333485,1,stable_active,4,TRUE,14,0.843518114360541,FALSE,stable_active,2026-10-04,available,last_completed_proxy,resolved,player_rate_shrunk_v1,2026-10-06 20:06:20 UTC
NBL,/matches/sydney-kings-v-nz-breakers-men-14-10-2026,2026-10-14,2026-10-14 07:30 PM AEDT,sydney kings,nz breakers,sydney kings,Matthew Dellavedova,matthew dellavedova,points,21.147852527556058,8.182410063306195,2,15,3.3754142416698265,132,0.9643625520463939,10,23.4583333333333,1.3583333333333503,1,stable_active,4,TRUE,14,0.9694522471910113,FALSE,stable_active,2026-10-04,available,last_completed_proxy,resolved,player_rate_shrunk_v1,2026-10-06 20:06:20 UTC
NBL,/matches/sydney-kings-v-nz-breakers-men-14-10-2026,2026-10-14,2026-10-14 07:30 PM AEDT,sydney kings,nz breakers,sydney kings,Matthew Dellavedova,matthew dellavedova,rebounds,21.147852527556058,2.7329094479111298,1,5,1.2,132,0.9643625520463939,10,23.4583333333333,1.3583333333333503,1,stable_active,4,TRUE,14,0.9694522471910113,FALSE,stable_active,2026-10-04,available,last_completed_proxy,resolved,player_rate_shrunk_v1,2026-10-06 20:06:20 UTC
NBL,/matches/sydney-kings-v-nz-breakers-men-14-10-2026,2026-10-14,2026-10-14 07:30 PM AEDT,sydney kings,nz breakers,sydney kings,Matthew Dellavedova,matthew dellavedova,assists,21.147852527556058,4.487975504522504,2,8,1.2,132,0.9643625520463939,10,23.4583333333333,1.3583333333333503,1,stable_active,4,TRUE,14,0.9694522471910113,FALSE,stable_active,2026-10-04,available,last_completed_proxy,resolved,player_rate_shrunk_v1,2026-10-06 20:06:20 UTC
NBL,/matches/sydney-kings-v-nz-breakers-men-14-10-2026,2026-10-14,2026-10-14 07:30 PM AEDT,sydney kings,nz breakers,sydney kings,Matthew Dellavedova,matthew dellavedova,threes,21.147852527556058,0.8480684793730989,-0,2,1.4922943972346248,132,0.9643625520463939,10,23.4583333333333,1.3583333333333503,1,stable_active,4,TRUE,14,0.9694522471910113,FALSE,stable_active,2026-10-04,available,last_completed_proxy,resolved,player_rate_shrunk_v1,2026-10-06 20:06:20 UTC
NBL,/matches/sydney-kings-v-nz-breakers-men-14-10-2026,2026-10-14,2026-10-14 07:30 PM AEDT,sydney kings,nz breakers,sydney kings,Makuach Maluach,makuach maluach,points,17.54465982516152,7.549851230109646,1,16,5.544766435986159,97,0.9387005556893857,10,20.0333333333333,2.70833333333335,1,stable_active,4,TRUE,14,0.8883999999999996,FALSE,stable_active,2026-10-04,available,last_completed_proxy,resolved,player_rate_shrunk_v1,2026-10-06 20:06:20 UTC
NBL,/matches/sydney-kings-v-nz-breakers-men-14-10-2026,2026-10-14,2026-10-14 07:30 PM AEDT,sydney kings,nz breakers,sydney kings,Makuach Maluach,makuach maluach,rebounds,17.54465982516152,2.693966356274941,0,6,1.9484481292517009,97,0.9387005556893857,10,20.0333333333333,2.70833333333335,1,stable_active,4,TRUE,14,0.8883999999999996,FALSE,stable_active,2026-10-04,available,last_completed_proxy,resolved,player_rate_shrunk_v1,2026-10-06 20:06:20 UTC
NBL,/matches/sydney-kings-v-nz-breakers-men-14-10-2026,2026-10-14,2026-10-14 07:30 PM AEDT,sydney kings,nz breakers,sydney kings,Makuach Maluach,makuach maluach,assists,17.54465982516152,1.000526515551611,-0,3,1.3621527777777778,97,0.9387005556893857,10,20.0333333333333,2.70833333333335,1,stable_active,4,TRUE,14,0.8883999999999996,FALSE,stable_active,2026-10-04,available,last_completed_proxy,resolved,player_rate_shrunk_v1,2026-10-06 20:06:20 UTC
NBL,/matches/sydney-kings-v-nz-breakers-men-14-10-2026,2026-10-14,2026-10-14 07:30 PM AEDT,sydney kings,nz breakers,sydney kings,Makuach Maluach,makuach maluach,threes,17.54465982516152,0.8856157194117157,-0,2,1.27425799086758,97,0.9387005556893857,10,20.0333333333333,2.70833333333335,1,stable_active,4,TRUE,14,0.8883999999999996,FALSE,stable_active,2026-10-04,available,last_completed_proxy,resolved,player_rate_shrunk_v1,2026-10-06 20:06:20 UTC
NBL,/matches/sydney-kings-v-nz-breakers-men-14-10-2026,2026-10-14,2026-10-14 07:30 PM AEDT,sydney kings,nz breakers,sydney kings,Tyler Robertson,tyler robertson,points,11.615355378183182,4.931591081621381,-0,11,4.514920634920634,46,0.6412122141815529,10,13.508333333333301,4.574999999999966,0.2,limited_recent_participation,2,FALSE,17,0.7730455075845981,FALSE,rotation_sensitive,2026-10-04,available,last_completed_proxy,resolved,player_rate_shrunk_v1,2026-10-06 20:06:20 UTC
NBL,/matches/sydney-kings-v-nz-breakers-men-14-10-2026,2026-10-14,2026-10-14 07:30 PM AEDT,sydney kings,nz breakers,sydney kings,Tyler Robertson,tyler robertson,rebounds,11.615355378183182,1.8135151472147737,-0,5,2.3195767195767196,46,0.6412122141815529,10,13.508333333333301,4.574999999999966,0.2,limited_recent_participation,2,FALSE,17,0.7730455075845981,FALSE,rotation_sensitive,2026-10-04,available,last_completed_proxy,resolved,player_rate_shrunk_v1,2026-10-06 20:06:20 UTC
NBL,/matches/sydney-kings-v-nz-breakers-men-14-10-2026,2026-10-14,2026-10-14 07:30 PM AEDT,sydney kings,nz breakers,sydney kings,Tyler Robertson,tyler robertson,assists,11.615355378183182,0.9103145298913884,-0,2,1.511111111111111,46,0.6412122141815529,10,13.508333333333301,4.574999999999966,0.2,limited_recent_participation,2,FALSE,17,0.7730455075845981,FALSE,rotation_sensitive,2026-10-04,available,last_completed_proxy,resolved,player_rate_shrunk_v1,2026-10-06 20:06:20 UTC
NBL,/matches/sydney-kings-v-nz-breakers-men-14-10-2026,2026-10-14,2026-10-14 07:30 PM AEDT,sydney kings,nz breakers,sydney kings,Tyler Robertson,tyler robertson,threes,11.615355378183182,0.7913654658298511,-0,2,1.511111111111111,46,0.6412122141815529,10,13.508333333333301,4.574999999999966,0.2,limited_recent_participation,2,FALSE,17,0.7730455075845981,FALSE,rotation_sensitive,2026-10-04,available,last_completed_proxy,resolved,player_rate_shrunk_v1,2026-10-06 20:06:20 UTC
NBL,/matches/sydney-kings-v-nz-breakers-men-14-10-2026,2026-10-14,2026-10-14 07:30 PM AEDT,sydney kings,nz breakers,sydney kings,Jason Spurgin,jason spurgin,points,8.4530596731281,3.4441189228551963,-0,8,3.4335664335664338,12,0.6281073183590448,10,5.316666666666665,2.4416666666666695,0.4,stable_active,3,TRUE,14,3.624365482233506,FALSE,stable_active,2026-10-04,available,last_completed_proxy,resolved,player_rate_shrunk_v1,2026-10-06 20:06:20 UTC
NBL,/matches/sydney-kings-v-nz-breakers-men-14-10-2026,2026-10-14,2026-10-14 07:30 PM AEDT,sydney kings,nz breakers,sydney kings,Jason Spurgin,jason spurgin,rebounds,8.4530596731281,1.7374667974172393,-0,4,2.335664335664336,12,0.6281073183590448,10,5.316666666666665,2.4416666666666695,0.4,stable_active,3,TRUE,14,3.624365482233506,FALSE,stable_active,2026-10-04,available,last_completed_proxy,resolved,player_rate_shrunk_v1,2026-10-06 20:06:20 UTC
NBL,/matches/sydney-kings-v-nz-breakers-men-14-10-2026,2026-10-14,2026-10-14 07:30 PM AEDT,sydney kings,nz breakers,sydney kings,Jason Spurgin,jason spurgin,assists,8.4530596731281,0.6464962378048141,-0,2,1.2,12,0.6281073183590448,10,5.316666666666665,2.4416666666666695,0.4,stable_active,3,TRUE,14,3.624365482233506,FALSE,stable_active,2026-10-04,available,last_completed_proxy,resolved,player_rate_shrunk_v1,2026-10-06 20:06:20 UTC
NBL,/matches/sydney-kings-v-nz-breakers-men-14-10-2026,2026-10-14,2026-10-14 07:30 PM AEDT,sydney kings,nz breakers,sydney kings,Jason Spurgin,jason spurgin,threes,8.4530596731281,0.38334086162682435,-0,1,1.2,12,0.6281073183590448,10,5.316666666666665,2.4416666666666695,0.4,stable_active,3,TRUE,14,3.624365482233506,FALSE,stable_active,2026-10-04,available,last_completed_proxy,resolved,player_rate_shrunk_v1,2026-10-06 20:06:20 UTC
NBL,/matches/sydney-kings-v-nz-breakers-men-14-10-2026,2026-10-14,2026-10-14 07:30 PM AEDT,sydney kings,nz breakers,sydney kings,Lachlan Bofinger,lachlan bofinger,points,7.297605473204112,3.35733209498018,1,6,1.5,0,0,0,,,0,limited_recent_participation,0,FALSE,Inf,,FALSE,rotation_sensitive,2026-10-04,cold_start,last_completed_proxy,resolved,player_rate_shrunk_v1,2026-10-06 20:06:20 UTC
NBL,/matches/sydney-kings-v-nz-breakers-men-14-10-2026,2026-10-14,2026-10-14 07:30 PM AEDT,sydney kings,nz breakers,sydney kings,Lachlan Bofinger,lachlan bofinger,rebounds,7.297605473204112,1.318056850802536,-0,3,1.5,0,0,0,,,0,limited_recent_participation,0,FALSE,Inf,,FALSE,rotation_sensitive,2026-10-04,cold_start,last_completed_proxy,resolved,player_rate_shrunk_v1,2026-10-06 20:06:20 UTC
NBL,/matches/sydney-kings-v-nz-breakers-men-14-10-2026,2026-10-14,2026-10-14 07:30 PM AEDT,sydney kings,nz breakers,sydney kings,Lachlan Bofinger,lachlan bofinger,assists,7.297605473204112,0.6895649799779978,-0,2,1.5,0,0,0,,,0,limited_recent_participation,0,FALSE,Inf,,FALSE,rotation_sensitive,2026-10-04,cold_start,last_completed_proxy,resolved,player_rate_shrunk_v1,2026-10-06 20:06:20 UTC
NBL,/matches/sydney-kings-v-nz-breakers-men-14-10-2026,2026-10-14,2026-10-14 07:30 PM AEDT,sydney kings,nz breakers,sydney kings,Lachlan Bofinger,lachlan bofinger,threes,7.297605473204112,0.3602278302610825,-0,1,1.5,0,0,0,,,0,limited_recent_participation,0,FALSE,Inf,,FALSE,rotation_sensitive,2026-10-04,cold_start,last_completed_proxy,resolved,player_rate_shrunk_v1,2026-10-06 20:06:20 UTC
NBL,/matches/sydney-kings-v-nz-breakers-men-14-10-2026,2026-10-14,2026-10-14 07:30 PM AEDT,sydney kings,nz breakers,sydney kings,Andrew Carr,andrew carr,points,20.509312048650692,9.377434882486737,5,14,1.2,3,0.6647437430566785,3,22.4833333333333,3.0833333333333997,0.3,stable_active,3,TRUE,14,,FALSE,stable_active,2026-10-04,available,last_completed_proxy,resolved,player_rate_shrunk_v1,2026-10-06 20:06:20 UTC
NBL,/matches/sydney-kings-v-nz-breakers-men-14-10-2026,2026-10-14,2026-10-14 07:30 PM AEDT,sydney kings,nz breakers,sydney kings,Andrew Carr,andrew carr,rebounds,20.509312048650692,4.333624655158605,1,8,2.1304347826086953,3,0.6647437430566785,3,22.4833333333333,3.0833333333333997,0.3,stable_active,3,TRUE,14,,FALSE,stable_active,2026-10-04,available,last_completed_proxy,resolved,player_rate_shrunk_v1,2026-10-06 20:06:20 UTC
NBL,/matches/sydney-kings-v-nz-breakers-men-14-10-2026,2026-10-14,2026-10-14 07:30 PM AEDT,sydney kings,nz breakers,sydney kings,Andrew Carr,andrew carr,assists,20.509312048650692,1.984636559979477,0,4,1.2,3,0.6647437430566785,3,22.4833333333333,3.0833333333333997,0.3,stable_active,3,TRUE,14,,FALSE,stable_active,2026-10-04,available,last_completed_proxy,resolved,player_rate_shrunk_v1,2026-10-06 20:06:20 UTC
NBL,/matches/sydney-kings-v-nz-breakers-men-14-10-2026,2026-10-14,2026-10-14 07:30 PM AEDT,sydney kings,nz breakers,sydney kings,Andrew Carr,andrew carr,threes,20.509312048650692,0.9998951285344531,-0,2,1.2,3,0.6647437430566785,3,22.4833333333333,3.0833333333333997,0.3,stable_active,3,TRUE,14,,FALSE,stable_active,2026-10-04,available,last_completed_proxy,resolved,player_rate_shrunk_v1,2026-10-06 20:06:20 UTC
NBL,/matches/sydney-kings-v-nz-breakers-men-14-10-2026,2026-10-14,2026-10-14 07:30 PM AEDT,sydney kings,nz breakers,sydney kings,Bailey Hanson,bailey hanson,points,2.6909920182440166,1.225960927569508,-0,3,1.5,1,0.3251007939797599,1,2.95,,0.1,limited_recent_participation,1,FALSE,17,,FALSE,rotation_sensitive,2026-10-04,cold_start,last_completed_proxy,resolved,player_rate_shrunk_v1,2026-10-06 20:06:20 UTC
NBL,/matches/sydney-kings-v-nz-breakers-men-14-10-2026,2026-10-14,2026-10-14 07:30 PM AEDT,sydney kings,nz breakers,sydney kings,Bailey Hanson,bailey hanson,rebounds,2.6909920182440166,0.49018330133115895,-0,2,1.5,1,0.3251007939797599,1,2.95,,0.1,limited_recent_participation,1,FALSE,17,,FALSE,rotation_sensitive,2026-10-04,cold_start,last_completed_proxy,resolved,player_rate_shrunk_v1,2026-10-06 20:06:20 UTC
NBL,/matches/sydney-kings-v-nz-breakers-men-14-10-2026,2026-10-14,2026-10-14 07:30 PM AEDT,sydney kings,nz breakers,sydney kings,Bailey Hanson,bailey hanson,assists,2.6909920182440166,0.25180104277955445,-0,1,1.5,1,0.3251007939797599,1,2.95,,0.1,limited_recent_participation,1,FALSE,17,,FALSE,rotation_sensitive,2026-10-04,cold_start,last_completed_proxy,resolved,player_rate_shrunk_v1,2026-10-06 20:06:20 UTC
NBL,/matches/sydney-kings-v-nz-breakers-men-14-10-2026,2026-10-14,2026-10-14 07:30 PM AEDT,sydney kings,nz breakers,sydney kings,Bailey Hanson,bailey hanson,threes,2.6909920182440166,0.13154053052527565,-0,1,1.5,1,0.3251007939797599,1,2.95,,0.1,limited_recent_participation,1,FALSE,17,,FALSE,rotation_sensitive,2026-10-04,cold_start,last_completed_proxy,resolved,player_rate_shrunk_v1,2026-10-06 20:06:20 UTC
NBL,/matches/sydney-kings-v-nz-breakers-men-14-10-2026,2026-10-14,2026-10-14 07:30 PM AEDT,sydney kings,nz breakers,sydney kings,Will Johnston,will johnston,points,15.005701254275957,7.257042341001596,3,12,2.103448275862069,3,0.6977673969291359,3,16.45,0.3000000000000007,0.3,stable_active,3,TRUE,14,,FALSE,stable_active,2026-10-04,available,last_completed_proxy,resolved,player_rate_shrunk_v1,2026-10-06 20:06:20 UTC
NBL,/matches/sydney-kings-v-nz-breakers-men-14-10-2026,2026-10-14,2026-10-14 07:30 PM AEDT,sydney kings,nz breakers,sydney kings,Will Johnston,will johnston,rebounds,15.005701254275957,2.7888615386754716,1,5,1.2999999999999998,3,0.6977673969291359,3,16.45,0.3000000000000007,0.3,stable_active,3,TRUE,14,,FALSE,stable_active,2026-10-04,available,last_completed_proxy,resolved,player_rate_shrunk_v1,2026-10-06 20:06:20 UTC
NBL,/matches/sydney-kings-v-nz-breakers-men-14-10-2026,2026-10-14,2026-10-14 07:30 PM AEDT,sydney kings,nz breakers,sydney kings,Will Johnston,will johnston,assists,15.005701254275957,1.579328238187737,-0,3,1.2,3,0.6977673969291359,3,16.45,0.3000000000000007,0.3,stable_active,3,TRUE,14,,FALSE,stable_active,2026-10-04,available,last_completed_proxy,resolved,player_rate_shrunk_v1,2026-10-06 20:06:20 UTC
NBL,/matches/sydney-kings-v-nz-breakers-men-14-10-2026,2026-10-14,2026-10-14 07:30 PM AEDT,sydney kings,nz breakers,sydney kings,Will Johnston,will johnston,threes,15.005701254275957,0.8172530702458638,-0,2,1.2,3,0.6977673969291359,3,16.45,0.3000000000000007,0.3,stable_active,3,TRUE,14,,FALSE,stable_active,2026-10-04,available,last_completed_proxy,resolved,player_rate_shrunk_v1,2026-10-06 20:06:20 UTC
NBL,/matches/sydney-kings-v-nz-breakers-men-14-10-2026,2026-10-14,2026-10-14 07:30 PM AEDT,sydney kings,nz breakers,sydney kings,Peitok Machar,peitok machar,points,3.717217787913345,1.6890369830926029,-0,4,2,2,0.6246326401269686,2,4.075,0.5416666666666698,0.2,limited_recent_participation,2,FALSE,17,,FALSE,rotation_sensitive,2026-10-04,cold_start,last_completed_proxy,resolved,player_rate_shrunk_v1,2026-10-06 20:06:20 UTC
NBL,/matches/sydney-kings-v-nz-breakers-men-14-10-2026,2026-10-14,2026-10-14 07:30 PM AEDT,sydney kings,nz breakers,sydney kings,Peitok Machar,peitok machar,rebounds,3.717217787913345,0.7018803623719486,-0,2,1.2,2,0.6246326401269686,2,4.075,0.5416666666666698,0.2,limited_recent_participation,2,FALSE,17,,FALSE,rotation_sensitive,2026-10-04,cold_start,last_completed_proxy,resolved,player_rate_shrunk_v1,2026-10-06 20:06:20 UTC
NBL,/matches/sydney-kings-v-nz-breakers-men-14-10-2026,2026-10-14,2026-10-14 07:30 PM AEDT,sydney kings,nz breakers,sydney kings,Peitok Machar,peitok machar,assists,3.717217787913345,0.34195732111922056,-0,1,1.2,2,0.6246326401269686,2,4.075,0.5416666666666698,0.2,limited_recent_participation,2,FALSE,17,,FALSE,rotation_sensitive,2026-10-04,cold_start,last_completed_proxy,resolved,player_rate_shrunk_v1,2026-10-06 20:06:20 UTC
NBL,/matches/sydney-kings-v-nz-breakers-men-14-10-2026,2026-10-14,2026-10-14 07:30 PM AEDT,sydney kings,nz breakers,sydney kings,Peitok Machar,peitok machar,threes,3.717217787913345,0.1786380506628969,-0,1,1.2,2,0.6246326401269686,2,4.075,0.5416666666666698,0.2,limited_recent_participation,2,FALSE,17,,FALSE,rotation_sensitive,2026-10-04,cold_start,last_completed_proxy,resolved,player_rate_shrunk_v1,2026-10-06 20:06:20 UTC
NBL,/matches/sydney-kings-v-nz-breakers-men-14-10-2026,2026-10-14,2026-10-14 07:30 PM AEDT,sydney kings,nz breakers,sydney kings,Jayden Stone,jayden stone,points,4.948688711516539,2.1972245394001297,0,4,1.2,2,0.6167578437746307,2,5.425,0.80833333333333,0.2,limited_recent_participation,2,FALSE,17,,FALSE,rotation_sensitive,2026-10-04,cold_start,last_completed_proxy,resolved,player_rate_shrunk_v1,2026-10-06 20:06:20 UTC
NBL,/matches/sydney-kings-v-nz-breakers-men-14-10-2026,2026-10-14,2026-10-14 07:30 PM AEDT,sydney kings,nz breakers,sydney kings,Jayden Stone,jayden stone,rebounds,4.948688711516539,0.878529449241298,-0,2,1.2,2,0.6167578437746307,2,5.425,0.80833333333333,0.2,limited_recent_participation,2,FALSE,17,,FALSE,rotation_sensitive,2026-10-04,cold_start,last_completed_proxy,resolved,player_rate_shrunk_v1,2026-10-06 20:06:20 UTC
NBL,/matches/sydney-kings-v-nz-breakers-men-14-10-2026,2026-10-14,2026-10-14 07:30 PM AEDT,sydney kings,nz breakers,sydney kings,Jayden Stone,jayden stone,assists,4.948688711516539,0.4512896111123498,-0,1,1.2,2,0.6167578437746307,2,5.425,0.80833333333333,0.2,limited_recent_participation,2,FALSE,17,,FALSE,rotation_sensitive,2026-10-04,cold_start,last_completed_proxy,resolved,player_rate_shrunk_v1,2026-10-06 20:06:20 UTC
NBL,/matches/sydney-kings-v-nz-breakers-men-14-10-2026,2026-10-14,2026-10-14 07:30 PM AEDT,sydney kings,nz breakers,sydney kings,Jayden Stone,jayden stone,threes,4.948688711516539,0.2357530938354157,-0,1,1.2,2,0.6167578437746307,2,5.425,0.80833333333333,0.2,limited_recent_participation,2,FALSE,17,,FALSE,rotation_sensitive,2026-10-04,cold_start,last_completed_proxy,resolved,player_rate_shrunk_v1,2026-10-06 20:06:20 UTC
NBL,/matches/sydney-kings-v-nz-breakers-men-14-10-2026,2026-10-14,2026-10-14 07:30 PM AEDT,sydney kings,nz breakers,sydney kings,Harry Wessels,harry wessels,points,9.654123907259578,4.561972647549183,2,8,1.2,3,0.6866541906030607,3,10.5833333333333,0.5999999999999694,0.3,stable_active,3,TRUE,14,,FALSE,stable_active,2026-10-04,available,last_completed_proxy,resolved,player_rate_shrunk_v1,2026-10-06 20:06:20 UTC
NBL,/matches/sydney-kings-v-nz-breakers-men-14-10-2026,2026-10-14,2026-10-14 07:30 PM AEDT,sydney kings,nz breakers,sydney kings,Harry Wessels,harry wessels,rebounds,9.654123907259578,1.766395574201771,0,4,1.2,3,0.6866541906030607,3,10.5833333333333,0.5999999999999694,0.3,stable_active,3,TRUE,14,,FALSE,stable_active,2026-10-04,available,last_completed_proxy,resolved,player_rate_shrunk_v1,2026-10-06 20:06:20 UTC
NBL,/matches/sydney-kings-v-nz-breakers-men-14-10-2026,2026-10-14,2026-10-14 07:30 PM AEDT,sydney kings,nz breakers,sydney kings,Harry Wessels,harry wessels,assists,9.654123907259578,0.818394442071672,-0,2,1.2,3,0.6866541906030607,3,10.5833333333333,0.5999999999999694,0.3,stable_active,3,TRUE,14,,FALSE,stable_active,2026-10-04,available,last_completed_proxy,resolved,player_rate_shrunk_v1,2026-10-06 20:06:20 UTC
NBL,/matches/sydney-kings-v-nz-breakers-men-14-10-2026,2026-10-14,2026-10-14 07:30 PM AEDT,sydney kings,nz breakers,sydney kings,Harry Wessels,harry wessels,threes,9.654123907259578,0.4275281702597689,-0,1,1.2,3,0.6866541906030607,3,10.5833333333333,0.5999999999999694,0.3,stable_active,3,TRUE,14,,FALSE,stable_active,2026-10-04,available,last_completed_proxy,resolved,player_rate_shrunk_v1,2026-10-06 20:06:20 UTC
NBL,/matches/sydney-kings-v-nz-breakers-men-14-10-2026,2026-10-14,2026-10-14 07:30 PM AEDT,sydney kings,nz breakers,nz breakers,Parker Jackson-Cartwright,parker jackson-cartwright,points,31.31923464249746,18.301646991894398,11,26,1.9663177292621126,90,0.6637058917633665,10,35.05,1.9333333333333051,0,limited_recent_participation,0,FALSE,10,,FALSE,rotation_sensitive,2026-10-04,available,last_completed_proxy,resolved,player_rate_shrunk_v1,2026-10-06 20:06:20 UTC
NBL,/matches/sydney-kings-v-nz-breakers-men-14-10-2026,2026-10-14,2026-10-14 07:30 PM AEDT,sydney kings,nz breakers,nz breakers,Parker Jackson-Cartwright,parker jackson-cartwright,rebounds,31.31923464249746,4.3672470109762616,2,7,1.2649248680113712,90,0.6637058917633665,10,35.05,1.9333333333333051,0,limited_recent_participation,0,FALSE,10,,FALSE,rotation_sensitive,2026-10-04,available,last_completed_proxy,resolved,player_rate_shrunk_v1,2026-10-06 20:06:20 UTC
NBL,/matches/sydney-kings-v-nz-breakers-men-14-10-2026,2026-10-14,2026-10-14 07:30 PM AEDT,sydney kings,nz breakers,nz breakers,Parker Jackson-Cartwright,parker jackson-cartwright,assists,31.31923464249746,6.662880978901699,3,10,1.2,90,0.6637058917633665,10,35.05,1.9333333333333051,0,limited_recent_participation,0,FALSE,10,,FALSE,rotation_sensitive,2026-10-04,available,last_completed_proxy,resolved,player_rate_shrunk_v1,2026-10-06 20:06:20 UTC
NBL,/matches/sydney-kings-v-nz-breakers-men-14-10-2026,2026-10-14,2026-10-14 07:30 PM AEDT,sydney kings,nz breakers,nz breakers,Parker Jackson-Cartwright,parker jackson-cartwright,threes,31.31923464249746,1.6098225327815259,-0,4,1.5617977528089888,90,0.6637058917633665,10,35.05,1.9333333333333051,0,limited_recent_participation,0,FALSE,10,,FALSE,rotation_sensitive,2026-10-04,available,last_completed_proxy,resolved,player_rate_shrunk_v1,2026-10-06 20:06:20 UTC
NBL,/matches/sydney-kings-v-nz-breakers-men-14-10-2026,2026-10-14,2026-10-14 07:30 PM AEDT,sydney kings,nz breakers,nz breakers,Sam Mennenga,sam mennenga,points,27.62192490289167,15.572219435046012,5,28,5.459095007787523,89,0.6610828651116751,10,31.90833333333335,1.5,0,limited_recent_participation,0,FALSE,10,,FALSE,rotation_sensitive,2026-10-04,available,last_completed_proxy,resolved,player_rate_shrunk_v1,2026-10-06 20:06:20 UTC
NBL,/matches/sydney-kings-v-nz-breakers-men-14-10-2026,2026-10-14,2026-10-14 07:30 PM AEDT,sydney kings,nz breakers,nz breakers,Sam Mennenga,sam mennenga,rebounds,27.62192490289167,6.283024341385018,3,10,1.4568981742894789,89,0.6610828651116751,10,31.90833333333335,1.5,0,limited_recent_participation,0,FALSE,10,,FALSE,rotation_sensitive,2026-10-04,available,last_completed_proxy,resolved,player_rate_shrunk_v1,2026-10-06 20:06:20 UTC
NBL,/matches/sydney-kings-v-nz-breakers-men-14-10-2026,2026-10-14,2026-10-14 07:30 PM AEDT,sydney kings,nz breakers,nz breakers,Sam Mennenga,sam mennenga,assists,27.62192490289167,1.8212308510619988,0,4,1.2,89,0.6610828651116751,10,31.90833333333335,1.5,0,limited_recent_participation,0,FALSE,10,,FALSE,rotation_sensitive,2026-10-04,available,last_completed_proxy,resolved,player_rate_shrunk_v1,2026-10-06 20:06:20 UTC
NBL,/matches/sydney-kings-v-nz-breakers-men-14-10-2026,2026-10-14,2026-10-14 07:30 PM AEDT,sydney kings,nz breakers,nz breakers,Sam Mennenga,sam mennenga,threes,27.62192490289167,0.9050910650445534,-0,2,1.4292929292929293,89,0.6610828651116751,10,31.90833333333335,1.5,0,limited_recent_participation,0,FALSE,10,,FALSE,rotation_sensitive,2026-10-04,available,last_completed_proxy,resolved,player_rate_shrunk_v1,2026-10-06 20:06:20 UTC
NBL,/matches/sydney-kings-v-nz-breakers-men-14-10-2026,2026-10-14,2026-10-14 07:30 PM AEDT,sydney kings,nz breakers,nz breakers,Mojave King,mojave king,points,21.234354769097973,9.464947894510301,2,19,5.467721782590588,99,0.6278813604394351,10,30.19166666666665,2.16666666666665,0,limited_recent_participation,0,FALSE,10,,FALSE,rotation_sensitive,2026-10-04,available,last_completed_proxy,resolved,player_rate_shrunk_v1,2026-10-06 20:06:20 UTC
NBL,/matches/sydney-kings-v-nz-breakers-men-14-10-2026,2026-10-14,2026-10-14 07:30 PM AEDT,sydney kings,nz breakers,nz breakers,Mojave King,mojave king,rebounds,21.234354769097973,3.157931903204503,0,7,2.172664916589042,99,0.6278813604394351,10,30.19166666666665,2.16666666666665,0,limited_recent_participation,0,FALSE,10,,FALSE,rotation_sensitive,2026-10-04,available,last_completed_proxy,resolved,player_rate_shrunk_v1,2026-10-06 20:06:20 UTC
NBL,/matches/sydney-kings-v-nz-breakers-men-14-10-2026,2026-10-14,2026-10-14 07:30 PM AEDT,sydney kings,nz breakers,nz breakers,Mojave King,mojave king,assists,21.234354769097973,1.3436766262732176,-0,3,1.2,99,0.6278813604394351,10,30.19166666666665,2.16666666666665,0,limited_recent_participation,0,FALSE,10,,FALSE,rotation_sensitive,2026-10-04,available,last_completed_proxy,resolved,player_rate_shrunk_v1,2026-10-06 20:06:20 UTC
NBL,/matches/sydney-kings-v-nz-breakers-men-14-10-2026,2026-10-14,2026-10-14 07:30 PM AEDT,sydney kings,nz breakers,nz breakers,Mojave King,mojave king,threes,21.234354769097973,1.4834356243654465,-0,3,1.471938775510204,99,0.6278813604394351,10,30.19166666666665,2.16666666666665,0,limited_recent_participation,0,FALSE,10,,FALSE,rotation_sensitive,2026-10-04,available,last_completed_proxy,resolved,player_rate_shrunk_v1,2026-10-06 20:06:20 UTC
NBL,/matches/sydney-kings-v-nz-breakers-men-14-10-2026,2026-10-14,2026-10-14 07:30 PM AEDT,sydney kings,nz breakers,nz breakers,Dejan Vasiljevic,dejan vasiljevic,points,23.59372752121994,11.094113290747748,4,20,3.756265922294997,183,0.6381830671188597,10,28.4333333333333,3.0500000000000007,0,limited_recent_participation,0,FALSE,10,,FALSE,rotation_sensitive,2026-10-04,available,last_completed_proxy,resolved,player_rate_shrunk_v1,2026-10-06 20:06:20 UTC
NBL,/matches/sydney-kings-v-nz-breakers-men-14-10-2026,2026-10-14,2026-10-14 07:30 PM AEDT,sydney kings,nz breakers,nz breakers,Dejan Vasiljevic,dejan vasiljevic,rebounds,23.59372752121994,2.6248658225478456,0,5,1.3359854431283003,183,0.6381830671188597,10,28.4333333333333,3.0500000000000007,0,limited_recent_participation,0,FALSE,10,,FALSE,rotation_sensitive,2026-10-04,available,last_completed_proxy,resolved,player_rate_shrunk_v1,2026-10-06 20:06:20 UTC
NBL,/matches/sydney-kings-v-nz-breakers-men-14-10-2026,2026-10-14,2026-10-14 07:30 PM AEDT,sydney kings,nz breakers,nz breakers,Dejan Vasiljevic,dejan vasiljevic,assists,23.59372752121994,1.3655066738351542,-0,3,1.2797110297110297,183,0.6381830671188597,10,28.4333333333333,3.0500000000000007,0,limited_recent_participation,0,FALSE,10,,FALSE,rotation_sensitive,2026-10-04,available,last_completed_proxy,resolved,player_rate_shrunk_v1,2026-10-06 20:06:20 UTC
NBL,/matches/sydney-kings-v-nz-breakers-men-14-10-2026,2026-10-14,2026-10-14 07:30 PM AEDT,sydney kings,nz breakers,nz breakers,Dejan Vasiljevic,dejan vasiljevic,threes,23.59372752121994,2.140754270986607,0,4,1.2062041097915537,183,0.6381830671188597,10,28.4333333333333,3.0500000000000007,0,limited_recent_participation,0,FALSE,10,,FALSE,rotation_sensitive,2026-10-04,available,last_completed_proxy,resolved,player_rate_shrunk_v1,2026-10-06 20:06:20 UTC
NBL,/matches/sydney-kings-v-nz-breakers-men-14-10-2026,2026-10-14,2026-10-14 07:30 PM AEDT,sydney kings,nz breakers,nz breakers,Charles Bediako,charles bediako,points,18.702344986332932,7.577575664109347,4,12,1.259259259259259,5,0.6073906929891233,5,21.6666666666667,1.2666666666666018,0,limited_recent_participation,0,FALSE,10,,FALSE,rotation_sensitive,2026-10-04,available,last_completed_proxy,resolved,player_rate_shrunk_v1,2026-10-06 20:06:20 UTC
NBL,/matches/sydney-kings-v-nz-breakers-men-14-10-2026,2026-10-14,2026-10-14 07:30 PM AEDT,sydney kings,nz breakers,nz breakers,Charles Bediako,charles bediako,rebounds,18.702344986332932,3.865730090803241,1,7,1.2,5,0.6073906929891233,5,21.6666666666667,1.2666666666666018,0,limited_recent_participation,0,FALSE,10,,FALSE,rotation_sensitive,2026-10-04,available,last_completed_proxy,resolved,player_rate_shrunk_v1,2026-10-06 20:06:20 UTC
NBL,/matches/sydney-kings-v-nz-breakers-men-14-10-2026,2026-10-14,2026-10-14 07:30 PM AEDT,sydney kings,nz breakers,nz breakers,Charles Bediako,charles bediako,assists,18.702344986332932,1.5772322068350135,-0,3,1.2,5,0.6073906929891233,5,21.6666666666667,1.2666666666666018,0,limited_recent_participation,0,FALSE,10,,FALSE,rotation_sensitive,2026-10-04,available,last_completed_proxy,resolved,player_rate_shrunk_v1,2026-10-06 20:06:20 UTC
NBL,/matches/sydney-kings-v-nz-breakers-men-14-10-2026,2026-10-14,2026-10-14 07:30 PM AEDT,sydney kings,nz breakers,nz breakers,Charles Bediako,charles bediako,threes,18.702344986332932,0.6800135423507243,-0,2,1.2,5,0.6073906929891233,5,21.6666666666667,1.2666666666666018,0,limited_recent_participation,0,FALSE,10,,FALSE,rotation_sensitive,2026-10-04,available,last_completed_proxy,resolved,player_rate_shrunk_v1,2026-10-06 20:06:20 UTC
NBL,/matches/sydney-kings-v-nz-breakers-men-14-10-2026,2026-10-14,2026-10-14 07:30 PM AEDT,sydney kings,nz breakers,nz breakers,Carlin Davison,carlin davison,points,17.177384548985756,6.337956740222826,1,13,4.217946345975948,48,0.634723838687895,10,19.525,2.991666666666701,0,limited_recent_participation,0,FALSE,10,,FALSE,rotation_sensitive,2026-10-04,available,last_completed_proxy,resolved,player_rate_shrunk_v1,2026-10-06 20:06:20 UTC
NBL,/matches/sydney-kings-v-nz-breakers-men-14-10-2026,2026-10-14,2026-10-14 07:30 PM AEDT,sydney kings,nz breakers,nz breakers,Carlin Davison,carlin davison,rebounds,17.177384548985756,3.395886576375345,1,7,1.8067251897039132,48,0.634723838687895,10,19.525,2.991666666666701,0,limited_recent_participation,0,FALSE,10,,FALSE,rotation_sensitive,2026-10-04,available,last_completed_proxy,resolved,player_rate_shrunk_v1,2026-10-06 20:06:20 UTC
NBL,/matches/sydney-kings-v-nz-breakers-men-14-10-2026,2026-10-14,2026-10-14 07:30 PM AEDT,sydney kings,nz breakers,nz breakers,Carlin Davison,carlin davison,assists,17.177384548985756,1.3837360225099842,-0,3,1.2,48,0.634723838687895,10,19.525,2.991666666666701,0,limited_recent_participation,0,FALSE,10,,FALSE,rotation_sensitive,2026-10-04,available,last_completed_proxy,resolved,player_rate_shrunk_v1,2026-10-06 20:06:20 UTC
NBL,/matches/sydney-kings-v-nz-breakers-men-14-10-2026,2026-10-14,2026-10-14 07:30 PM AEDT,sydney kings,nz breakers,nz breakers,Carlin Davison,carlin davison,threes,17.177384548985756,0.5305842669567826,-0,2,1.2,48,0.634723838687895,10,19.525,2.991666666666701,0,limited_recent_participation,0,FALSE,10,,FALSE,rotation_sensitive,2026-10-04,available,last_completed_proxy,resolved,player_rate_shrunk_v1,2026-10-06 20:06:20 UTC
NBL,/matches/sydney-kings-v-nz-breakers-men-14-10-2026,2026-10-14,2026-10-14 07:30 PM AEDT,sydney kings,nz breakers,nz breakers,Reuben Te Rangi,reuben te rangi,points,17.565817867932676,6.434236852467714,1,13,3.5898180280119583,194,0.6418950017794425,10,21.65,1.7833333333333012,0,limited_recent_participation,0,FALSE,10,,FALSE,rotation_sensitive,2026-10-04,available,last_completed_proxy,resolved,player_rate_shrunk_v1,2026-10-06 20:06:20 UTC
NBL,/matches/sydney-kings-v-nz-breakers-men-14-10-2026,2026-10-14,2026-10-14 07:30 PM AEDT,sydney kings,nz breakers,nz breakers,Reuben Te Rangi,reuben te rangi,rebounds,17.565817867932676,2.7489979458395943,1,5,1.3458190072117457,194,0.6418950017794425,10,21.65,1.7833333333333012,0,limited_recent_participation,0,FALSE,10,,FALSE,rotation_sensitive,2026-10-04,available,last_completed_proxy,resolved,player_rate_shrunk_v1,2026-10-06 20:06:20 UTC
NBL,/matches/sydney-kings-v-nz-breakers-men-14-10-2026,2026-10-14,2026-10-14 07:30 PM AEDT,sydney kings,nz breakers,nz breakers,Reuben Te Rangi,reuben te rangi,assists,17.565817867932676,0.8822949318268117,-0,2,1.2,194,0.6418950017794425,10,21.65,1.7833333333333012,0,limited_recent_participation,0,FALSE,10,,FALSE,rotation_sensitive,2026-10-04,available,last_completed_proxy,resolved,player_rate_shrunk_v1,2026-10-06 20:06:20 UTC
NBL,/matches/sydney-kings-v-nz-breakers-men-14-10-2026,2026-10-14,2026-10-14 07:30 PM AEDT,sydney kings,nz breakers,nz breakers,Reuben Te Rangi,reuben te rangi,threes,17.565817867932676,0.8504529073119326,-0,2,1.3029263664890902,194,0.6418950017794425,10,21.65,1.7833333333333012,0,limited_recent_participation,0,FALSE,10,,FALSE,rotation_sensitive,2026-10-04,available,last_completed_proxy,resolved,player_rate_shrunk_v1,2026-10-06 20:06:20 UTC
NBL,/matches/sydney-kings-v-nz-breakers-men-14-10-2026,2026-10-14,2026-10-14 07:30 PM AEDT,sydney kings,nz breakers,nz breakers,Izayah Le'Afa,izayah le'afa,points,13.436915551719206,3.823167000601078,0,9,4.5028641509998355,139,0.6248182659559267,10,13.95,3.5833333333333,0,limited_recent_participation,0,FALSE,10,,FALSE,rotation_sensitive,2026-10-04,available,last_completed_proxy,resolved,player_rate_shrunk_v1,2026-10-06 20:06:20 UTC
NBL,/matches/sydney-kings-v-nz-breakers-men-14-10-2026,2026-10-14,2026-10-14 07:30 PM AEDT,sydney kings,nz breakers,nz breakers,Izayah Le'Afa,izayah le'afa,rebounds,13.436915551719206,1.6317638500336187,-0,4,1.2,139,0.6248182659559267,10,13.95,3.5833333333333,0,limited_recent_participation,0,FALSE,10,,FALSE,rotation_sensitive,2026-10-04,available,last_completed_proxy,resolved,player_rate_shrunk_v1,2026-10-06 20:06:20 UTC
NBL,/matches/sydney-kings-v-nz-breakers-men-14-10-2026,2026-10-14,2026-10-14 07:30 PM AEDT,sydney kings,nz breakers,nz breakers,Izayah Le'Afa,izayah le'afa,assists,13.436915551719206,1.3079178113127061,-0,3,1.5651627016680338,139,0.6248182659559267,10,13.95,3.5833333333333,0,limited_recent_participation,0,FALSE,10,,FALSE,rotation_sensitive,2026-10-04,available,last_completed_proxy,resolved,player_rate_shrunk_v1,2026-10-06 20:06:20 UTC
NBL,/matches/sydney-kings-v-nz-breakers-men-14-10-2026,2026-10-14,2026-10-14 07:30 PM AEDT,sydney kings,nz breakers,nz breakers,Izayah Le'Afa,izayah le'afa,threes,13.436915551719206,0.6744517419371646,-0,2,1.2492473569978295,139,0.6248182659559267,10,13.95,3.5833333333333,0,limited_recent_participation,0,FALSE,10,,FALSE,rotation_sensitive,2026-10-04,available,last_completed_proxy,resolved,player_rate_shrunk_v1,2026-10-06 20:06:20 UTC
NBL,/matches/sydney-kings-v-nz-breakers-men-14-10-2026,2026-10-14,2026-10-14 07:30 PM AEDT,sydney kings,nz breakers,nz breakers,Kouat Noi,kouat noi,points,5.423680046036538,3.1999649813322795,0,8,4.576673187089563,171,0.5159378709440697,10,10.8333333333333,4.691666666666685,0,limited_recent_participation,0,FALSE,10,,FALSE,rotation_sensitive,2026-10-04,available,last_completed_proxy,resolved,player_rate_shrunk_v1,2026-10-06 20:06:20 UTC
NBL,/matches/sydney-kings-v-nz-breakers-men-14-10-2026,2026-10-14,2026-10-14 07:30 PM AEDT,sydney kings,nz breakers,nz breakers,Kouat Noi,kouat noi,rebounds,5.423680046036538,0.9802571818571226,-0,3,1.456125202374528,171,0.5159378709440697,10,10.8333333333333,4.691666666666685,0,limited_recent_participation,0,FALSE,10,,FALSE,rotation_sensitive,2026-10-04,available,last_completed_proxy,resolved,player_rate_shrunk_v1,2026-10-06 20:06:20 UTC
NBL,/matches/sydney-kings-v-nz-breakers-men-14-10-2026,2026-10-14,2026-10-14 07:30 PM AEDT,sydney kings,nz breakers,nz breakers,Kouat Noi,kouat noi,assists,5.423680046036538,0.2384592789377597,-0,1,1.2,171,0.5159378709440697,10,10.8333333333333,4.691666666666685,0,limited_recent_participation,0,FALSE,10,,FALSE,rotation_sensitive,2026-10-04,available,last_completed_proxy,resolved,player_rate_shrunk_v1,2026-10-06 20:06:20 UTC
NBL,/matches/sydney-kings-v-nz-breakers-men-14-10-2026,2026-10-14,2026-10-14 07:30 PM AEDT,sydney kings,nz breakers,nz breakers,Kouat Noi,kouat noi,threes,5.423680046036538,0.45696515387644265,-0,2,1.5937289453226227,171,0.5159378709440697,10,10.8333333333333,4.691666666666685,0,limited_recent_participation,0,FALSE,10,,FALSE,rotation_sensitive,2026-10-04,available,last_completed_proxy,resolved,player_rate_shrunk_v1,2026-10-06 20:06:20 UTC
NBL,/matches/sydney-kings-v-nz-breakers-men-14-10-2026,2026-10-14,2026-10-14 07:30 PM AEDT,sydney kings,nz breakers,nz breakers,Tukaha Cooper,tukaha cooper,points,15.925766076823479,7.25237853182708,3,12,1.5,1,0.18513075441077803,1,18.45,,0,limited_recent_participation,0,FALSE,237,,FALSE,rotation_sensitive,2026-10-04,cold_start,last_completed_proxy,resolved,player_rate_shrunk_v1,2026-10-06 20:06:20 UTC
NBL,/matches/sydney-kings-v-nz-breakers-men-14-10-2026,2026-10-14,2026-10-14 07:30 PM AEDT,sydney kings,nz breakers,nz breakers,Tukaha Cooper,tukaha cooper,rebounds,15.925766076823479,2.7597906490042927,0,5,1.5,1,0.18513075441077803,1,18.45,,0,limited_recent_participation,0,FALSE,237,,FALSE,rotation_sensitive,2026-10-04,cold_start,last_completed_proxy,resolved,player_rate_shrunk_v1,2026-10-06 20:06:20 UTC
NBL,/matches/sydney-kings-v-nz-breakers-men-14-10-2026,2026-10-14,2026-10-14 07:30 PM AEDT,sydney kings,nz breakers,nz breakers,Tukaha Cooper,tukaha cooper,assists,15.925766076823479,1.4176700050479076,-0,3,1.5,1,0.18513075441077803,1,18.45,,0,limited_recent_participation,0,FALSE,237,,FALSE,rotation_sensitive,2026-10-04,cold_start,last_completed_proxy,resolved,player_rate_shrunk_v1,2026-10-06 20:06:20 UTC
NBL,/matches/sydney-kings-v-nz-breakers-men-14-10-2026,2026-10-14,2026-10-14 07:30 PM AEDT,sydney kings,nz breakers,nz breakers,Tukaha Cooper,tukaha cooper,threes,15.925766076823479,0.7905991850912589,-0,2,1.5,1,0.18513075441077803,1,18.45,,0,limited_recent_participation,0,FALSE,237,,FALSE,rotation_sensitive,2026-10-04,cold_start,last_completed_proxy,resolved,player_rate_shrunk_v1,2026-10-06 20:06:20 UTC
NBL,/matches/sydney-kings-v-nz-breakers-men-14-10-2026,2026-10-14,2026-10-14 07:30 PM AEDT,sydney kings,nz breakers,nz breakers,Anzac Rissetto,anzac rissetto,points,7.998849086462383,3.6529830844080946,0,8,2.848523748395379,20,0.5696380654067349,10,6.949999999999999,2.8999999999999995,0,limited_recent_participation,0,FALSE,14,,FALSE,rotation_sensitive,2026-10-04,available,last_completed_proxy,resolved,player_rate_shrunk_v1,2026-10-06 20:06:20 UTC
NBL,/matches/sydney-kings-v-nz-breakers-men-14-10-2026,2026-10-14,2026-10-14 07:30 PM AEDT,sydney kings,nz breakers,nz breakers,Anzac Rissetto,anzac rissetto,rebounds,7.998849086462383,1.4554259728407684,-0,4,1.8026315789473684,20,0.5696380654067349,10,6.949999999999999,2.8999999999999995,0,limited_recent_participation,0,FALSE,14,,FALSE,rotation_sensitive,2026-10-04,available,last_completed_proxy,resolved,player_rate_shrunk_v1,2026-10-06 20:06:20 UTC
NBL,/matches/sydney-kings-v-nz-breakers-men-14-10-2026,2026-10-14,2026-10-14 07:30 PM AEDT,sydney kings,nz breakers,nz breakers,Anzac Rissetto,anzac rissetto,assists,7.998849086462383,0.7343273832909607,-0,2,1.2,20,0.5696380654067349,10,6.949999999999999,2.8999999999999995,0,limited_recent_participation,0,FALSE,14,,FALSE,rotation_sensitive,2026-10-04,available,last_completed_proxy,resolved,player_rate_shrunk_v1,2026-10-06 20:06:20 UTC
NBL,/matches/sydney-kings-v-nz-breakers-men-14-10-2026,2026-10-14,2026-10-14 07:30 PM AEDT,sydney kings,nz breakers,nz breakers,Anzac Rissetto,anzac rissetto,threes,7.998849086462383,0.38361165033734945,-0,1,1.2,20,0.5696380654067349,10,6.949999999999999,2.8999999999999995,0,limited_recent_participation,0,FALSE,14,,FALSE,rotation_sensitive,2026-10-04,available,last_completed_proxy,resolved,player_rate_shrunk_v1,2026-10-06 20:06:20 UTC
